"relative_path","category","bytes","last_write"
"archive\legacy_packages\paper_model_code_package.zip","archive","56416","2026-06-22T18:13:45"
"archive\legacy_packages\paper_model_code_package\00_data_download_NOAA_water_level_and_tide_2023_2025.py","archive","4572","2026-06-20T22:37:21"
"archive\legacy_packages\paper_model_code_package\01_data_process_NOAA_water_tide_residual.py","archive","3699","2026-06-20T22:55:35"
"archive\legacy_packages\paper_model_code_package\02_data_download_ERA5_wind_pressure_2023_2025.py","archive","1839","2026-06-20T23:34:02"
"archive\legacy_packages\paper_model_code_package\03_data_process_ERA5_station_hourly_features.py","archive","3649","2026-06-21T01:09:22"
"archive\legacy_packages\paper_model_code_package\04_data_download_Copernicus_surface_currents_2023_2025.py","archive","1773","2026-06-20T22:50:01"
"archive\legacy_packages\paper_model_code_package\05_data_process_Copernicus_current_wave_station_features.py","archive","8720","2026-06-20T23:22:54"
"archive\legacy_packages\paper_model_code_package\06_data_download_NOAA_COOPS_enhanced_local_forcing.py","archive","21370","2026-06-21T21:13:31"
"archive\legacy_packages\paper_model_code_package\10_physics_baseline_multistate_shallow_water_ODE.py","archive","23552","2026-06-21T12:09:47"
"archive\legacy_packages\paper_model_code_package\20_model_PhysicalLoss_GNN_BiGRU_multistate_V2.py","archive","38023","2026-06-21T15:49:08"
"archive\legacy_packages\paper_model_code_package\21_ablation_physics_states_eta_uv_wave_enhanced_forcing.py","archive","17617","2026-06-21T21:26:48"
"archive\legacy_packages\paper_model_code_package\22_ablation_physics_loss_weight_strategy_search.py","archive","24683","2026-06-21T22:42:21"
"archive\legacy_packages\paper_model_code_package\30_final_four_models_GNN_BiGRU_LearnableGraph_ODE_PhysicalLoss.py","archive","22989","2026-06-22T00:02:12"
"archive\legacy_packages\paper_model_code_package\31_final_validation_multiseed_horizon_extreme_event.py","archive","8154","2026-06-22T08:36:27"
"archive\legacy_packages\paper_model_code_package\32_optimization_top3_lambda_stride_extreme_weight.py","archive","12896","2026-06-22T14:41:48"
"archive\legacy_packages\paper_model_code_package\README.md","archive","2996","2026-06-22T18:13:45"
"archive\README_CN.md","archive","685","2026-07-19T16:15:27"
"archive\smoke_runs\_bench_adaptive_multiscale_gwn\config_screen.json","archive","1015","2026-07-14T12:14:18"
"archive\smoke_runs\_bench_adaptive_multiscale_gwn\screen\seed_42\adaptive_multiscale_ms\last_epoch_checkpoint.pt","archive","2342981","2026-07-14T12:21:26"
"archive\smoke_runs\_bench_adaptive_multiscale_gwn\screen\seed_42\adaptive_multiscale_ms\learned_adaptive_adjacency.csv","archive","495","2026-07-14T12:21:52"
"archive\smoke_runs\_bench_adaptive_multiscale_gwn\screen\seed_42\adaptive_multiscale_ms\learned_fusion_weights.json","archive","730","2026-07-14T12:21:52"
"archive\smoke_runs\_bench_adaptive_multiscale_gwn\screen\seed_42\adaptive_multiscale_ms\training_log.csv","archive","1895","2026-07-14T12:21:52"
"archive\smoke_runs\_bench_adaptive_multiscale_gwn\screen\seed_42\adaptive_multiscale_ms\validation_metrics.csv","archive","2291","2026-07-14T12:21:52"
"archive\smoke_runs\_bench_adaptive_multiscale_gwn\screen_all_runs.csv","archive","2254","2026-07-14T12:21:52"
"archive\smoke_runs\_bench_adaptive_multiscale_gwn\screen_mean_std.csv","archive","882","2026-07-14T12:21:52"
"archive\smoke_runs\_bench_adaptive_multiscale_gwn\screen_partial.csv","archive","2322","2026-07-14T12:21:52"
"archive\smoke_runs\_smoke_adaptive_multiscale_gwn\config_screen.json","archive","1016","2026-07-14T12:09:39"
"archive\smoke_runs\_smoke_adaptive_multiscale_gwn\screen\seed_42\adaptive_multiscale_ms\last_epoch_checkpoint.pt","archive","402945","2026-07-14T12:10:42"
"archive\smoke_runs\_smoke_adaptive_multiscale_gwn\screen\seed_42\adaptive_multiscale_ms\learned_adaptive_adjacency.csv","archive","494","2026-07-14T12:10:56"
"archive\smoke_runs\_smoke_adaptive_multiscale_gwn\screen\seed_42\adaptive_multiscale_ms\learned_fusion_weights.json","archive","397","2026-07-14T12:10:56"
"archive\smoke_runs\_smoke_adaptive_multiscale_gwn\screen\seed_42\adaptive_multiscale_ms\training_log.csv","archive","628","2026-07-14T12:10:56"
"archive\smoke_runs\_smoke_adaptive_multiscale_gwn\screen\seed_42\adaptive_multiscale_ms\validation_metrics.csv","archive","2288","2026-07-14T12:10:56"
"archive\smoke_runs\_smoke_adaptive_multiscale_gwn\screen_all_runs.csv","archive","2254","2026-07-14T12:10:56"
"archive\smoke_runs\_smoke_adaptive_multiscale_gwn\screen_mean_std.csv","archive","885","2026-07-14T12:10:56"
"archive\smoke_runs\_smoke_adaptive_multiscale_gwn\screen_partial.csv","archive","2320","2026-07-14T12:10:56"
"archive\smoke_runs\_smoke_adaptive_residual_gwn\adaptive_residual_gwn_comparison.png","archive","50934","2026-07-14T13:28:21"
"archive\smoke_runs\_smoke_adaptive_residual_gwn\all_runs.csv","archive","2427","2026-07-14T13:28:21"
"archive\smoke_runs\_smoke_adaptive_residual_gwn\experiment_config.json","archive","1043","2026-07-14T13:27:35"
"archive\smoke_runs\_smoke_adaptive_residual_gwn\mean_std_and_paired_tests.csv","archive","485","2026-07-14T13:28:21"
"archive\smoke_runs\_smoke_adaptive_residual_gwn\paired_seed_deltas.csv","archive","208","2026-07-14T13:28:21"
"archive\smoke_runs\_smoke_adaptive_residual_gwn\seed_42\last_epoch_checkpoint.pt","archive","2864187","2026-07-14T13:28:09"
"archive\smoke_runs\_smoke_adaptive_residual_gwn\seed_42\learned_adaptive_adjacency.csv","archive","487","2026-07-14T13:28:19"
"archive\smoke_runs\_smoke_adaptive_residual_gwn\seed_42\metrics.csv","archive","2461","2026-07-14T13:28:19"
"archive\smoke_runs\_smoke_adaptive_residual_gwn\seed_42\predictions.npz","archive","10260203","2026-07-14T13:28:21"
"archive\smoke_runs\_smoke_adaptive_residual_gwn\seed_42\training_log.csv","archive","1055","2026-07-14T13:28:19"
"archive\smoke_runs\_smoke_autoregressive_rolling\autoregressive_rolling_metrics.csv","archive","748","2026-07-10T21:15:52"
"archive\smoke_runs\_smoke_autoregressive_rolling\autoregressive_rolling_summary.md","archive","1742","2026-07-10T21:15:52"
"archive\smoke_runs\_smoke_autoregressive_rolling\autoregressive_vs_direct_comparison.csv","archive","1554","2026-07-10T21:15:52"
"archive\smoke_runs\_smoke_autoregressive_rolling\feature_cols_used.csv","archive","586","2026-07-10T21:13:56"
"archive\smoke_runs\_smoke_autoregressive_rolling\gnn_bigru\causal_hold_exog\extreme_case_rollout.png","archive","131158","2026-07-10T21:15:52"
"archive\smoke_runs\_smoke_autoregressive_rolling\gnn_bigru\causal_hold_exog\metrics.csv","archive","748","2026-07-10T21:15:48"
"archive\smoke_runs\_smoke_autoregressive_rolling\gnn_bigru\causal_hold_exog\predictions.npz","archive","43672","2026-07-10T21:15:48"
"archive\smoke_runs\_smoke_autoregressive_rolling\gnn_bigru\one_step_training_log.csv","archive","70","2026-07-10T21:15:34"
"archive\smoke_runs\_smoke_autoregressive_rolling\station_meta_used.csv","archive","263","2026-07-10T21:13:56"
"archive\smoke_runs\_smoke_block_bootstrap\block_bootstrap_by_seed.csv","archive","421","2026-07-11T16:58:18"
"archive\smoke_runs\_smoke_block_bootstrap\block_bootstrap_summary.csv","archive","267","2026-07-11T16:58:18"
"archive\smoke_runs\_smoke_block_bootstrap_v2\block_bootstrap_by_seed.csv","archive","1392","2026-07-11T17:01:32"
"archive\smoke_runs\_smoke_block_bootstrap_v2\block_bootstrap_summary.csv","archive","365","2026-07-11T17:01:32"
"archive\smoke_runs\_smoke_bootstrap_train_threshold\block_bootstrap_by_seed.csv","archive","1739","2026-07-11T17:14:40"
"archive\smoke_runs\_smoke_bootstrap_train_threshold\block_bootstrap_summary.csv","archive","362","2026-07-11T17:14:40"
"archive\smoke_runs\_smoke_event_metrics\event_metrics_all_runs.csv","archive","5131","2026-07-11T17:04:23"
"archive\smoke_runs\_smoke_event_metrics\event_metrics_by_station.csv","archive","7980","2026-07-11T17:04:23"
"archive\smoke_runs\_smoke_event_metrics\event_metrics_mean_std.csv","archive","969","2026-07-11T17:04:23"
"archive\smoke_runs\_smoke_event_station_threshold\event_metrics_all_runs.csv","archive","5315","2026-07-11T17:14:39"
"archive\smoke_runs\_smoke_event_station_threshold\event_metrics_by_station.csv","archive","11119","2026-07-11T17:14:39"
"archive\smoke_runs\_smoke_event_station_threshold\event_metrics_mean_std.csv","archive","1019","2026-07-11T17:14:39"
"archive\smoke_runs\_smoke_priority2_physics_gwn\experiment_config.json","archive","957","2026-07-13T15:45:04"
"archive\smoke_runs\_smoke_priority2_physics_gwn\feature_cols_used.csv","archive","582","2026-07-13T15:46:10"
"archive\smoke_runs\_smoke_priority2_physics_gwn\physics_cols_used.csv","archive","495","2026-07-13T15:46:10"
"archive\smoke_runs\_smoke_priority2_physics_gwn\priority2_physics_gwn_all_runs.csv","archive","4156","2026-07-13T15:56:12"
"archive\smoke_runs\_smoke_priority2_physics_gwn\priority2_physics_gwn_main_comparison.png","archive","173765","2026-07-13T15:56:15"
"archive\smoke_runs\_smoke_priority2_physics_gwn\priority2_physics_gwn_mean_std.csv","archive","1645","2026-07-13T15:56:12"
"archive\smoke_runs\_smoke_priority2_physics_gwn\priority2_physics_gwn_paired_deltas.csv","archive","2196","2026-07-13T15:56:12"
"archive\smoke_runs\_smoke_priority2_physics_gwn\priority2_physics_gwn_paired_terminal.png","archive","83672","2026-07-13T15:56:16"
"archive\smoke_runs\_smoke_priority2_physics_gwn\priority2_physics_gwn_paired_tests.csv","archive","2416","2026-07-13T15:56:12"
"archive\smoke_runs\_smoke_priority2_physics_gwn\priority2_physics_gwn_partial.csv","archive","4242","2026-07-13T15:56:11"
"archive\smoke_runs\_smoke_priority2_physics_gwn\priority2_physics_gwn_per_horizon.csv","archive","6320","2026-07-13T15:56:13"
"archive\smoke_runs\_smoke_priority2_physics_gwn\priority2_physics_gwn_per_horizon.png","archive","246086","2026-07-13T15:56:18"
"archive\smoke_runs\_smoke_priority2_physics_gwn\priority2_physics_gwn_per_station.csv","archive","2001","2026-07-13T15:56:13"
"archive\smoke_runs\_smoke_priority2_physics_gwn\PRIORITY2_PHYSICS_GWN_SUMMARY.md","archive","4380","2026-07-13T15:56:18"
"archive\smoke_runs\_smoke_priority2_physics_gwn\seed_42\horizon_24h\gwn_eta_only\best_checkpoint.pt","archive","759609","2026-07-13T15:49:37"
"archive\smoke_runs\_smoke_priority2_physics_gwn\seed_42\horizon_24h\gwn_eta_only\COMPLETE.json","archive","197","2026-07-13T15:49:37"
"archive\smoke_runs\_smoke_priority2_physics_gwn\seed_42\horizon_24h\gwn_eta_only\metrics.csv","archive","1931","2026-07-13T15:49:36"
"archive\smoke_runs\_smoke_priority2_physics_gwn\seed_42\horizon_24h\gwn_eta_only\predictions.npz","archive","2655072","2026-07-13T15:49:37"
"archive\smoke_runs\_smoke_priority2_physics_gwn\seed_42\horizon_24h\gwn_eta_only\training_log.csv","archive","279","2026-07-13T15:49:36"
"archive\smoke_runs\_smoke_priority2_physics_gwn\seed_42\horizon_24h\gwn_multistate_no_physics\best_checkpoint.pt","archive","780586","2026-07-13T15:52:37"
"archive\smoke_runs\_smoke_priority2_physics_gwn\seed_42\horizon_24h\gwn_multistate_no_physics\COMPLETE.json","archive","211","2026-07-13T15:52:37"
"archive\smoke_runs\_smoke_priority2_physics_gwn\seed_42\horizon_24h\gwn_multistate_no_physics\metrics.csv","archive","2305","2026-07-13T15:52:34"
"archive\smoke_runs\_smoke_priority2_physics_gwn\seed_42\horizon_24h\gwn_multistate_no_physics\predictions.npz","archive","10318707","2026-07-13T15:52:36"
"archive\smoke_runs\_smoke_priority2_physics_gwn\seed_42\horizon_24h\gwn_multistate_no_physics\training_log.csv","archive","948","2026-07-13T15:52:34"
"archive\smoke_runs\_smoke_priority2_physics_gwn\seed_42\horizon_24h\gwn_multistate_physics\best_checkpoint.pt","archive","780586","2026-07-13T15:56:11"
"archive\smoke_runs\_smoke_priority2_physics_gwn\seed_42\horizon_24h\gwn_multistate_physics\COMPLETE.json","archive","208","2026-07-13T15:56:11"
"archive\smoke_runs\_smoke_priority2_physics_gwn\seed_42\horizon_24h\gwn_multistate_physics\metrics.csv","archive","2302","2026-07-13T15:56:09"
"archive\smoke_runs\_smoke_priority2_physics_gwn\seed_42\horizon_24h\gwn_multistate_physics\predictions.npz","archive","10318651","2026-07-13T15:56:11"
"archive\smoke_runs\_smoke_priority2_physics_gwn\seed_42\horizon_24h\gwn_multistate_physics\training_log.csv","archive","3451","2026-07-13T15:56:09"
"archive\smoke_runs\_smoke_priority2_physics_gwn\state_scaling_used.csv","archive","177","2026-07-13T15:46:10"
"archive\smoke_runs\_smoke_priority2_physics_gwn\station_meta_used.csv","archive","263","2026-07-13T15:46:10"
"archive\smoke_runs\_smoke_priority2_resume\experiment_config.json","archive","918","2026-07-13T16:22:16"
"archive\smoke_runs\_smoke_priority2_resume\feature_cols_used.csv","archive","582","2026-07-13T16:23:22"
"archive\smoke_runs\_smoke_priority2_resume\physics_cols_used.csv","archive","495","2026-07-13T16:23:22"
"archive\smoke_runs\_smoke_priority2_resume\priority2_physics_gwn_all_runs.csv","archive","1902","2026-07-13T16:23:43"
"archive\smoke_runs\_smoke_priority2_resume\priority2_physics_gwn_main_comparison.png","archive","158612","2026-07-13T16:23:46"
"archive\smoke_runs\_smoke_priority2_resume\priority2_physics_gwn_mean_std.csv","archive","1097","2026-07-13T16:23:43"
"archive\smoke_runs\_smoke_priority2_resume\priority2_physics_gwn_paired_deltas.csv","archive","30","2026-07-13T16:23:43"
"archive\smoke_runs\_smoke_priority2_resume\priority2_physics_gwn_paired_tests.csv","archive","70","2026-07-13T16:23:43"
"archive\smoke_runs\_smoke_priority2_resume\priority2_physics_gwn_partial.csv","archive","1927","2026-07-13T16:23:43"
"archive\smoke_runs\_smoke_priority2_resume\priority2_physics_gwn_per_horizon.csv","archive","1945","2026-07-13T16:23:43"
"archive\smoke_runs\_smoke_priority2_resume\priority2_physics_gwn_per_horizon.png","archive","180166","2026-07-13T16:23:48"
"archive\smoke_runs\_smoke_priority2_resume\priority2_physics_gwn_per_station.csv","archive","667","2026-07-13T16:23:43"
"archive\smoke_runs\_smoke_priority2_resume\PRIORITY2_PHYSICS_GWN_SUMMARY.md","archive","2167","2026-07-13T16:23:48"
"archive\smoke_runs\_smoke_priority2_resume\seed_42\horizon_24h\gwn_eta_only\best_checkpoint.pt","archive","42041","2026-07-13T16:23:43"
"archive\smoke_runs\_smoke_priority2_resume\seed_42\horizon_24h\gwn_eta_only\COMPLETE.json","archive","195","2026-07-13T16:23:43"
"archive\smoke_runs\_smoke_priority2_resume\seed_42\horizon_24h\gwn_eta_only\COMPLETE_epoch1.json","archive","195","2026-07-13T16:07:19"
"archive\smoke_runs\_smoke_priority2_resume\seed_42\horizon_24h\gwn_eta_only\last_epoch_checkpoint.pt","archive","171007","2026-07-13T16:23:33"
"archive\smoke_runs\_smoke_priority2_resume\seed_42\horizon_24h\gwn_eta_only\metrics.csv","archive","1927","2026-07-13T16:23:42"
"archive\smoke_runs\_smoke_priority2_resume\seed_42\horizon_24h\gwn_eta_only\metrics_epoch1.csv","archive","1918","2026-07-13T16:07:17"
"archive\smoke_runs\_smoke_priority2_resume\seed_42\horizon_24h\gwn_eta_only\predictions.npz","archive","2669332","2026-07-13T16:23:43"
"archive\smoke_runs\_smoke_priority2_resume\seed_42\horizon_24h\gwn_eta_only\predictions_epoch1.npz","archive","2670285","2026-07-13T16:07:19"
"archive\smoke_runs\_smoke_priority2_resume\seed_42\horizon_24h\gwn_eta_only\training_log.csv","archive","278","2026-07-13T16:23:42"
"archive\smoke_runs\_smoke_priority2_resume\state_scaling_used.csv","archive","177","2026-07-13T16:23:22"
"archive\smoke_runs\_smoke_priority2_resume\station_meta_used.csv","archive","263","2026-07-13T16:23:22"
"archive\smoke_runs\_smoke_priority2_reuse_eta\experiment_config.json","archive","956","2026-07-13T17:56:46"
"archive\smoke_runs\_smoke_priority2_reuse_eta\experiment_config_seeds_42.json","archive","956","2026-07-13T17:56:46"
"archive\smoke_runs\_smoke_priority2_reuse_eta\feature_cols_used.csv","archive","582","2026-07-13T17:57:38"
"archive\smoke_runs\_smoke_priority2_reuse_eta\physics_cols_used.csv","archive","495","2026-07-13T17:57:38"
"archive\smoke_runs\_smoke_priority2_reuse_eta\priority2_physics_gwn_all_runs.csv","archive","1982","2026-07-13T17:57:38"
"archive\smoke_runs\_smoke_priority2_reuse_eta\priority2_physics_gwn_main_comparison.png","archive","165074","2026-07-13T17:57:42"
"archive\smoke_runs\_smoke_priority2_reuse_eta\priority2_physics_gwn_mean_std.csv","archive","1078","2026-07-13T17:57:38"
"archive\smoke_runs\_smoke_priority2_reuse_eta\priority2_physics_gwn_paired_deltas.csv","archive","30","2026-07-13T17:57:38"
"archive\smoke_runs\_smoke_priority2_reuse_eta\priority2_physics_gwn_paired_tests.csv","archive","70","2026-07-13T17:57:38"
"archive\smoke_runs\_smoke_priority2_reuse_eta\priority2_physics_gwn_partial.csv","archive","1983","2026-07-13T17:57:38"
"archive\smoke_runs\_smoke_priority2_reuse_eta\priority2_physics_gwn_per_horizon.csv","archive","1940","2026-07-13T17:57:38"
"archive\smoke_runs\_smoke_priority2_reuse_eta\priority2_physics_gwn_per_horizon.png","archive","143563","2026-07-13T17:57:43"
"archive\smoke_runs\_smoke_priority2_reuse_eta\priority2_physics_gwn_per_station.csv","archive","660","2026-07-13T17:57:38"
"archive\smoke_runs\_smoke_priority2_reuse_eta\PRIORITY2_PHYSICS_GWN_SUMMARY.md","archive","2167","2026-07-13T17:57:43"
"archive\smoke_runs\_smoke_priority2_reuse_eta\seed_42\horizon_24h\gwn_eta_only\COMPLETE.json","archive","340","2026-07-13T17:57:38"
"archive\smoke_runs\_smoke_priority2_reuse_eta\seed_42\horizon_24h\gwn_eta_only\metrics.csv","archive","1983","2026-07-13T17:57:38"
"archive\smoke_runs\_smoke_priority2_reuse_eta\seed_42\horizon_24h\gwn_eta_only\predictions.npz","archive","2556467","2026-07-12T08:26:32"
"archive\smoke_runs\_smoke_priority2_reuse_eta\seed_42\horizon_24h\gwn_eta_only\REUSED_PRIORITY1_BASELINE.json","archive","340","2026-07-13T17:57:38"
"archive\smoke_runs\_smoke_priority2_reuse_eta\seed_42\horizon_24h\gwn_eta_only\training_log.csv","archive","3359","2026-07-13T17:57:38"
"archive\smoke_runs\_smoke_priority2_reuse_eta\state_scaling_used.csv","archive","177","2026-07-13T17:57:38"
"archive\smoke_runs\_smoke_priority2_reuse_eta\station_meta_used.csv","archive","263","2026-07-13T17:57:38"
"archive\smoke_runs\_smoke_rolling_origin\rolling_origin_mean_std.csv","archive","318","2026-07-11T17:06:36"
"archive\smoke_runs\_smoke_rolling_origin\rolling_origin_metrics.csv","archive","1436","2026-07-11T17:06:36"
"archive\smoke_runs\_smoke_rolling_origin\rolling_origin_metrics_partial.csv","archive","1436","2026-07-11T17:06:36"
"archive\smoke_runs\_smoke_rolling_origin\test_2024_h2\seed_42\horizon_24h\gnn_bigru\metrics.csv","archive","1331","2026-07-11T17:06:35"
"archive\smoke_runs\_smoke_rolling_origin\test_2024_h2\seed_42\horizon_24h\gnn_bigru\predictions.npz","archive","3000209","2026-07-11T17:06:36"
"archive\smoke_runs\_smoke_rolling_origin\test_2024_h2\seed_42\horizon_24h\gnn_bigru\training_log.csv","archive","67","2026-07-11T17:06:35"
"archive\smoke_runs\_smoke_uncertainty\ensemble_uncertainty_metrics.csv","archive","758","2026-07-11T16:58:19"
"archive\smoke_runs\_smoke_uncertainty\gnn_bigru_ensemble_predictions.npz","archive","4654592","2026-07-11T16:58:18"
"archive\smoke_runs\_smoke_uncertainty\physical_loss_ensemble_predictions.npz","archive","4668607","2026-07-11T16:58:19"
"archive\smoke_runs\_smoke_uncertainty_v2\ensemble_uncertainty_metrics.csv","archive","770","2026-07-11T17:01:31"
"archive\smoke_runs\_smoke_uncertainty_v2\gnn_bigru_ensemble_predictions.npz","archive","4654521","2026-07-11T17:01:30"
"archive\smoke_runs\_smoke_uncertainty_v2\physical_loss_ensemble_predictions.npz","archive","4668873","2026-07-11T17:01:31"
"archive\smoke_runs\_smoke_uncertainty_v3\ensemble_uncertainty_metrics.csv","archive","1506","2026-07-11T17:05:03"
"archive\smoke_runs\_smoke_uncertainty_v3\gnn_bigru_ensemble_predictions.npz","archive","4654521","2026-07-11T17:05:02"
"archive\smoke_runs\_smoke_uncertainty_v3\physical_loss_ensemble_predictions.npz","archive","4668873","2026-07-11T17:05:03"
"archive\smoke_runs\v4_physics_loss_weight_strategy_search_probe\coops_features_used.csv","archive","237","2026-06-21T22:42:54"
"archive\smoke_runs\v4_physics_loss_weight_strategy_search_probe\horizon_24h\eta_uvW_lam0.0003_pgamma1\metrics.csv","archive","2083","2026-06-21T22:45:55"
"archive\smoke_runs\v4_physics_loss_weight_strategy_search_probe\horizon_24h\eta_uvW_lam0.0003_pgamma1\per_lead_metrics.csv","archive","2055","2026-06-21T22:45:55"
"archive\smoke_runs\v4_physics_loss_weight_strategy_search_probe\horizon_24h\eta_uvW_lam0.0003_pgamma1\predictions.npz","archive","10221670","2026-06-21T22:45:56"
"archive\smoke_runs\v4_physics_loss_weight_strategy_search_probe\horizon_24h\eta_uvW_lam0.0003_pgamma1\training_log.csv","archive","37797","2026-06-21T22:45:55"
"archive\smoke_runs\v4_physics_loss_weight_strategy_search_probe\horizon_24h\eta_uvW_lam0.0003_pgamma2\metrics.csv","archive","2078","2026-06-21T22:47:57"
"archive\smoke_runs\v4_physics_loss_weight_strategy_search_probe\horizon_24h\eta_uvW_lam0.0003_pgamma2\per_lead_metrics.csv","archive","2057","2026-06-21T22:47:57"
"archive\smoke_runs\v4_physics_loss_weight_strategy_search_probe\horizon_24h\eta_uvW_lam0.0003_pgamma2\predictions.npz","archive","10166230","2026-06-21T22:47:58"
"archive\smoke_runs\v4_physics_loss_weight_strategy_search_probe\horizon_24h\eta_uvW_lam0.0003_pgamma2\training_log.csv","archive","94108","2026-06-21T22:47:57"
"archive\smoke_runs\v4_physics_loss_weight_strategy_search_probe\horizon_24h\eta_uvW_lam0.0005_pgamma1\metrics.csv","archive","2078","2026-06-21T22:50:04"
"archive\smoke_runs\v4_physics_loss_weight_strategy_search_probe\horizon_24h\eta_uvW_lam0.0005_pgamma1\per_lead_metrics.csv","archive","2051","2026-06-21T22:50:04"
"archive\smoke_runs\v4_physics_loss_weight_strategy_search_probe\horizon_24h\eta_uvW_lam0.0005_pgamma1\predictions.npz","archive","10156412","2026-06-21T22:50:06"
"archive\smoke_runs\v4_physics_loss_weight_strategy_search_probe\horizon_24h\eta_uvW_lam0.0005_pgamma1\training_log.csv","archive","75427","2026-06-21T22:50:04"
"archive\smoke_runs\v4_physics_loss_weight_strategy_search_probe\horizon_24h\eta_uvW_lam0.0005_pgamma2\metrics.csv","archive","2085","2026-06-21T22:51:38"
"archive\smoke_runs\v4_physics_loss_weight_strategy_search_probe\horizon_24h\eta_uvW_lam0.0005_pgamma2\per_lead_metrics.csv","archive","2054","2026-06-21T22:51:38"
"archive\smoke_runs\v4_physics_loss_weight_strategy_search_probe\horizon_24h\eta_uvW_lam0.0005_pgamma2\predictions.npz","archive","10179114","2026-06-21T22:51:40"
"archive\smoke_runs\v4_physics_loss_weight_strategy_search_probe\horizon_24h\eta_uvW_lam0.0005_pgamma2\training_log.csv","archive","47256","2026-06-21T22:51:38"
"archive\smoke_runs\v4_physics_loss_weight_strategy_search_probe\horizon_24h\no_physics_same_weighted_data\metrics.csv","archive","2082","2026-06-21T22:44:55"
"archive\smoke_runs\v4_physics_loss_weight_strategy_search_probe\horizon_24h\no_physics_same_weighted_data\per_lead_metrics.csv","archive","2054","2026-06-21T22:44:55"
"archive\smoke_runs\v4_physics_loss_weight_strategy_search_probe\horizon_24h\no_physics_same_weighted_data\predictions.npz","archive","10157974","2026-06-21T22:44:56"
"archive\smoke_runs\v4_physics_loss_weight_strategy_search_probe\horizon_24h\no_physics_same_weighted_data\training_log.csv","archive","35960","2026-06-21T22:44:55"
"archive\smoke_runs\v4_physics_loss_weight_strategy_search_probe\station_meta_used.csv","archive","263","2026-06-21T22:42:54"
"archive\smoke_runs\v4_physics_loss_weight_strategy_search_probe\v4_gain_vs_no_physics.csv","archive","532","2026-06-21T22:51:40"
"archive\smoke_runs\v4_physics_loss_weight_strategy_search_probe\v4_horizon_24h_strategy_ranking.png","archive","97363","2026-06-21T22:51:40"
"archive\smoke_runs\v4_physics_loss_weight_strategy_search_probe\v4_strategy_search_key_metrics.csv","archive","1306","2026-06-21T22:51:40"
"archive\smoke_runs\v4_physics_loss_weight_strategy_search_probe\v4_strategy_search_metrics.csv","archive","6222","2026-06-21T22:51:40"
"archive\smoke_runs\v4_physics_loss_weight_strategy_search_probe\v4_strategy_search_metrics_partial.csv","archive","6222","2026-06-21T22:51:40"
"archive\smoke_runs\v4_physics_loss_weight_strategy_search_probe2\coops_features_used.csv","archive","237","2026-06-21T22:52:29"
"archive\smoke_runs\v4_physics_loss_weight_strategy_search_probe2\horizon_24h\eta_uvW_lam0.0001_pgamma0\metrics.csv","archive","2079","2026-06-21T23:07:27"
"archive\smoke_runs\v4_physics_loss_weight_strategy_search_probe2\horizon_24h\eta_uvW_lam0.0001_pgamma0\per_lead_metrics.csv","archive","2056","2026-06-21T23:07:27"
"archive\smoke_runs\v4_physics_loss_weight_strategy_search_probe2\horizon_24h\eta_uvW_lam0.0001_pgamma0\predictions.npz","archive","10149239","2026-06-21T23:07:28"
"archive\smoke_runs\v4_physics_loss_weight_strategy_search_probe2\horizon_24h\eta_uvW_lam0.0001_pgamma0\training_log.csv","archive","113218","2026-06-21T23:07:27"
"archive\smoke_runs\v4_physics_loss_weight_strategy_search_probe2\horizon_24h\eta_uvW_lam0.0001_pgamma1\metrics.csv","archive","2079","2026-06-21T23:10:02"
"archive\smoke_runs\v4_physics_loss_weight_strategy_search_probe2\horizon_24h\eta_uvW_lam0.0001_pgamma1\per_lead_metrics.csv","archive","2055","2026-06-21T23:10:02"
"archive\smoke_runs\v4_physics_loss_weight_strategy_search_probe2\horizon_24h\eta_uvW_lam0.0001_pgamma1\predictions.npz","archive","10146444","2026-06-21T23:10:03"
"archive\smoke_runs\v4_physics_loss_weight_strategy_search_probe2\horizon_24h\eta_uvW_lam0.0001_pgamma1\training_log.csv","archive","125894","2026-06-21T23:10:02"
"archive\smoke_runs\v4_physics_loss_weight_strategy_search_probe2\horizon_24h\eta_uvW_lam0.0002_pgamma0\metrics.csv","archive","2086","2026-06-21T23:12:16"
"archive\smoke_runs\v4_physics_loss_weight_strategy_search_probe2\horizon_24h\eta_uvW_lam0.0002_pgamma0\per_lead_metrics.csv","archive","2054","2026-06-21T23:12:16"
"archive\smoke_runs\v4_physics_loss_weight_strategy_search_probe2\horizon_24h\eta_uvW_lam0.0002_pgamma0\predictions.npz","archive","10156782","2026-06-21T23:12:17"
"archive\smoke_runs\v4_physics_loss_weight_strategy_search_probe2\horizon_24h\eta_uvW_lam0.0002_pgamma0\training_log.csv","archive","109925","2026-06-21T23:12:16"
"archive\smoke_runs\v4_physics_loss_weight_strategy_search_probe2\horizon_24h\eta_uvW_lam0.0002_pgamma1\metrics.csv","archive","2082","2026-06-21T23:14:29"
"archive\smoke_runs\v4_physics_loss_weight_strategy_search_probe2\horizon_24h\eta_uvW_lam0.0002_pgamma1\per_lead_metrics.csv","archive","2056","2026-06-21T23:14:29"
"archive\smoke_runs\v4_physics_loss_weight_strategy_search_probe2\horizon_24h\eta_uvW_lam0.0002_pgamma1\predictions.npz","archive","10148537","2026-06-21T23:14:29"
"archive\smoke_runs\v4_physics_loss_weight_strategy_search_probe2\horizon_24h\eta_uvW_lam0.0002_pgamma1\training_log.csv","archive","103611","2026-06-21T23:14:29"
"archive\smoke_runs\v4_physics_loss_weight_strategy_search_probe2\horizon_24h\eta_uvW_lam0.0003_pgamma0\metrics.csv","archive","2079","2026-06-21T23:16:16"
"archive\smoke_runs\v4_physics_loss_weight_strategy_search_probe2\horizon_24h\eta_uvW_lam0.0003_pgamma0\per_lead_metrics.csv","archive","2057","2026-06-21T23:16:16"
"archive\smoke_runs\v4_physics_loss_weight_strategy_search_probe2\horizon_24h\eta_uvW_lam0.0003_pgamma0\predictions.npz","archive","10136876","2026-06-21T23:16:17"
"archive\smoke_runs\v4_physics_loss_weight_strategy_search_probe2\horizon_24h\eta_uvW_lam0.0003_pgamma0\training_log.csv","archive","124994","2026-06-21T23:16:16"
"archive\smoke_runs\v4_physics_loss_weight_strategy_search_probe2\horizon_24h\eta_uvW_lam0.0003_pgamma1\metrics.csv","archive","2077","2026-06-21T23:26:37"
"archive\smoke_runs\v4_physics_loss_weight_strategy_search_probe2\horizon_24h\eta_uvW_lam0.0003_pgamma1\per_lead_metrics.csv","archive","2060","2026-06-21T23:26:37"
"archive\smoke_runs\v4_physics_loss_weight_strategy_search_probe2\horizon_24h\eta_uvW_lam0.0003_pgamma1\predictions.npz","archive","10136815","2026-06-21T23:26:39"
"archive\smoke_runs\v4_physics_loss_weight_strategy_search_probe2\horizon_24h\eta_uvW_lam0.0003_pgamma1\training_log.csv","archive","124941","2026-06-21T23:26:37"
"archive\smoke_runs\v4_physics_loss_weight_strategy_search_probe2\horizon_24h\eta_uvW_lam5e-05_pgamma0\metrics.csv","archive","2084","2026-06-21T22:59:50"
"archive\smoke_runs\v4_physics_loss_weight_strategy_search_probe2\horizon_24h\eta_uvW_lam5e-05_pgamma0\per_lead_metrics.csv","archive","2052","2026-06-21T22:59:50"
"archive\smoke_runs\v4_physics_loss_weight_strategy_search_probe2\horizon_24h\eta_uvW_lam5e-05_pgamma0\predictions.npz","archive","10157625","2026-06-21T22:59:52"
"archive\smoke_runs\v4_physics_loss_weight_strategy_search_probe2\horizon_24h\eta_uvW_lam5e-05_pgamma0\training_log.csv","archive","125752","2026-06-21T22:59:50"
"archive\smoke_runs\v4_physics_loss_weight_strategy_search_probe2\horizon_24h\eta_uvW_lam5e-05_pgamma1\metrics.csv","archive","2080","2026-06-21T23:05:02"
"archive\smoke_runs\v4_physics_loss_weight_strategy_search_probe2\horizon_24h\eta_uvW_lam5e-05_pgamma1\per_lead_metrics.csv","archive","2060","2026-06-21T23:05:03"
"archive\smoke_runs\v4_physics_loss_weight_strategy_search_probe2\horizon_24h\eta_uvW_lam5e-05_pgamma1\predictions.npz","archive","10144186","2026-06-21T23:05:04"
"archive\smoke_runs\v4_physics_loss_weight_strategy_search_probe2\horizon_24h\eta_uvW_lam5e-05_pgamma1\training_log.csv","archive","125642","2026-06-21T23:05:02"
"archive\smoke_runs\v4_physics_loss_weight_strategy_search_probe2\horizon_24h\no_physics_same_weighted_data\metrics.csv","archive","2086","2026-06-21T22:56:08"
"archive\smoke_runs\v4_physics_loss_weight_strategy_search_probe2\horizon_24h\no_physics_same_weighted_data\per_lead_metrics.csv","archive","2054","2026-06-21T22:56:08"
"archive\smoke_runs\v4_physics_loss_weight_strategy_search_probe2\horizon_24h\no_physics_same_weighted_data\predictions.npz","archive","10138498","2026-06-21T22:56:10"
"archive\smoke_runs\v4_physics_loss_weight_strategy_search_probe2\horizon_24h\no_physics_same_weighted_data\training_log.csv","archive","44900","2026-06-21T22:56:08"
"archive\smoke_runs\v4_physics_loss_weight_strategy_search_probe2\station_meta_used.csv","archive","263","2026-06-21T22:52:29"
"archive\smoke_runs\v4_physics_loss_weight_strategy_search_probe2\v4_gain_vs_no_physics.csv","archive","899","2026-06-21T23:26:39"
"archive\smoke_runs\v4_physics_loss_weight_strategy_search_probe2\v4_horizon_24h_strategy_ranking.png","archive","126397","2026-06-21T23:26:39"
"archive\smoke_runs\v4_physics_loss_weight_strategy_search_probe2\v4_strategy_search_key_metrics.csv","archive","2139","2026-06-21T23:26:39"
"archive\smoke_runs\v4_physics_loss_weight_strategy_search_probe2\v4_strategy_search_metrics.csv","archive","10364","2026-06-21T23:26:39"
"archive\smoke_runs\v4_physics_loss_weight_strategy_search_probe2\v4_strategy_search_metrics_partial.csv","archive","10364","2026-06-21T23:26:39"
"autodl_bundle\sea_level\autodl\AUTODL_RUNBOOK_CN.md","autodl_bundle","5468","2026-07-12T12:26:30"
"autodl_bundle\sea_level\autodl\requirements.txt","autodl_bundle","71","2026-07-11T17:27:43"
"autodl_bundle\sea_level\autodl\run_baseline_worker.sh","autodl_bundle","1165","2026-07-11T17:54:07"
"autodl_bundle\sea_level\autodl\run_lambda_worker.sh","autodl_bundle","1091","2026-07-11T17:54:05"
"autodl_bundle\sea_level\autodl\run_priority1_graph_worker.sh","autodl_bundle","1146","2026-07-12T08:17:16"
"autodl_bundle\sea_level\autodl\run_priority2_sensitivity_worker.sh","autodl_bundle","1350","2026-07-12T12:13:28"
"autodl_bundle\sea_level\autodl\run_publication_worker.sh","autodl_bundle","2704","2026-07-11T17:54:12"
"autodl_bundle\sea_level\autodl\setup_autodl.sh","autodl_bundle","1523","2026-07-12T08:51:23"
"autodl_bundle\sea_level\data\processed\gebco_station_depth.csv","autodl_bundle","1082","2026-05-24T20:24:03"
"autodl_bundle\sea_level\data\processed_multiyear_2023_2025\era5_station_hourly.csv","autodl_bundle","24070321","2026-06-21T01:10:07"
"autodl_bundle\sea_level\data\processed_multiyear_2023_2025\noaa_coops_met_station_hourly.csv","autodl_bundle","16893105","2026-06-21T21:17:00"
"autodl_bundle\sea_level\data\processed_multiyear_2023_2025\surface_currents_station_daily.csv","autodl_bundle","1031673","2026-06-20T23:23:05"
"autodl_bundle\sea_level\data\processed_multiyear_2023_2025\water_tide_residual_long.csv","autodl_bundle","12302740","2026-06-20T22:55:46"
"autodl_bundle\sea_level\data\processed_multiyear_2023_2025\wave_direction_speed_station_3hourly.csv","autodl_bundle","12182236","2026-06-20T23:23:07"
"autodl_bundle\sea_level\scripts\100_merge_autodl_results.py","autodl_bundle","4744","2026-07-11T17:44:25"
"autodl_bundle\sea_level\scripts\101_priority1_publication_experiments.py","autodl_bundle","24747","2026-07-12T08:19:02"
"autodl_bundle\sea_level\scripts\102_priority2_publication_experiments.py","autodl_bundle","19419","2026-07-12T10:10:00"
"autodl_bundle\sea_level\scripts\74_multistate_physics_loss_gnn_bigru_v2.py","autodl_bundle","38023","2026-06-21T15:49:08"
"autodl_bundle\sea_level\scripts\76_enhanced_forcing_physics_loss_ablation_v3.py","autodl_bundle","17617","2026-06-21T21:26:48"
"autodl_bundle\sea_level\scripts\77_v4_physics_loss_weight_strategy_search.py","autodl_bundle","24683","2026-06-21T22:42:21"
"autodl_bundle\sea_level\scripts\78_final_four_models_enhanced_data.py","autodl_bundle","22989","2026-06-22T00:02:12"
"autodl_bundle\sea_level\scripts\80_priority_top3_convincing_experiments.py","autodl_bundle","12896","2026-06-22T14:41:48"
"autodl_bundle\sea_level\scripts\84_causal_preprocessing_robustness.py","autodl_bundle","11802","2026-07-02T08:57:10"
"autodl_bundle\sea_level\scripts\85_simple_baselines_for_paper.py","autodl_bundle","13939","2026-07-02T09:36:41"
"autodl_bundle\sea_level\scripts\94_event_based_extreme_evaluation.py","autodl_bundle","7897","2026-07-11T17:13:32"
"autodl_bundle\sea_level\scripts\95_block_bootstrap_significance.py","autodl_bundle","6865","2026-07-11T17:13:34"
"autodl_bundle\sea_level\scripts\96_rolling_origin_validation.py","autodl_bundle","10053","2026-07-11T16:55:45"
"数据整理\100_merge_autodl_results.py","code_and_experiments","4744","2026-07-11T17:44:25"
"数据整理\101_priority1_publication_experiments.py","code_and_experiments","24747","2026-07-12T08:19:02"
"数据整理\102_priority2_publication_experiments.py","code_and_experiments","19419","2026-07-12T10:10:00"
"数据整理\103_priority1_existing_evidence_analysis.py","code_and_experiments","15242","2026-07-13T15:19:15"
"数据整理\104_priority2_physics_graph_wavenet.py","code_and_experiments","39253","2026-07-14T02:29:29"
"数据整理\105_adaptive_multiscale_graph_wavenet.py","code_and_experiments","22066","2026-07-14T12:08:41"
"数据整理\106_smooth_horizon_gated_gwn.py","code_and_experiments","15227","2026-07-14T13:13:00"
"数据整理\107_adaptive_residual_gwn_adapter.py","code_and_experiments","21134","2026-07-14T13:33:16"
"数据整理\108_horizon_specialized_dual_task_gwn.py","code_and_experiments","11977","2026-07-14T13:51:47"
"数据整理\133_merge_corrected_bigru_ladder.py","code_and_experiments","13623","2026-07-27T23:54:42"
"数据整理\51 GNN BiGRU task mode ablation..py","code_and_experiments","11641","2026-06-15T10:27:54"
"数据整理\52_GNN_BiGRU_real_NOAA_task_mode.py","code_and_experiments","37512","2026-06-15T14:52:27"
"数据整理\53_GNN_BiGRU_feature_ablation.py","code_and_experiments","37657","2026-06-15T18:17:58"
"数据整理\54_GNN_BiGRU_graph_ablation.py","code_and_experiments","38380","2026-06-15T23:20:54"
"数据整理\55_GNN_BiGRU_final_selected_config.py","code_and_experiments","41914","2026-06-16T08:35:36"
"数据整理\56_GNN_BiGRU_learnable_graph_fusion.py","code_and_experiments","42612","2026-06-16T09:48:02"
"数据整理\56_GNN_BiGRU_learnable_graph_fusion_v2.py","code_and_experiments","46536","2026-06-16T10:13:25"
"数据整理\57_GNN_BiGRU_prior_learnable_graph_fusion.py","code_and_experiments","47778","2026-06-16T13:25:44"
"数据整理\58_physics_multi_ode_baselines.py","code_and_experiments","41706","2026-06-16T15:17:22"
"数据整理\59_physics_guided_learnable_graph_gnn_bigru.py","code_and_experiments","61392","2026-06-16T14:34:13"
"数据整理\60_final_model_comparison_summary.py","code_and_experiments","27389","2026-06-16T15:13:05"
"数据整理\61_physics_informed_loss_gnn_bigru.py","code_and_experiments","43449","2026-06-16T22:09:35"
"数据整理\62_optimized_physics_loss_gnn_bigru.py","code_and_experiments","54473","2026-06-16T23:14:47"
"数据整理\63_make_project_zip.py","code_and_experiments","11320","2026-06-17T00:15:15"
"数据整理\64_make_wave_direction_speed.py","code_and_experiments","2687","2026-06-19T21:08:55"
"数据整理\65_download_copernicus_surface_currents.py","code_and_experiments","1244","2026-06-19T21:57:38"
"数据整理\66_make_station_surface_currents.py","code_and_experiments","3873","2026-06-19T22:06:55"
"数据整理\67_download_noaa_multiyear_raw.py","code_and_experiments","4572","2026-06-20T22:37:21"
"数据整理\68_download_copernicus_currents_multiyear.py","code_and_experiments","1773","2026-06-20T22:50:01"
"数据整理\69_make_noaa_multiyear_residual.py","code_and_experiments","3699","2026-06-20T22:55:35"
"数据整理\70_download_era5_multiyear.py","code_and_experiments","1839","2026-06-20T23:34:02"
"数据整理\71_make_copernicus_multiyear_station_features.py","code_and_experiments","8720","2026-06-20T23:22:54"
"数据整理\72_make_era5_multiyear_station_features.py","code_and_experiments","3649","2026-06-21T01:09:22"
"数据整理\73_multistate_graph_shallow_water_baseline.py","code_and_experiments","23552","2026-06-21T12:09:47"
"数据整理\74_multistate_physics_loss_gnn_bigru_v2.py","code_and_experiments","38422","2026-07-27T22:13:22"
"数据整理\75_download_noaa_ndbc_enhanced_forcing.py","code_and_experiments","21370","2026-06-21T21:13:31"
"数据整理\76_enhanced_forcing_physics_loss_ablation_v3.py","code_and_experiments","17617","2026-06-21T21:26:48"
"数据整理\77_v4_physics_loss_weight_strategy_search.py","code_and_experiments","24683","2026-06-21T22:42:21"
"数据整理\78_final_four_models_enhanced_data.py","code_and_experiments","23531","2026-07-27T22:17:22"
"数据整理\79_run_final_validation_tasks.py","code_and_experiments","8300","2026-07-11T17:08:12"
"数据整理\80_priority_top3_convincing_experiments.py","code_and_experiments","12896","2026-06-22T14:41:48"
"数据整理\81_markdown_summary_to_docx.py","code_and_experiments","9144","2026-06-22T18:00:57"
"数据整理\82_package_paper_model_code.py","code_and_experiments","5113","2026-06-22T18:14:08"
"数据整理\83_package_paper_model_code_clean.py","code_and_experiments","3977","2026-06-22T18:15:39"
"数据整理\84_causal_preprocessing_robustness.py","code_and_experiments","11802","2026-07-02T08:57:10"
"数据整理\85_simple_baselines_for_paper.py","code_and_experiments","13939","2026-07-02T09:36:41"
"数据整理\86_journal_longrun_experiments.py","code_and_experiments","10394","2026-07-03T08:33:25"
"数据整理\87_cycle_consistent_gnn_bigru.py","code_and_experiments","19604","2026-07-05T11:03:01"
"数据整理\88_cycle_paper_longrun_experiments.py","code_and_experiments","16433","2026-07-07T19:45:30"
"数据整理\89_cycle_component_ablation.py","code_and_experiments","7303","2026-07-08T08:32:24"
"数据整理\90_publication_strengthening_analysis.py","code_and_experiments","13225","2026-07-10T11:54:15"
"数据整理\91_prepare_training_env.py","code_and_experiments","2687","2026-07-10T13:53:40"
"数据整理\92_autoregressive_rolling_baseline.py","code_and_experiments","18425","2026-07-12T16:20:25"
"数据整理\93_multiseed_physics_ablation.py","code_and_experiments","4718","2026-07-11T16:52:32"
"数据整理\94_event_based_extreme_evaluation.py","code_and_experiments","7897","2026-07-11T17:13:32"
"数据整理\95_block_bootstrap_significance.py","code_and_experiments","6865","2026-07-11T17:13:34"
"数据整理\96_rolling_origin_validation.py","code_and_experiments","10053","2026-07-11T16:55:45"
"数据整理\97_ensemble_uncertainty_calibration.py","code_and_experiments","6267","2026-07-11T17:03:24"
"数据整理\98_validation_only_hyperparameter_lock.py","code_and_experiments","2419","2026-07-11T17:08:15"
"数据整理\99_prepare_autodl_bundle.py","code_and_experiments","2360","2026-07-12T08:51:21"
"数据整理\outputs\_dryrun_ablation\command_manifest.txt","code_and_experiments","438","2026-07-11T17:15:36"
"数据整理\outputs\_dryrun_causal\causal_coops_features_used.csv","code_and_experiments","228","2026-07-10T13:55:19"
"数据整理\outputs\_dryrun_causal\causal_final_key_metrics.csv","code_and_experiments","526","2026-07-10T13:56:40"
"数据整理\outputs\_dryrun_causal\causal_final_metrics.csv","code_and_experiments","2433","2026-07-10T13:56:40"
"数据整理\outputs\_dryrun_causal\causal_final_metrics_partial.csv","code_and_experiments","2433","2026-07-10T13:56:40"
"数据整理\outputs\_dryrun_causal\causal_preprocessing_array_audit.csv","code_and_experiments","1097","2026-07-10T13:55:19"
"数据整理\outputs\_dryrun_causal\horizon_24h\gnn_bigru\metrics.csv","code_and_experiments","1338","2026-07-10T13:56:01"
"数据整理\outputs\_dryrun_causal\horizon_24h\gnn_bigru\predictions.npz","code_and_experiments","2545057","2026-07-10T13:56:02"
"数据整理\outputs\_dryrun_causal\horizon_24h\gnn_bigru\training_log.csv","code_and_experiments","70","2026-07-10T13:56:01"
"数据整理\outputs\_dryrun_causal\horizon_24h\physical_loss\metrics.csv","code_and_experiments","1814","2026-07-10T13:56:38"
"数据整理\outputs\_dryrun_causal\horizon_24h\physical_loss\predictions.npz","code_and_experiments","10038302","2026-07-10T13:56:40"
"数据整理\outputs\_dryrun_causal\horizon_24h\physical_loss\training_log.csv","code_and_experiments","2554","2026-07-10T13:56:38"
"数据整理\outputs\_dryrun_journal\command_manifest.txt","code_and_experiments","1126","2026-07-10T13:54:51"
"数据整理\outputs\_dryrun_physics_ablation\command_manifest.txt","code_and_experiments","446","2026-07-11T16:58:15"
"数据整理\outputs\_dryrun_priority\coops_features_used.csv","code_and_experiments","237","2026-07-10T13:55:19"
"数据整理\outputs\_dryrun_priority\experiment_plan.csv","code_and_experiments","272","2026-07-10T13:55:19"
"数据整理\outputs\_dryrun_priority\horizon_24h\baseline_current_physics_loss\metrics.csv","code_and_experiments","2087","2026-07-10T13:56:05"
"数据整理\outputs\_dryrun_priority\horizon_24h\baseline_current_physics_loss\per_lead_metrics.csv","code_and_experiments","2059","2026-07-10T13:56:06"
"数据整理\outputs\_dryrun_priority\horizon_24h\baseline_current_physics_loss\predictions.npz","code_and_experiments","10228445","2026-07-10T13:56:08"
"数据整理\outputs\_dryrun_priority\horizon_24h\baseline_current_physics_loss\training_log.csv","code_and_experiments","2553","2026-07-10T13:56:05"
"数据整理\outputs\_dryrun_priority\priority_top3_best_by_family.png","code_and_experiments","54860","2026-07-10T13:56:09"
"数据整理\outputs\_dryrun_priority\priority_top3_horizon_24h_ranking.png","code_and_experiments","64617","2026-07-10T13:56:09"
"数据整理\outputs\_dryrun_priority\priority_top3_key_metrics.csv","code_and_experiments","544","2026-07-10T13:56:08"
"数据整理\outputs\_dryrun_priority\priority_top3_metrics.csv","code_and_experiments","2444","2026-07-10T13:56:08"
"数据整理\outputs\_dryrun_priority\priority_top3_metrics_partial.csv","code_and_experiments","2172","2026-07-10T13:56:08"
"数据整理\outputs\_dryrun_priority\station_meta_used.csv","code_and_experiments","263","2026-07-10T13:55:19"
"数据整理\outputs\autoregressive_rolling_baseline\autoregressive_rolling_metrics.csv","code_and_experiments","1963","2026-07-11T12:31:48"
"数据整理\outputs\autoregressive_rolling_baseline\autoregressive_rolling_summary.md","code_and_experiments","3245","2026-07-11T12:31:48"
"数据整理\outputs\autoregressive_rolling_baseline\autoregressive_vs_direct_comparison.csv","code_and_experiments","2787","2026-07-11T12:31:48"
"数据整理\outputs\autoregressive_rolling_baseline\feature_cols_used.csv","code_and_experiments","586","2026-07-10T22:47:17"
"数据整理\outputs\autoregressive_rolling_baseline\gnn_bigru\causal_hold_exog\extreme_case_rollout.png","code_and_experiments","103231","2026-07-11T03:57:58"
"数据整理\outputs\autoregressive_rolling_baseline\gnn_bigru\causal_hold_exog\metrics.csv","code_and_experiments","748","2026-07-11T03:57:27"
"数据整理\outputs\autoregressive_rolling_baseline\gnn_bigru\causal_hold_exog\predictions.npz","code_and_experiments","2536538","2026-07-11T03:57:28"
"数据整理\outputs\autoregressive_rolling_baseline\gnn_bigru\one_step_training_log.csv","code_and_experiments","2866","2026-07-11T02:27:29"
"数据整理\outputs\autoregressive_rolling_baseline\gnn_bigru\oracle_future_exog\extreme_case_rollout.png","code_and_experiments","105075","2026-07-11T05:30:01"
"数据整理\outputs\autoregressive_rolling_baseline\gnn_bigru\oracle_future_exog\metrics.csv","code_and_experiments","748","2026-07-11T05:29:58"
"数据整理\outputs\autoregressive_rolling_baseline\gnn_bigru\oracle_future_exog\predictions.npz","code_and_experiments","2523807","2026-07-11T05:29:59"
"数据整理\outputs\autoregressive_rolling_baseline\learnable_graph\causal_hold_exog\extreme_case_rollout.png","code_and_experiments","108722","2026-07-11T11:18:56"
"数据整理\outputs\autoregressive_rolling_baseline\learnable_graph\causal_hold_exog\metrics.csv","code_and_experiments","827","2026-07-11T11:18:53"
"数据整理\outputs\autoregressive_rolling_baseline\learnable_graph\causal_hold_exog\predictions.npz","code_and_experiments","2552982","2026-07-11T11:18:54"
"数据整理\outputs\autoregressive_rolling_baseline\learnable_graph\one_step_training_log.csv","code_and_experiments","8454","2026-07-11T10:17:21"
"数据整理\outputs\autoregressive_rolling_baseline\learnable_graph\oracle_future_exog\extreme_case_rollout.png","code_and_experiments","109195","2026-07-11T12:31:47"
"数据整理\outputs\autoregressive_rolling_baseline\learnable_graph\oracle_future_exog\metrics.csv","code_and_experiments","828","2026-07-11T12:31:45"
"数据整理\outputs\autoregressive_rolling_baseline\learnable_graph\oracle_future_exog\predictions.npz","code_and_experiments","2544489","2026-07-11T12:31:46"
"数据整理\outputs\autoregressive_rolling_baseline\station_meta_used.csv","code_and_experiments","263","2026-07-10T22:47:17"
"数据整理\outputs\causal_preprocessing_robustness\causal_coops_features_used.csv","code_and_experiments","228","2026-07-02T09:00:45"
"数据整理\outputs\causal_preprocessing_robustness\causal_final_key_metrics.csv","code_and_experiments","521","2026-07-02T09:11:53"
"数据整理\outputs\causal_preprocessing_robustness\causal_final_metrics.csv","code_and_experiments","2431","2026-07-02T09:11:53"
"数据整理\outputs\causal_preprocessing_robustness\causal_final_metrics_partial.csv","code_and_experiments","2431","2026-07-02T09:11:53"
"数据整理\outputs\causal_preprocessing_robustness\causal_preprocessing_array_audit.csv","code_and_experiments","1097","2026-07-02T09:00:45"
"数据整理\outputs\causal_preprocessing_robustness\causal_preprocessing_summary.md","code_and_experiments","3546","2026-07-02T09:13:00"
"数据整理\outputs\causal_preprocessing_robustness\horizon_24h\gnn_bigru\metrics.csv","code_and_experiments","1333","2026-07-02T09:03:24"
"数据整理\outputs\causal_preprocessing_robustness\horizon_24h\gnn_bigru\predictions.npz","code_and_experiments","2526767","2026-07-02T09:03:24"
"数据整理\outputs\causal_preprocessing_robustness\horizon_24h\gnn_bigru\training_log.csv","code_and_experiments","2061","2026-07-02T09:03:24"
"数据整理\outputs\causal_preprocessing_robustness\horizon_24h\physical_loss\metrics.csv","code_and_experiments","1817","2026-07-02T09:11:52"
"数据整理\outputs\causal_preprocessing_robustness\horizon_24h\physical_loss\predictions.npz","code_and_experiments","9895285","2026-07-02T09:11:53"
"数据整理\outputs\causal_preprocessing_robustness\horizon_24h\physical_loss\training_log.csv","code_and_experiments","125079","2026-07-02T09:11:52"
"数据整理\outputs\cycle_component_ablation\command_manifest.txt","code_and_experiments","2349","2026-07-08T08:36:01"
"数据整理\outputs\cycle_component_ablation\cycle_only\cycle_consistent_all_metrics.csv","code_and_experiments","2953","2026-07-08T15:04:33"
"数据整理\outputs\cycle_component_ablation\cycle_only\cycle_consistent_key_metrics.csv","code_and_experiments","547","2026-07-08T15:04:33"
"数据整理\outputs\cycle_component_ablation\cycle_only\cycle_consistent_mean_std.csv","code_and_experiments","500","2026-07-08T15:04:33"
"数据整理\outputs\cycle_component_ablation\cycle_only\cycle_consistent_metrics_partial.csv","code_and_experiments","2953","2026-07-08T15:04:33"
"数据整理\outputs\cycle_component_ablation\cycle_only\cycle_consistent_r2_summary.png","code_and_experiments","70935","2026-07-08T15:04:34"
"数据整理\outputs\cycle_component_ablation\cycle_only\cycle_consistent_summary.md","code_and_experiments","1291","2026-07-08T15:04:34"
"数据整理\outputs\cycle_component_ablation\cycle_only\horizon_24h\seed_123\cycle_learnable\metrics.csv","code_and_experiments","1505","2026-07-08T14:36:40"
"数据整理\outputs\cycle_component_ablation\cycle_only\horizon_24h\seed_123\cycle_learnable\predictions.npz","code_and_experiments","2505130","2026-07-08T14:36:40"
"数据整理\outputs\cycle_component_ablation\cycle_only\horizon_24h\seed_123\cycle_learnable\training_curves.png","code_and_experiments","118199","2026-07-08T14:36:41"
"数据整理\outputs\cycle_component_ablation\cycle_only\horizon_24h\seed_123\cycle_learnable\training_log.csv","code_and_experiments","11429","2026-07-08T14:36:40"
"数据整理\outputs\cycle_component_ablation\cycle_only\horizon_24h\seed_2024\cycle_learnable\metrics.csv","code_and_experiments","1510","2026-07-08T15:04:31"
"数据整理\outputs\cycle_component_ablation\cycle_only\horizon_24h\seed_2024\cycle_learnable\predictions.npz","code_and_experiments","2511968","2026-07-08T15:04:32"
"数据整理\outputs\cycle_component_ablation\cycle_only\horizon_24h\seed_2024\cycle_learnable\training_curves.png","code_and_experiments","114279","2026-07-08T15:04:33"
"数据整理\outputs\cycle_component_ablation\cycle_only\horizon_24h\seed_2024\cycle_learnable\training_log.csv","code_and_experiments","10594","2026-07-08T15:04:31"
"数据整理\outputs\cycle_component_ablation\cycle_only\horizon_24h\seed_42\cycle_learnable\metrics.csv","code_and_experiments","1504","2026-07-08T14:12:38"
"数据整理\outputs\cycle_component_ablation\cycle_only\horizon_24h\seed_42\cycle_learnable\predictions.npz","code_and_experiments","2515828","2026-07-08T14:12:39"
"数据整理\outputs\cycle_component_ablation\cycle_only\horizon_24h\seed_42\cycle_learnable\training_curves.png","code_and_experiments","116441","2026-07-08T14:12:40"
"数据整理\outputs\cycle_component_ablation\cycle_only\horizon_24h\seed_42\cycle_learnable\training_log.csv","code_and_experiments","12535","2026-07-08T14:12:38"
"数据整理\outputs\cycle_component_ablation\cycle_plus_trend\cycle_consistent_all_metrics.csv","code_and_experiments","2942","2026-07-08T16:36:21"
"数据整理\outputs\cycle_component_ablation\cycle_plus_trend\cycle_consistent_key_metrics.csv","code_and_experiments","543","2026-07-08T16:36:21"
"数据整理\outputs\cycle_component_ablation\cycle_plus_trend\cycle_consistent_mean_std.csv","code_and_experiments","505","2026-07-08T16:36:21"
"数据整理\outputs\cycle_component_ablation\cycle_plus_trend\cycle_consistent_metrics_partial.csv","code_and_experiments","2942","2026-07-08T16:36:21"
"数据整理\outputs\cycle_component_ablation\cycle_plus_trend\cycle_consistent_r2_summary.png","code_and_experiments","68781","2026-07-08T16:36:21"
"数据整理\outputs\cycle_component_ablation\cycle_plus_trend\cycle_consistent_summary.md","code_and_experiments","1291","2026-07-08T16:36:21"
"数据整理\outputs\cycle_component_ablation\cycle_plus_trend\horizon_24h\seed_123\cycle_learnable\metrics.csv","code_and_experiments","1503","2026-07-08T16:09:11"
"数据整理\outputs\cycle_component_ablation\cycle_plus_trend\horizon_24h\seed_123\cycle_learnable\predictions.npz","code_and_experiments","2515326","2026-07-08T16:09:11"
"数据整理\outputs\cycle_component_ablation\cycle_plus_trend\horizon_24h\seed_123\cycle_learnable\training_curves.png","code_and_experiments","117273","2026-07-08T16:09:12"
"数据整理\outputs\cycle_component_ablation\cycle_plus_trend\horizon_24h\seed_123\cycle_learnable\training_log.csv","code_and_experiments","10036","2026-07-08T16:09:11"
"数据整理\outputs\cycle_component_ablation\cycle_plus_trend\horizon_24h\seed_2024\cycle_learnable\metrics.csv","code_and_experiments","1507","2026-07-08T16:36:20"
"数据整理\outputs\cycle_component_ablation\cycle_plus_trend\horizon_24h\seed_2024\cycle_learnable\predictions.npz","code_and_experiments","2504544","2026-07-08T16:36:20"
"数据整理\outputs\cycle_component_ablation\cycle_plus_trend\horizon_24h\seed_2024\cycle_learnable\training_curves.png","code_and_experiments","113884","2026-07-08T16:36:21"
"数据整理\outputs\cycle_component_ablation\cycle_plus_trend\horizon_24h\seed_2024\cycle_learnable\training_log.csv","code_and_experiments","10615","2026-07-08T16:36:20"
"数据整理\outputs\cycle_component_ablation\cycle_plus_trend\horizon_24h\seed_42\cycle_learnable\metrics.csv","code_and_experiments","1498","2026-07-08T15:41:19"
"数据整理\outputs\cycle_component_ablation\cycle_plus_trend\horizon_24h\seed_42\cycle_learnable\predictions.npz","code_and_experiments","2513826","2026-07-08T15:41:19"
"数据整理\outputs\cycle_component_ablation\cycle_plus_trend\horizon_24h\seed_42\cycle_learnable\training_curves.png","code_and_experiments","120158","2026-07-08T15:41:21"
"数据整理\outputs\cycle_component_ablation\cycle_plus_trend\horizon_24h\seed_42\cycle_learnable\training_log.csv","code_and_experiments","11421","2026-07-08T15:41:19"
"数据整理\outputs\cycle_component_ablation\default_cycle_plus_trend\cycle_consistent_all_metrics.csv","code_and_experiments","2945","2026-07-08T17:37:52"
"数据整理\outputs\cycle_component_ablation\default_cycle_plus_trend\cycle_consistent_key_metrics.csv","code_and_experiments","545","2026-07-08T17:37:52"
"数据整理\outputs\cycle_component_ablation\default_cycle_plus_trend\cycle_consistent_mean_std.csv","code_and_experiments","501","2026-07-08T17:37:52"
"数据整理\outputs\cycle_component_ablation\default_cycle_plus_trend\cycle_consistent_metrics_partial.csv","code_and_experiments","2945","2026-07-08T17:37:52"
"数据整理\outputs\cycle_component_ablation\default_cycle_plus_trend\cycle_consistent_r2_summary.png","code_and_experiments","72911","2026-07-08T17:37:53"
"数据整理\outputs\cycle_component_ablation\default_cycle_plus_trend\cycle_consistent_summary.md","code_and_experiments","1291","2026-07-08T17:37:54"
"数据整理\outputs\cycle_component_ablation\default_cycle_plus_trend\horizon_24h\seed_123\cycle_learnable\metrics.csv","code_and_experiments","1502","2026-07-08T17:09:15"
"数据整理\outputs\cycle_component_ablation\default_cycle_plus_trend\horizon_24h\seed_123\cycle_learnable\predictions.npz","code_and_experiments","2503822","2026-07-08T17:09:15"
"数据整理\outputs\cycle_component_ablation\default_cycle_plus_trend\horizon_24h\seed_123\cycle_learnable\training_curves.png","code_and_experiments","120903","2026-07-08T17:09:16"
"数据整理\outputs\cycle_component_ablation\default_cycle_plus_trend\horizon_24h\seed_123\cycle_learnable\training_log.csv","code_and_experiments","11422","2026-07-08T17:09:15"
"数据整理\outputs\cycle_component_ablation\default_cycle_plus_trend\horizon_24h\seed_2024\cycle_learnable\metrics.csv","code_and_experiments","1506","2026-07-08T17:37:51"
"数据整理\outputs\cycle_component_ablation\default_cycle_plus_trend\horizon_24h\seed_2024\cycle_learnable\predictions.npz","code_and_experiments","2504787","2026-07-08T17:37:51"
"数据整理\outputs\cycle_component_ablation\default_cycle_plus_trend\horizon_24h\seed_2024\cycle_learnable\training_curves.png","code_and_experiments","113189","2026-07-08T17:37:52"
"数据整理\outputs\cycle_component_ablation\default_cycle_plus_trend\horizon_24h\seed_2024\cycle_learnable\training_log.csv","code_and_experiments","10608","2026-07-08T17:37:51"
"数据整理\outputs\cycle_component_ablation\default_cycle_plus_trend\horizon_24h\seed_42\cycle_learnable\metrics.csv","code_and_experiments","1503","2026-07-08T16:53:15"
"数据整理\outputs\cycle_component_ablation\default_cycle_plus_trend\horizon_24h\seed_42\cycle_learnable\predictions.npz","code_and_experiments","2514463","2026-07-08T16:53:16"
"数据整理\outputs\cycle_component_ablation\default_cycle_plus_trend\horizon_24h\seed_42\cycle_learnable\training_curves.png","code_and_experiments","120297","2026-07-08T16:53:17"
"数据整理\outputs\cycle_component_ablation\default_cycle_plus_trend\horizon_24h\seed_42\cycle_learnable\training_log.csv","code_and_experiments","11414","2026-07-08T16:53:15"
"数据整理\outputs\cycle_component_ablation\logs\cycle_only.log","code_and_experiments","5269","2026-07-08T15:04:39"
"数据整理\outputs\cycle_component_ablation\logs\cycle_plus_trend.log","code_and_experiments","5164","2026-07-08T16:36:25"
"数据整理\outputs\cycle_component_ablation\logs\default_cycle_plus_trend.log","code_and_experiments","5298","2026-07-08T17:37:58"
"数据整理\outputs\cycle_component_ablation\logs\no_cycle_no_trend.log","code_and_experiments","5164","2026-07-08T11:15:38"
"数据整理\outputs\cycle_component_ablation\logs\trend_only.log","code_and_experiments","5269","2026-07-08T13:28:25"
"数据整理\outputs\cycle_component_ablation\no_cycle_no_trend\cycle_consistent_all_metrics.csv","code_and_experiments","2943","2026-07-08T11:15:21"
"数据整理\outputs\cycle_component_ablation\no_cycle_no_trend\cycle_consistent_key_metrics.csv","code_and_experiments","545","2026-07-08T11:15:21"
"数据整理\outputs\cycle_component_ablation\no_cycle_no_trend\cycle_consistent_mean_std.csv","code_and_experiments","504","2026-07-08T11:15:21"
"数据整理\outputs\cycle_component_ablation\no_cycle_no_trend\cycle_consistent_metrics_partial.csv","code_and_experiments","2943","2026-07-08T11:15:21"
"数据整理\outputs\cycle_component_ablation\no_cycle_no_trend\cycle_consistent_r2_summary.png","code_and_experiments","65163","2026-07-08T11:15:22"
"数据整理\outputs\cycle_component_ablation\no_cycle_no_trend\cycle_consistent_summary.md","code_and_experiments","1291","2026-07-08T11:15:22"
"数据整理\outputs\cycle_component_ablation\no_cycle_no_trend\horizon_24h\seed_123\cycle_learnable\metrics.csv","code_and_experiments","1500","2026-07-08T10:42:25"
"数据整理\outputs\cycle_component_ablation\no_cycle_no_trend\horizon_24h\seed_123\cycle_learnable\predictions.npz","code_and_experiments","2520162","2026-07-08T10:42:25"
"数据整理\outputs\cycle_component_ablation\no_cycle_no_trend\horizon_24h\seed_123\cycle_learnable\training_curves.png","code_and_experiments","107216","2026-07-08T10:42:26"
"数据整理\outputs\cycle_component_ablation\no_cycle_no_trend\horizon_24h\seed_123\cycle_learnable\training_log.csv","code_and_experiments","9808","2026-07-08T10:42:25"
"数据整理\outputs\cycle_component_ablation\no_cycle_no_trend\horizon_24h\seed_2024\cycle_learnable\metrics.csv","code_and_experiments","1504","2026-07-08T11:15:20"
"数据整理\outputs\cycle_component_ablation\no_cycle_no_trend\horizon_24h\seed_2024\cycle_learnable\predictions.npz","code_and_experiments","2509742","2026-07-08T11:15:20"
"数据整理\outputs\cycle_component_ablation\no_cycle_no_trend\horizon_24h\seed_2024\cycle_learnable\training_curves.png","code_and_experiments","104886","2026-07-08T11:15:21"
"数据整理\outputs\cycle_component_ablation\no_cycle_no_trend\horizon_24h\seed_2024\cycle_learnable\training_log.csv","code_and_experiments","10360","2026-07-08T11:15:20"
"数据整理\outputs\cycle_component_ablation\no_cycle_no_trend\horizon_24h\seed_42\cycle_learnable\metrics.csv","code_and_experiments","1505","2026-07-08T09:45:43"
"数据整理\outputs\cycle_component_ablation\no_cycle_no_trend\horizon_24h\seed_42\cycle_learnable\predictions.npz","code_and_experiments","2513240","2026-07-08T09:45:44"
"数据整理\outputs\cycle_component_ablation\no_cycle_no_trend\horizon_24h\seed_42\cycle_learnable\training_curves.png","code_and_experiments","110054","2026-07-08T09:45:45"
"数据整理\outputs\cycle_component_ablation\no_cycle_no_trend\horizon_24h\seed_42\cycle_learnable\training_log.csv","code_and_experiments","12272","2026-07-08T09:45:43"
"数据整理\outputs\cycle_component_ablation\paper_summary_tables\cycle_component_ablation_mean_std.csv","code_and_experiments","1581","2026-07-08T17:37:59"
"数据整理\outputs\cycle_component_ablation\paper_summary_tables\cycle_component_ablation_summary.md","code_and_experiments","1400","2026-07-08T17:37:59"
"数据整理\outputs\cycle_component_ablation\paper_summary_tables\cycle_component_ablation_table.csv","code_and_experiments","920","2026-07-08T17:37:59"
"数据整理\outputs\cycle_component_ablation\trend_only\cycle_consistent_all_metrics.csv","code_and_experiments","2943","2026-07-08T13:28:19"
"数据整理\outputs\cycle_component_ablation\trend_only\cycle_consistent_key_metrics.csv","code_and_experiments","545","2026-07-08T13:28:19"
"数据整理\outputs\cycle_component_ablation\trend_only\cycle_consistent_mean_std.csv","code_and_experiments","499","2026-07-08T13:28:19"
"数据整理\outputs\cycle_component_ablation\trend_only\cycle_consistent_metrics_partial.csv","code_and_experiments","2943","2026-07-08T13:28:19"
"数据整理\outputs\cycle_component_ablation\trend_only\cycle_consistent_r2_summary.png","code_and_experiments","70753","2026-07-08T13:28:20"
"数据整理\outputs\cycle_component_ablation\trend_only\cycle_consistent_summary.md","code_and_experiments","1291","2026-07-08T13:28:20"
"数据整理\outputs\cycle_component_ablation\trend_only\horizon_24h\seed_123\cycle_learnable\metrics.csv","code_and_experiments","1504","2026-07-08T12:44:58"
"数据整理\outputs\cycle_component_ablation\trend_only\horizon_24h\seed_123\cycle_learnable\predictions.npz","code_and_experiments","2517028","2026-07-08T12:44:59"
"数据整理\outputs\cycle_component_ablation\trend_only\horizon_24h\seed_123\cycle_learnable\training_curves.png","code_and_experiments","111696","2026-07-08T12:45:06"
"数据整理\outputs\cycle_component_ablation\trend_only\horizon_24h\seed_123\cycle_learnable\training_log.csv","code_and_experiments","9795","2026-07-08T12:44:58"
"数据整理\outputs\cycle_component_ablation\trend_only\horizon_24h\seed_2024\cycle_learnable\metrics.csv","code_and_experiments","1502","2026-07-08T13:28:18"
"数据整理\outputs\cycle_component_ablation\trend_only\horizon_24h\seed_2024\cycle_learnable\predictions.npz","code_and_experiments","2504637","2026-07-08T13:28:18"
"数据整理\outputs\cycle_component_ablation\trend_only\horizon_24h\seed_2024\cycle_learnable\training_curves.png","code_and_experiments","105660","2026-07-08T13:28:19"
"数据整理\outputs\cycle_component_ablation\trend_only\horizon_24h\seed_2024\cycle_learnable\training_log.csv","code_and_experiments","10388","2026-07-08T13:28:18"
"数据整理\outputs\cycle_component_ablation\trend_only\horizon_24h\seed_42\cycle_learnable\metrics.csv","code_and_experiments","1503","2026-07-08T12:02:22"
"数据整理\outputs\cycle_component_ablation\trend_only\horizon_24h\seed_42\cycle_learnable\predictions.npz","code_and_experiments","2518287","2026-07-08T12:02:23"
"数据整理\outputs\cycle_component_ablation\trend_only\horizon_24h\seed_42\cycle_learnable\training_curves.png","code_and_experiments","114178","2026-07-08T12:02:23"
"数据整理\outputs\cycle_component_ablation\trend_only\horizon_24h\seed_42\cycle_learnable\training_log.csv","code_and_experiments","13361","2026-07-08T12:02:22"
"数据整理\outputs\cycle_component_ablation_dryrun\command_manifest.txt","code_and_experiments","2384","2026-07-08T08:32:52"
"数据整理\outputs\cycle_consistent_longrun_24h_100ep\cycle_consistent_all_metrics.csv","code_and_experiments","2945","2026-07-07T11:12:26"
"数据整理\outputs\cycle_consistent_longrun_24h_100ep\cycle_consistent_key_metrics.csv","code_and_experiments","545","2026-07-07T11:12:26"
"数据整理\outputs\cycle_consistent_longrun_24h_100ep\cycle_consistent_mean_std.csv","code_and_experiments","501","2026-07-07T11:12:26"
"数据整理\outputs\cycle_consistent_longrun_24h_100ep\cycle_consistent_metrics_partial.csv","code_and_experiments","2945","2026-07-07T11:12:26"
"数据整理\outputs\cycle_consistent_longrun_24h_100ep\cycle_consistent_r2_summary.png","code_and_experiments","72911","2026-07-07T11:12:26"
"数据整理\outputs\cycle_consistent_longrun_24h_100ep\cycle_consistent_summary.md","code_and_experiments","1291","2026-07-07T11:12:27"
"数据整理\outputs\cycle_consistent_longrun_24h_100ep\horizon_24h\seed_123\cycle_learnable\metrics.csv","code_and_experiments","1502","2026-07-07T11:07:29"
"数据整理\outputs\cycle_consistent_longrun_24h_100ep\horizon_24h\seed_123\cycle_learnable\predictions.npz","code_and_experiments","2503822","2026-07-07T11:07:29"
"数据整理\outputs\cycle_consistent_longrun_24h_100ep\horizon_24h\seed_123\cycle_learnable\training_curves.png","code_and_experiments","120903","2026-07-07T11:07:29"
"数据整理\outputs\cycle_consistent_longrun_24h_100ep\horizon_24h\seed_123\cycle_learnable\training_log.csv","code_and_experiments","11422","2026-07-07T11:07:29"
"数据整理\outputs\cycle_consistent_longrun_24h_100ep\horizon_24h\seed_2024\cycle_learnable\metrics.csv","code_and_experiments","1506","2026-07-07T11:12:26"
"数据整理\outputs\cycle_consistent_longrun_24h_100ep\horizon_24h\seed_2024\cycle_learnable\predictions.npz","code_and_experiments","2504787","2026-07-07T11:12:26"
"数据整理\outputs\cycle_consistent_longrun_24h_100ep\horizon_24h\seed_2024\cycle_learnable\training_curves.png","code_and_experiments","113189","2026-07-07T11:12:26"
"数据整理\outputs\cycle_consistent_longrun_24h_100ep\horizon_24h\seed_2024\cycle_learnable\training_log.csv","code_and_experiments","10608","2026-07-07T11:12:26"
"数据整理\outputs\cycle_consistent_longrun_24h_100ep\horizon_24h\seed_42\cycle_learnable\metrics.csv","code_and_experiments","1503","2026-07-07T11:01:55"
"数据整理\outputs\cycle_consistent_longrun_24h_100ep\horizon_24h\seed_42\cycle_learnable\predictions.npz","code_and_experiments","2514463","2026-07-07T11:01:56"
"数据整理\outputs\cycle_consistent_longrun_24h_100ep\horizon_24h\seed_42\cycle_learnable\training_curves.png","code_and_experiments","120297","2026-07-07T11:01:56"
"数据整理\outputs\cycle_consistent_longrun_24h_100ep\horizon_24h\seed_42\cycle_learnable\training_log.csv","code_and_experiments","11414","2026-07-07T11:01:55"
"数据整理\outputs\cycle_consistent_smoke_test\cycle_consistent_all_metrics.csv","code_and_experiments","1501","2026-07-05T11:10:12"
"数据整理\outputs\cycle_consistent_smoke_test\cycle_consistent_key_metrics.csv","code_and_experiments","267","2026-07-05T11:10:12"
"数据整理\outputs\cycle_consistent_smoke_test\cycle_consistent_mean_std.csv","code_and_experiments","407","2026-07-05T11:10:12"
"数据整理\outputs\cycle_consistent_smoke_test\cycle_consistent_metrics_partial.csv","code_and_experiments","1501","2026-07-05T11:10:12"
"数据整理\outputs\cycle_consistent_smoke_test\cycle_consistent_r2_summary.png","code_and_experiments","65880","2026-07-05T11:10:14"
"数据整理\outputs\cycle_consistent_smoke_test\cycle_consistent_summary.md","code_and_experiments","1291","2026-07-05T11:10:16"
"数据整理\outputs\cycle_consistent_smoke_test\horizon_24h\seed_42\cycle_learnable\metrics.csv","code_and_experiments","1501","2026-07-05T11:10:07"
"数据整理\outputs\cycle_consistent_smoke_test\horizon_24h\seed_42\cycle_learnable\predictions.npz","code_and_experiments","2637929","2026-07-05T11:10:08"
"数据整理\outputs\cycle_consistent_smoke_test\horizon_24h\seed_42\cycle_learnable\training_curves.png","code_and_experiments","71633","2026-07-05T11:10:12"
"数据整理\outputs\cycle_consistent_smoke_test\horizon_24h\seed_42\cycle_learnable\training_log.csv","code_and_experiments","484","2026-07-05T11:10:07"
"数据整理\outputs\cycle_paper_horizons_multiseed\command_manifest.txt","code_and_experiments","487","2026-07-07T20:49:54"
"数据整理\outputs\cycle_paper_horizons_multiseed\cycle_horizons_multiseed\cycle_consistent_all_metrics.csv","code_and_experiments","7285","2026-07-08T01:10:31"
"数据整理\outputs\cycle_paper_horizons_multiseed\cycle_horizons_multiseed\cycle_consistent_key_metrics.csv","code_and_experiments","1388","2026-07-08T01:10:31"
"数据整理\outputs\cycle_paper_horizons_multiseed\cycle_horizons_multiseed\cycle_consistent_mean_std.csv","code_and_experiments","989","2026-07-08T01:10:31"
"数据整理\outputs\cycle_paper_horizons_multiseed\cycle_horizons_multiseed\cycle_consistent_metrics_partial.csv","code_and_experiments","7285","2026-07-08T01:10:31"
"数据整理\outputs\cycle_paper_horizons_multiseed\cycle_horizons_multiseed\cycle_consistent_r2_summary.png","code_and_experiments","115026","2026-07-08T01:10:32"
"数据整理\outputs\cycle_paper_horizons_multiseed\cycle_horizons_multiseed\cycle_consistent_summary.md","code_and_experiments","1887","2026-07-08T01:10:32"
"数据整理\outputs\cycle_paper_horizons_multiseed\cycle_horizons_multiseed\horizon_12h\seed_123\cycle_learnable\metrics.csv","code_and_experiments","1507","2026-07-07T23:34:37"
"数据整理\outputs\cycle_paper_horizons_multiseed\cycle_horizons_multiseed\horizon_12h\seed_123\cycle_learnable\predictions.npz","code_and_experiments","1380064","2026-07-07T23:34:37"
"数据整理\outputs\cycle_paper_horizons_multiseed\cycle_horizons_multiseed\horizon_12h\seed_123\cycle_learnable\training_curves.png","code_and_experiments","113003","2026-07-07T23:34:38"
"数据整理\outputs\cycle_paper_horizons_multiseed\cycle_horizons_multiseed\horizon_12h\seed_123\cycle_learnable\training_log.csv","code_and_experiments","11445","2026-07-07T23:34:37"
"数据整理\outputs\cycle_paper_horizons_multiseed\cycle_horizons_multiseed\horizon_12h\seed_2024\cycle_learnable\metrics.csv","code_and_experiments","1508","2026-07-07T23:57:54"
"数据整理\outputs\cycle_paper_horizons_multiseed\cycle_horizons_multiseed\horizon_12h\seed_2024\cycle_learnable\predictions.npz","code_and_experiments","1379650","2026-07-07T23:57:54"
"数据整理\outputs\cycle_paper_horizons_multiseed\cycle_horizons_multiseed\horizon_12h\seed_2024\cycle_learnable\training_curves.png","code_and_experiments","109721","2026-07-07T23:57:55"
"数据整理\outputs\cycle_paper_horizons_multiseed\cycle_horizons_multiseed\horizon_12h\seed_2024\cycle_learnable\training_log.csv","code_and_experiments","11735","2026-07-07T23:57:54"
"数据整理\outputs\cycle_paper_horizons_multiseed\cycle_horizons_multiseed\horizon_12h\seed_42\cycle_learnable\metrics.csv","code_and_experiments","1506","2026-07-07T23:06:57"
"数据整理\outputs\cycle_paper_horizons_multiseed\cycle_horizons_multiseed\horizon_12h\seed_42\cycle_learnable\predictions.npz","code_and_experiments","1381679","2026-07-07T23:06:58"
"数据整理\outputs\cycle_paper_horizons_multiseed\cycle_horizons_multiseed\horizon_12h\seed_42\cycle_learnable\training_curves.png","code_and_experiments","112527","2026-07-07T23:06:58"
"数据整理\outputs\cycle_paper_horizons_multiseed\cycle_horizons_multiseed\horizon_12h\seed_42\cycle_learnable\training_log.csv","code_and_experiments","12863","2026-07-07T23:06:57"
"数据整理\outputs\cycle_paper_horizons_multiseed\cycle_horizons_multiseed\horizon_24h\seed_123\cycle_learnable\metrics.csv","code_and_experiments","1502","2026-07-08T00:47:42"
"数据整理\outputs\cycle_paper_horizons_multiseed\cycle_horizons_multiseed\horizon_24h\seed_123\cycle_learnable\predictions.npz","code_and_experiments","2503822","2026-07-08T00:47:42"
"数据整理\outputs\cycle_paper_horizons_multiseed\cycle_horizons_multiseed\horizon_24h\seed_123\cycle_learnable\training_curves.png","code_and_experiments","120903","2026-07-08T00:47:43"
"数据整理\outputs\cycle_paper_horizons_multiseed\cycle_horizons_multiseed\horizon_24h\seed_123\cycle_learnable\training_log.csv","code_and_experiments","11422","2026-07-08T00:47:42"
"数据整理\outputs\cycle_paper_horizons_multiseed\cycle_horizons_multiseed\horizon_24h\seed_2024\cycle_learnable\metrics.csv","code_and_experiments","1506","2026-07-08T01:10:30"
"数据整理\outputs\cycle_paper_horizons_multiseed\cycle_horizons_multiseed\horizon_24h\seed_2024\cycle_learnable\predictions.npz","code_and_experiments","2504787","2026-07-08T01:10:31"
"数据整理\outputs\cycle_paper_horizons_multiseed\cycle_horizons_multiseed\horizon_24h\seed_2024\cycle_learnable\training_curves.png","code_and_experiments","113189","2026-07-08T01:10:31"
"数据整理\outputs\cycle_paper_horizons_multiseed\cycle_horizons_multiseed\horizon_24h\seed_2024\cycle_learnable\training_log.csv","code_and_experiments","10608","2026-07-08T01:10:30"
"数据整理\outputs\cycle_paper_horizons_multiseed\cycle_horizons_multiseed\horizon_24h\seed_42\cycle_learnable\metrics.csv","code_and_experiments","1503","2026-07-08T00:22:14"
"数据整理\outputs\cycle_paper_horizons_multiseed\cycle_horizons_multiseed\horizon_24h\seed_42\cycle_learnable\predictions.npz","code_and_experiments","2514463","2026-07-08T00:22:15"
"数据整理\outputs\cycle_paper_horizons_multiseed\cycle_horizons_multiseed\horizon_24h\seed_42\cycle_learnable\training_curves.png","code_and_experiments","120297","2026-07-08T00:22:16"
"数据整理\outputs\cycle_paper_horizons_multiseed\cycle_horizons_multiseed\horizon_24h\seed_42\cycle_learnable\training_log.csv","code_and_experiments","11414","2026-07-08T00:22:14"
"数据整理\outputs\cycle_paper_horizons_multiseed\cycle_horizons_multiseed\horizon_6h\seed_123\cycle_learnable\metrics.csv","code_and_experiments","1511","2026-07-07T21:53:36"
"数据整理\outputs\cycle_paper_horizons_multiseed\cycle_horizons_multiseed\horizon_6h\seed_123\cycle_learnable\predictions.npz","code_and_experiments","799970","2026-07-07T21:53:37"
"数据整理\outputs\cycle_paper_horizons_multiseed\cycle_horizons_multiseed\horizon_6h\seed_123\cycle_learnable\training_curves.png","code_and_experiments","107723","2026-07-07T21:53:37"
"数据整理\outputs\cycle_paper_horizons_multiseed\cycle_horizons_multiseed\horizon_6h\seed_123\cycle_learnable\training_log.csv","code_and_experiments","17043","2026-07-07T21:53:36"
"数据整理\outputs\cycle_paper_horizons_multiseed\cycle_horizons_multiseed\horizon_6h\seed_2024\cycle_learnable\metrics.csv","code_and_experiments","1505","2026-07-07T22:26:42"
"数据整理\outputs\cycle_paper_horizons_multiseed\cycle_horizons_multiseed\horizon_6h\seed_2024\cycle_learnable\predictions.npz","code_and_experiments","800381","2026-07-07T22:26:42"
"数据整理\outputs\cycle_paper_horizons_multiseed\cycle_horizons_multiseed\horizon_6h\seed_2024\cycle_learnable\training_curves.png","code_and_experiments","107680","2026-07-07T22:26:43"
"数据整理\outputs\cycle_paper_horizons_multiseed\cycle_horizons_multiseed\horizon_6h\seed_2024\cycle_learnable\training_log.csv","code_and_experiments","15937","2026-07-07T22:26:42"
"数据整理\outputs\cycle_paper_horizons_multiseed\cycle_horizons_multiseed\horizon_6h\seed_42\cycle_learnable\metrics.csv","code_and_experiments","1501","2026-07-07T21:19:08"
"数据整理\outputs\cycle_paper_horizons_multiseed\cycle_horizons_multiseed\horizon_6h\seed_42\cycle_learnable\predictions.npz","code_and_experiments","798843","2026-07-07T21:19:08"
"数据整理\outputs\cycle_paper_horizons_multiseed\cycle_horizons_multiseed\horizon_6h\seed_42\cycle_learnable\training_curves.png","code_and_experiments","108351","2026-07-07T21:19:09"
"数据整理\outputs\cycle_paper_horizons_multiseed\cycle_horizons_multiseed\horizon_6h\seed_42\cycle_learnable\training_log.csv","code_and_experiments","13473","2026-07-07T21:19:08"
"数据整理\outputs\cycle_paper_horizons_multiseed\logs\cycle_horizons_multiseed.log","code_and_experiments","15641","2026-07-08T01:10:35"
"数据整理\outputs\cycle_paper_horizons_multiseed\paper_summary_tables\cycle_horizons_multiseed_table.csv","code_and_experiments","951","2026-07-08T01:10:36"
"数据整理\outputs\cycle_paper_horizons_multiseed\paper_summary_tables\cycle_paper_longrun_summary.md","code_and_experiments","2053","2026-07-08T01:10:36"
"数据整理\outputs\cycle_paper_horizons_multiseed\paper_summary_tables\five_model_horizon_comparison_seed42_plus_cycle_mean.csv","code_and_experiments","1973","2026-07-08T01:10:36"
"数据整理\outputs\cycle_paper_horizons_multiseed\paper_summary_tables\main_24h_multiseed_comparison_with_cycle.csv","code_and_experiments","633","2026-07-08T01:10:36"
"数据整理\outputs\cycle_paper_horizons_multiseed_lambda002\command_manifest.txt","code_and_experiments","497","2026-07-08T08:36:08"
"数据整理\outputs\cycle_paper_horizons_multiseed_lambda002\cycle_horizons_multiseed\cycle_consistent_all_metrics.csv","code_and_experiments","7281","2026-07-08T14:27:51"
"数据整理\outputs\cycle_paper_horizons_multiseed_lambda002\cycle_horizons_multiseed\cycle_consistent_key_metrics.csv","code_and_experiments","1384","2026-07-08T14:27:51"
"数据整理\outputs\cycle_paper_horizons_multiseed_lambda002\cycle_horizons_multiseed\cycle_consistent_mean_std.csv","code_and_experiments","993","2026-07-08T14:27:51"
"数据整理\outputs\cycle_paper_horizons_multiseed_lambda002\cycle_horizons_multiseed\cycle_consistent_metrics_partial.csv","code_and_experiments","7281","2026-07-08T14:27:51"
"数据整理\outputs\cycle_paper_horizons_multiseed_lambda002\cycle_horizons_multiseed\cycle_consistent_r2_summary.png","code_and_experiments","129639","2026-07-08T14:27:52"
"数据整理\outputs\cycle_paper_horizons_multiseed_lambda002\cycle_horizons_multiseed\cycle_consistent_summary.md","code_and_experiments","1887","2026-07-08T14:27:52"
"数据整理\outputs\cycle_paper_horizons_multiseed_lambda002\cycle_horizons_multiseed\horizon_12h\seed_123\cycle_learnable\metrics.csv","code_and_experiments","1505","2026-07-08T12:16:21"
"数据整理\outputs\cycle_paper_horizons_multiseed_lambda002\cycle_horizons_multiseed\horizon_12h\seed_123\cycle_learnable\predictions.npz","code_and_experiments","1380908","2026-07-08T12:16:21"
"数据整理\outputs\cycle_paper_horizons_multiseed_lambda002\cycle_horizons_multiseed\horizon_12h\seed_123\cycle_learnable\training_curves.png","code_and_experiments","111423","2026-07-08T12:16:22"
"数据整理\outputs\cycle_paper_horizons_multiseed_lambda002\cycle_horizons_multiseed\horizon_12h\seed_123\cycle_learnable\training_log.csv","code_and_experiments","14531","2026-07-08T12:16:21"
"数据整理\outputs\cycle_paper_horizons_multiseed_lambda002\cycle_horizons_multiseed\horizon_12h\seed_2024\cycle_learnable\metrics.csv","code_and_experiments","1507","2026-07-08T13:09:18"
"数据整理\outputs\cycle_paper_horizons_multiseed_lambda002\cycle_horizons_multiseed\horizon_12h\seed_2024\cycle_learnable\predictions.npz","code_and_experiments","1380189","2026-07-08T13:09:19"
"数据整理\outputs\cycle_paper_horizons_multiseed_lambda002\cycle_horizons_multiseed\horizon_12h\seed_2024\cycle_learnable\training_curves.png","code_and_experiments","106534","2026-07-08T13:09:19"
"数据整理\outputs\cycle_paper_horizons_multiseed_lambda002\cycle_horizons_multiseed\horizon_12h\seed_2024\cycle_learnable\training_log.csv","code_and_experiments","12291","2026-07-08T13:09:18"
"数据整理\outputs\cycle_paper_horizons_multiseed_lambda002\cycle_horizons_multiseed\horizon_12h\seed_42\cycle_learnable\metrics.csv","code_and_experiments","1502","2026-07-08T11:46:42"
"数据整理\outputs\cycle_paper_horizons_multiseed_lambda002\cycle_horizons_multiseed\horizon_12h\seed_42\cycle_learnable\predictions.npz","code_and_experiments","1382099","2026-07-08T11:46:43"
"数据整理\outputs\cycle_paper_horizons_multiseed_lambda002\cycle_horizons_multiseed\horizon_12h\seed_42\cycle_learnable\training_curves.png","code_and_experiments","112401","2026-07-08T11:46:43"
"数据整理\outputs\cycle_paper_horizons_multiseed_lambda002\cycle_horizons_multiseed\horizon_12h\seed_42\cycle_learnable\training_log.csv","code_and_experiments","12888","2026-07-08T11:46:42"
"数据整理\outputs\cycle_paper_horizons_multiseed_lambda002\cycle_horizons_multiseed\horizon_24h\seed_123\cycle_learnable\metrics.csv","code_and_experiments","1503","2026-07-08T13:59:27"
"数据整理\outputs\cycle_paper_horizons_multiseed_lambda002\cycle_horizons_multiseed\horizon_24h\seed_123\cycle_learnable\predictions.npz","code_and_experiments","2515326","2026-07-08T13:59:28"
"数据整理\outputs\cycle_paper_horizons_multiseed_lambda002\cycle_horizons_multiseed\horizon_24h\seed_123\cycle_learnable\training_curves.png","code_and_experiments","117273","2026-07-08T13:59:29"
"数据整理\outputs\cycle_paper_horizons_multiseed_lambda002\cycle_horizons_multiseed\horizon_24h\seed_123\cycle_learnable\training_log.csv","code_and_experiments","10036","2026-07-08T13:59:27"
"数据整理\outputs\cycle_paper_horizons_multiseed_lambda002\cycle_horizons_multiseed\horizon_24h\seed_2024\cycle_learnable\metrics.csv","code_and_experiments","1507","2026-07-08T14:27:50"
"数据整理\outputs\cycle_paper_horizons_multiseed_lambda002\cycle_horizons_multiseed\horizon_24h\seed_2024\cycle_learnable\predictions.npz","code_and_experiments","2504544","2026-07-08T14:27:50"
"数据整理\outputs\cycle_paper_horizons_multiseed_lambda002\cycle_horizons_multiseed\horizon_24h\seed_2024\cycle_learnable\training_curves.png","code_and_experiments","113884","2026-07-08T14:27:51"
"数据整理\outputs\cycle_paper_horizons_multiseed_lambda002\cycle_horizons_multiseed\horizon_24h\seed_2024\cycle_learnable\training_log.csv","code_and_experiments","10615","2026-07-08T14:27:50"
"数据整理\outputs\cycle_paper_horizons_multiseed_lambda002\cycle_horizons_multiseed\horizon_24h\seed_42\cycle_learnable\metrics.csv","code_and_experiments","1498","2026-07-08T13:35:06"
"数据整理\outputs\cycle_paper_horizons_multiseed_lambda002\cycle_horizons_multiseed\horizon_24h\seed_42\cycle_learnable\predictions.npz","code_and_experiments","2513826","2026-07-08T13:35:07"
"数据整理\outputs\cycle_paper_horizons_multiseed_lambda002\cycle_horizons_multiseed\horizon_24h\seed_42\cycle_learnable\training_curves.png","code_and_experiments","120158","2026-07-08T13:35:08"
"数据整理\outputs\cycle_paper_horizons_multiseed_lambda002\cycle_horizons_multiseed\horizon_24h\seed_42\cycle_learnable\training_log.csv","code_and_experiments","11421","2026-07-08T13:35:06"
"数据整理\outputs\cycle_paper_horizons_multiseed_lambda002\cycle_horizons_multiseed\horizon_6h\seed_123\cycle_learnable\metrics.csv","code_and_experiments","1509","2026-07-08T10:45:06"
"数据整理\outputs\cycle_paper_horizons_multiseed_lambda002\cycle_horizons_multiseed\horizon_6h\seed_123\cycle_learnable\predictions.npz","code_and_experiments","799704","2026-07-08T10:45:07"
"数据整理\outputs\cycle_paper_horizons_multiseed_lambda002\cycle_horizons_multiseed\horizon_6h\seed_123\cycle_learnable\training_curves.png","code_and_experiments","107698","2026-07-08T10:45:07"
"数据整理\outputs\cycle_paper_horizons_multiseed_lambda002\cycle_horizons_multiseed\horizon_6h\seed_123\cycle_learnable\training_log.csv","code_and_experiments","17049","2026-07-08T10:45:06"
"数据整理\outputs\cycle_paper_horizons_multiseed_lambda002\cycle_horizons_multiseed\horizon_6h\seed_2024\cycle_learnable\metrics.csv","code_and_experiments","1504","2026-07-08T11:21:07"
"数据整理\outputs\cycle_paper_horizons_multiseed_lambda002\cycle_horizons_multiseed\horizon_6h\seed_2024\cycle_learnable\predictions.npz","code_and_experiments","799489","2026-07-08T11:21:07"
"数据整理\outputs\cycle_paper_horizons_multiseed_lambda002\cycle_horizons_multiseed\horizon_6h\seed_2024\cycle_learnable\training_curves.png","code_and_experiments","107248","2026-07-08T11:21:08"
"数据整理\outputs\cycle_paper_horizons_multiseed_lambda002\cycle_horizons_multiseed\horizon_6h\seed_2024\cycle_learnable\training_log.csv","code_and_experiments","18460","2026-07-08T11:21:07"
"数据整理\outputs\cycle_paper_horizons_multiseed_lambda002\cycle_horizons_multiseed\horizon_6h\seed_42\cycle_learnable\metrics.csv","code_and_experiments","1510","2026-07-08T09:35:45"
"数据整理\outputs\cycle_paper_horizons_multiseed_lambda002\cycle_horizons_multiseed\horizon_6h\seed_42\cycle_learnable\predictions.npz","code_and_experiments","798547","2026-07-08T09:35:46"
"数据整理\outputs\cycle_paper_horizons_multiseed_lambda002\cycle_horizons_multiseed\horizon_6h\seed_42\cycle_learnable\training_curves.png","code_and_experiments","108114","2026-07-08T09:35:47"
"数据整理\outputs\cycle_paper_horizons_multiseed_lambda002\cycle_horizons_multiseed\horizon_6h\seed_42\cycle_learnable\training_log.csv","code_and_experiments","13460","2026-07-08T09:35:45"
"数据整理\outputs\cycle_paper_horizons_multiseed_lambda002\logs\cycle_horizons_multiseed.log","code_and_experiments","16015","2026-07-08T14:27:58"
"数据整理\outputs\cycle_paper_horizons_multiseed_lambda002\paper_summary_tables\cycle_horizons_multiseed_table.csv","code_and_experiments","952","2026-07-08T14:27:58"
"数据整理\outputs\cycle_paper_horizons_multiseed_lambda002\paper_summary_tables\cycle_paper_longrun_summary.md","code_and_experiments","2053","2026-07-08T14:27:58"
"数据整理\outputs\cycle_paper_horizons_multiseed_lambda002\paper_summary_tables\five_model_horizon_comparison_seed42_plus_cycle_mean.csv","code_and_experiments","1974","2026-07-08T14:27:58"
"数据整理\outputs\cycle_paper_horizons_multiseed_lambda002\paper_summary_tables\main_24h_multiseed_comparison_with_cycle.csv","code_and_experiments","634","2026-07-08T14:27:58"
"数据整理\outputs\cycle_paper_lambda_ablation_24h\command_manifest.txt","code_and_experiments","1992","2026-07-07T20:50:14"
"数据整理\outputs\cycle_paper_lambda_ablation_24h\cycle_lambda_ablation_24h\cycle_lambda_ablation_mean_std.csv","code_and_experiments","1209","2026-07-08T01:57:16"
"数据整理\outputs\cycle_paper_lambda_ablation_24h\cycle_lambda_ablation_24h\lambda_0\cycle_consistent_all_metrics.csv","code_and_experiments","2943","2026-07-07T22:21:47"
"数据整理\outputs\cycle_paper_lambda_ablation_24h\cycle_lambda_ablation_24h\lambda_0\cycle_consistent_key_metrics.csv","code_and_experiments","545","2026-07-07T22:21:47"
"数据整理\outputs\cycle_paper_lambda_ablation_24h\cycle_lambda_ablation_24h\lambda_0\cycle_consistent_mean_std.csv","code_and_experiments","499","2026-07-07T22:21:47"
"数据整理\outputs\cycle_paper_lambda_ablation_24h\cycle_lambda_ablation_24h\lambda_0\cycle_consistent_metrics_partial.csv","code_and_experiments","2943","2026-07-07T22:21:47"
"数据整理\outputs\cycle_paper_lambda_ablation_24h\cycle_lambda_ablation_24h\lambda_0\cycle_consistent_r2_summary.png","code_and_experiments","70753","2026-07-07T22:21:47"
"数据整理\outputs\cycle_paper_lambda_ablation_24h\cycle_lambda_ablation_24h\lambda_0\cycle_consistent_summary.md","code_and_experiments","1291","2026-07-07T22:21:47"
"数据整理\outputs\cycle_paper_lambda_ablation_24h\cycle_lambda_ablation_24h\lambda_0\horizon_24h\seed_123\cycle_learnable\metrics.csv","code_and_experiments","1504","2026-07-07T21:53:29"
"数据整理\outputs\cycle_paper_lambda_ablation_24h\cycle_lambda_ablation_24h\lambda_0\horizon_24h\seed_123\cycle_learnable\predictions.npz","code_and_experiments","2517028","2026-07-07T21:53:30"
"数据整理\outputs\cycle_paper_lambda_ablation_24h\cycle_lambda_ablation_24h\lambda_0\horizon_24h\seed_123\cycle_learnable\training_curves.png","code_and_experiments","111696","2026-07-07T21:53:31"
"数据整理\outputs\cycle_paper_lambda_ablation_24h\cycle_lambda_ablation_24h\lambda_0\horizon_24h\seed_123\cycle_learnable\training_log.csv","code_and_experiments","9795","2026-07-07T21:53:29"
"数据整理\outputs\cycle_paper_lambda_ablation_24h\cycle_lambda_ablation_24h\lambda_0\horizon_24h\seed_2024\cycle_learnable\metrics.csv","code_and_experiments","1502","2026-07-07T22:21:45"
"数据整理\outputs\cycle_paper_lambda_ablation_24h\cycle_lambda_ablation_24h\lambda_0\horizon_24h\seed_2024\cycle_learnable\predictions.npz","code_and_experiments","2504637","2026-07-07T22:21:46"
"数据整理\outputs\cycle_paper_lambda_ablation_24h\cycle_lambda_ablation_24h\lambda_0\horizon_24h\seed_2024\cycle_learnable\training_curves.png","code_and_experiments","105660","2026-07-07T22:21:47"
"数据整理\outputs\cycle_paper_lambda_ablation_24h\cycle_lambda_ablation_24h\lambda_0\horizon_24h\seed_2024\cycle_learnable\training_log.csv","code_and_experiments","10388","2026-07-07T22:21:45"
"数据整理\outputs\cycle_paper_lambda_ablation_24h\cycle_lambda_ablation_24h\lambda_0\horizon_24h\seed_42\cycle_learnable\metrics.csv","code_and_experiments","1503","2026-07-07T21:27:49"
"数据整理\outputs\cycle_paper_lambda_ablation_24h\cycle_lambda_ablation_24h\lambda_0\horizon_24h\seed_42\cycle_learnable\predictions.npz","code_and_experiments","2518287","2026-07-07T21:27:50"
"数据整理\outputs\cycle_paper_lambda_ablation_24h\cycle_lambda_ablation_24h\lambda_0\horizon_24h\seed_42\cycle_learnable\training_curves.png","code_and_experiments","114178","2026-07-07T21:27:51"
"数据整理\outputs\cycle_paper_lambda_ablation_24h\cycle_lambda_ablation_24h\lambda_0\horizon_24h\seed_42\cycle_learnable\training_log.csv","code_and_experiments","13361","2026-07-07T21:27:49"
"数据整理\outputs\cycle_paper_lambda_ablation_24h\cycle_lambda_ablation_24h\lambda_0p02\cycle_consistent_all_metrics.csv","code_and_experiments","2942","2026-07-07T23:57:00"
"数据整理\outputs\cycle_paper_lambda_ablation_24h\cycle_lambda_ablation_24h\lambda_0p02\cycle_consistent_key_metrics.csv","code_and_experiments","543","2026-07-07T23:57:00"
"数据整理\outputs\cycle_paper_lambda_ablation_24h\cycle_lambda_ablation_24h\lambda_0p02\cycle_consistent_mean_std.csv","code_and_experiments","505","2026-07-07T23:57:00"
"数据整理\outputs\cycle_paper_lambda_ablation_24h\cycle_lambda_ablation_24h\lambda_0p02\cycle_consistent_metrics_partial.csv","code_and_experiments","2942","2026-07-07T23:57:00"
"数据整理\outputs\cycle_paper_lambda_ablation_24h\cycle_lambda_ablation_24h\lambda_0p02\cycle_consistent_r2_summary.png","code_and_experiments","68781","2026-07-07T23:57:00"
"数据整理\outputs\cycle_paper_lambda_ablation_24h\cycle_lambda_ablation_24h\lambda_0p02\cycle_consistent_summary.md","code_and_experiments","1291","2026-07-07T23:57:00"
"数据整理\outputs\cycle_paper_lambda_ablation_24h\cycle_lambda_ablation_24h\lambda_0p02\horizon_24h\seed_123\cycle_learnable\metrics.csv","code_and_experiments","1503","2026-07-07T23:31:17"
"数据整理\outputs\cycle_paper_lambda_ablation_24h\cycle_lambda_ablation_24h\lambda_0p02\horizon_24h\seed_123\cycle_learnable\predictions.npz","code_and_experiments","2515326","2026-07-07T23:31:18"
"数据整理\outputs\cycle_paper_lambda_ablation_24h\cycle_lambda_ablation_24h\lambda_0p02\horizon_24h\seed_123\cycle_learnable\training_curves.png","code_and_experiments","117273","2026-07-07T23:31:18"
"数据整理\outputs\cycle_paper_lambda_ablation_24h\cycle_lambda_ablation_24h\lambda_0p02\horizon_24h\seed_123\cycle_learnable\training_log.csv","code_and_experiments","10036","2026-07-07T23:31:17"
"数据整理\outputs\cycle_paper_lambda_ablation_24h\cycle_lambda_ablation_24h\lambda_0p02\horizon_24h\seed_2024\cycle_learnable\metrics.csv","code_and_experiments","1507","2026-07-07T23:56:59"
"数据整理\outputs\cycle_paper_lambda_ablation_24h\cycle_lambda_ablation_24h\lambda_0p02\horizon_24h\seed_2024\cycle_learnable\predictions.npz","code_and_experiments","2504544","2026-07-07T23:56:59"
"数据整理\outputs\cycle_paper_lambda_ablation_24h\cycle_lambda_ablation_24h\lambda_0p02\horizon_24h\seed_2024\cycle_learnable\training_curves.png","code_and_experiments","113884","2026-07-07T23:57:00"
"数据整理\outputs\cycle_paper_lambda_ablation_24h\cycle_lambda_ablation_24h\lambda_0p02\horizon_24h\seed_2024\cycle_learnable\training_log.csv","code_and_experiments","10615","2026-07-07T23:56:59"
"数据整理\outputs\cycle_paper_lambda_ablation_24h\cycle_lambda_ablation_24h\lambda_0p02\horizon_24h\seed_42\cycle_learnable\metrics.csv","code_and_experiments","1498","2026-07-07T23:02:56"
"数据整理\outputs\cycle_paper_lambda_ablation_24h\cycle_lambda_ablation_24h\lambda_0p02\horizon_24h\seed_42\cycle_learnable\predictions.npz","code_and_experiments","2513826","2026-07-07T23:02:56"
"数据整理\outputs\cycle_paper_lambda_ablation_24h\cycle_lambda_ablation_24h\lambda_0p02\horizon_24h\seed_42\cycle_learnable\training_curves.png","code_and_experiments","120158","2026-07-07T23:02:57"
"数据整理\outputs\cycle_paper_lambda_ablation_24h\cycle_lambda_ablation_24h\lambda_0p02\horizon_24h\seed_42\cycle_learnable\training_log.csv","code_and_experiments","11421","2026-07-07T23:02:56"
"数据整理\outputs\cycle_paper_lambda_ablation_24h\cycle_lambda_ablation_24h\lambda_0p04\cycle_consistent_all_metrics.csv","code_and_experiments","2945","2026-07-08T01:11:09"
"数据整理\outputs\cycle_paper_lambda_ablation_24h\cycle_lambda_ablation_24h\lambda_0p04\cycle_consistent_key_metrics.csv","code_and_experiments","545","2026-07-08T01:11:09"
"数据整理\outputs\cycle_paper_lambda_ablation_24h\cycle_lambda_ablation_24h\lambda_0p04\cycle_consistent_mean_std.csv","code_and_experiments","501","2026-07-08T01:11:09"
"数据整理\outputs\cycle_paper_lambda_ablation_24h\cycle_lambda_ablation_24h\lambda_0p04\cycle_consistent_metrics_partial.csv","code_and_experiments","2945","2026-07-08T01:11:09"
"数据整理\outputs\cycle_paper_lambda_ablation_24h\cycle_lambda_ablation_24h\lambda_0p04\cycle_consistent_r2_summary.png","code_and_experiments","72911","2026-07-08T01:11:10"
"数据整理\outputs\cycle_paper_lambda_ablation_24h\cycle_lambda_ablation_24h\lambda_0p04\cycle_consistent_summary.md","code_and_experiments","1291","2026-07-08T01:11:10"
"数据整理\outputs\cycle_paper_lambda_ablation_24h\cycle_lambda_ablation_24h\lambda_0p04\horizon_24h\seed_123\cycle_learnable\metrics.csv","code_and_experiments","1502","2026-07-08T00:48:35"
"数据整理\outputs\cycle_paper_lambda_ablation_24h\cycle_lambda_ablation_24h\lambda_0p04\horizon_24h\seed_123\cycle_learnable\predictions.npz","code_and_experiments","2503822","2026-07-08T00:48:36"
"数据整理\outputs\cycle_paper_lambda_ablation_24h\cycle_lambda_ablation_24h\lambda_0p04\horizon_24h\seed_123\cycle_learnable\training_curves.png","code_and_experiments","120903","2026-07-08T00:48:36"
"数据整理\outputs\cycle_paper_lambda_ablation_24h\cycle_lambda_ablation_24h\lambda_0p04\horizon_24h\seed_123\cycle_learnable\training_log.csv","code_and_experiments","11422","2026-07-08T00:48:35"
"数据整理\outputs\cycle_paper_lambda_ablation_24h\cycle_lambda_ablation_24h\lambda_0p04\horizon_24h\seed_2024\cycle_learnable\metrics.csv","code_and_experiments","1506","2026-07-08T01:11:08"
"数据整理\outputs\cycle_paper_lambda_ablation_24h\cycle_lambda_ablation_24h\lambda_0p04\horizon_24h\seed_2024\cycle_learnable\predictions.npz","code_and_experiments","2504787","2026-07-08T01:11:08"
"数据整理\outputs\cycle_paper_lambda_ablation_24h\cycle_lambda_ablation_24h\lambda_0p04\horizon_24h\seed_2024\cycle_learnable\training_curves.png","code_and_experiments","113189","2026-07-08T01:11:09"
"数据整理\outputs\cycle_paper_lambda_ablation_24h\cycle_lambda_ablation_24h\lambda_0p04\horizon_24h\seed_2024\cycle_learnable\training_log.csv","code_and_experiments","10608","2026-07-08T01:11:08"
"数据整理\outputs\cycle_paper_lambda_ablation_24h\cycle_lambda_ablation_24h\lambda_0p04\horizon_24h\seed_42\cycle_learnable\metrics.csv","code_and_experiments","1503","2026-07-08T00:23:05"
"数据整理\outputs\cycle_paper_lambda_ablation_24h\cycle_lambda_ablation_24h\lambda_0p04\horizon_24h\seed_42\cycle_learnable\predictions.npz","code_and_experiments","2514463","2026-07-08T00:23:05"
"数据整理\outputs\cycle_paper_lambda_ablation_24h\cycle_lambda_ablation_24h\lambda_0p04\horizon_24h\seed_42\cycle_learnable\training_curves.png","code_and_experiments","120297","2026-07-08T00:23:06"
"数据整理\outputs\cycle_paper_lambda_ablation_24h\cycle_lambda_ablation_24h\lambda_0p04\horizon_24h\seed_42\cycle_learnable\training_log.csv","code_and_experiments","11414","2026-07-08T00:23:05"
"数据整理\outputs\cycle_paper_lambda_ablation_24h\cycle_lambda_ablation_24h\lambda_0p08\cycle_consistent_all_metrics.csv","code_and_experiments","2946","2026-07-08T01:57:13"
"数据整理\outputs\cycle_paper_lambda_ablation_24h\cycle_lambda_ablation_24h\lambda_0p08\cycle_consistent_key_metrics.csv","code_and_experiments","544","2026-07-08T01:57:13"
"数据整理\outputs\cycle_paper_lambda_ablation_24h\cycle_lambda_ablation_24h\lambda_0p08\cycle_consistent_mean_std.csv","code_and_experiments","506","2026-07-08T01:57:13"
"数据整理\outputs\cycle_paper_lambda_ablation_24h\cycle_lambda_ablation_24h\lambda_0p08\cycle_consistent_metrics_partial.csv","code_and_experiments","2946","2026-07-08T01:57:13"
"数据整理\outputs\cycle_paper_lambda_ablation_24h\cycle_lambda_ablation_24h\lambda_0p08\cycle_consistent_r2_summary.png","code_and_experiments","72711","2026-07-08T01:57:14"
"数据整理\outputs\cycle_paper_lambda_ablation_24h\cycle_lambda_ablation_24h\lambda_0p08\cycle_consistent_summary.md","code_and_experiments","1291","2026-07-08T01:57:14"
"数据整理\outputs\cycle_paper_lambda_ablation_24h\cycle_lambda_ablation_24h\lambda_0p08\horizon_24h\seed_123\cycle_learnable\metrics.csv","code_and_experiments","1500","2026-07-08T01:42:57"
"数据整理\outputs\cycle_paper_lambda_ablation_24h\cycle_lambda_ablation_24h\lambda_0p08\horizon_24h\seed_123\cycle_learnable\predictions.npz","code_and_experiments","2505095","2026-07-08T01:42:57"
"数据整理\outputs\cycle_paper_lambda_ablation_24h\cycle_lambda_ablation_24h\lambda_0p08\horizon_24h\seed_123\cycle_learnable\training_curves.png","code_and_experiments","120121","2026-07-08T01:42:58"
"数据整理\outputs\cycle_paper_lambda_ablation_24h\cycle_lambda_ablation_24h\lambda_0p08\horizon_24h\seed_123\cycle_learnable\training_log.csv","code_and_experiments","11421","2026-07-08T01:42:57"
"数据整理\outputs\cycle_paper_lambda_ablation_24h\cycle_lambda_ablation_24h\lambda_0p08\horizon_24h\seed_2024\cycle_learnable\metrics.csv","code_and_experiments","1506","2026-07-08T01:57:12"
"数据整理\outputs\cycle_paper_lambda_ablation_24h\cycle_lambda_ablation_24h\lambda_0p08\horizon_24h\seed_2024\cycle_learnable\predictions.npz","code_and_experiments","2507681","2026-07-08T01:57:13"
"数据整理\outputs\cycle_paper_lambda_ablation_24h\cycle_lambda_ablation_24h\lambda_0p08\horizon_24h\seed_2024\cycle_learnable\training_curves.png","code_and_experiments","114273","2026-07-08T01:57:13"
"数据整理\outputs\cycle_paper_lambda_ablation_24h\cycle_lambda_ablation_24h\lambda_0p08\horizon_24h\seed_2024\cycle_learnable\training_log.csv","code_and_experiments","10609","2026-07-08T01:57:12"
"数据整理\outputs\cycle_paper_lambda_ablation_24h\cycle_lambda_ablation_24h\lambda_0p08\horizon_24h\seed_42\cycle_learnable\metrics.csv","code_and_experiments","1506","2026-07-08T01:27:38"
"数据整理\outputs\cycle_paper_lambda_ablation_24h\cycle_lambda_ablation_24h\lambda_0p08\horizon_24h\seed_42\cycle_learnable\predictions.npz","code_and_experiments","2516367","2026-07-08T01:27:38"
"数据整理\outputs\cycle_paper_lambda_ablation_24h\cycle_lambda_ablation_24h\lambda_0p08\horizon_24h\seed_42\cycle_learnable\training_curves.png","code_and_experiments","119279","2026-07-08T01:27:39"
"数据整理\outputs\cycle_paper_lambda_ablation_24h\cycle_lambda_ablation_24h\lambda_0p08\horizon_24h\seed_42\cycle_learnable\training_log.csv","code_and_experiments","11423","2026-07-08T01:27:38"
"数据整理\outputs\cycle_paper_lambda_ablation_24h\logs\cycle_lambda_ablation_24h_lambda_0.log","code_and_experiments","5331","2026-07-07T22:21:50"
"数据整理\outputs\cycle_paper_lambda_ablation_24h\logs\cycle_lambda_ablation_24h_lambda_0p02.log","code_and_experiments","5220","2026-07-07T23:57:54"
"数据整理\outputs\cycle_paper_lambda_ablation_24h\logs\cycle_lambda_ablation_24h_lambda_0p04.log","code_and_experiments","5338","2026-07-08T01:11:12"
"数据整理\outputs\cycle_paper_lambda_ablation_24h\logs\cycle_lambda_ablation_24h_lambda_0p08.log","code_and_experiments","5338","2026-07-08T01:57:16"
"数据整理\outputs\cycle_paper_lambda_ablation_24h\paper_summary_tables\cycle_lambda_ablation_table.csv","code_and_experiments","725","2026-07-08T01:57:16"
"数据整理\outputs\cycle_paper_lambda_ablation_24h\paper_summary_tables\cycle_paper_longrun_summary.md","code_and_experiments","1739","2026-07-08T01:57:16"
"数据整理\outputs\cycle_paper_lambda_ablation_24h\paper_summary_tables\main_24h_multiseed_comparison_with_cycle.csv","code_and_experiments","464","2026-07-08T01:57:16"
"数据整理\outputs\cycle_paper_longrun_24h_100ep\paper_summary_tables\cycle_paper_longrun_summary.md","code_and_experiments","1390","2026-07-07T19:46:00"
"数据整理\outputs\cycle_paper_longrun_24h_100ep\paper_summary_tables\main_24h_multiseed_comparison_with_cycle.csv","code_and_experiments","464","2026-07-07T19:46:00"
"数据整理\outputs\cycle_paper_longrun_dryrun\command_manifest.txt","code_and_experiments","2459","2026-07-07T19:46:00"
"数据整理\outputs\docx_render_tmp\_0q4kx94","code_and_experiments","4","2026-06-22T18:01:48"
"数据整理\outputs\docx_render_tmp\_3hflg4j","code_and_experiments","4","2026-06-22T18:01:48"
"数据整理\outputs\docx_render_tmp\_ane_zy9","code_and_experiments","4","2026-06-22T18:01:48"
"数据整理\outputs\docx_render_tmp\_dlmcrdu","code_and_experiments","4","2026-06-22T18:01:48"
"数据整理\outputs\docx_render_tmp\_od8p9di","code_and_experiments","4","2026-06-22T18:01:48"
"数据整理\outputs\docx_render_tmp\_xay8uft","code_and_experiments","4","2026-06-22T18:01:48"
"数据整理\outputs\docx_render_tmp\0a1yaywx","code_and_experiments","4","2026-06-22T18:01:48"
"数据整理\outputs\docx_render_tmp\0pyrdths","code_and_experiments","4","2026-06-22T18:01:48"
"数据整理\outputs\docx_render_tmp\0rr1cnfv","code_and_experiments","4","2026-06-22T18:01:48"
"数据整理\outputs\docx_render_tmp\12wssdja","code_and_experiments","4","2026-06-22T18:01:48"
"数据整理\outputs\docx_render_tmp\1kf3txf5","code_and_experiments","4","2026-06-22T18:01:48"
"数据整理\outputs\docx_render_tmp\1meni0m9","code_and_experiments","4","2026-06-22T18:01:48"
"数据整理\outputs\docx_render_tmp\1w2wmbqd","code_and_experiments","4","2026-06-22T18:01:48"
"数据整理\outputs\docx_render_tmp\26pwkjx8","code_and_experiments","4","2026-06-22T18:01:48"
"数据整理\outputs\docx_render_tmp\29omwj0y","code_and_experiments","4","2026-06-22T18:01:48"
"数据整理\outputs\docx_render_tmp\2dxi9pl9","code_and_experiments","4","2026-06-22T18:01:48"
"数据整理\outputs\docx_render_tmp\2lxu2gca","code_and_experiments","4","2026-06-22T18:01:48"
"数据整理\outputs\docx_render_tmp\2opm08nv","code_and_experiments","4","2026-06-22T18:01:48"
"数据整理\outputs\docx_render_tmp\35p55c27","code_and_experiments","4","2026-06-22T18:01:48"
"数据整理\outputs\docx_render_tmp\36uy8a0n","code_and_experiments","4","2026-06-22T18:01:48"
"数据整理\outputs\docx_render_tmp\3v5cd7pl","code_and_experiments","4","2026-06-22T18:01:48"
"数据整理\outputs\docx_render_tmp\42fgvfj3","code_and_experiments","4","2026-06-22T18:01:48"
"数据整理\outputs\docx_render_tmp\519bv3if","code_and_experiments","4","2026-06-22T18:01:48"
"数据整理\outputs\docx_render_tmp\55m54x11","code_and_experiments","4","2026-06-22T18:01:48"
"数据整理\outputs\docx_render_tmp\57o2cqxb","code_and_experiments","4","2026-06-22T18:01:48"
"数据整理\outputs\docx_render_tmp\5h8va81u","code_and_experiments","4","2026-06-22T18:01:48"
"数据整理\outputs\docx_render_tmp\62_pueex","code_and_experiments","4","2026-06-22T18:01:48"
"数据整理\outputs\docx_render_tmp\63fbyy7f","code_and_experiments","4","2026-06-22T18:01:48"
"数据整理\outputs\docx_render_tmp\64sq_x6q","code_and_experiments","4","2026-06-22T18:01:48"
"数据整理\outputs\docx_render_tmp\6d3hdmuw","code_and_experiments","4","2026-06-22T18:01:48"
"数据整理\outputs\docx_render_tmp\6v8p98s8","code_and_experiments","4","2026-06-22T18:01:48"
"数据整理\outputs\docx_render_tmp\71nk_45a","code_and_experiments","4","2026-06-22T18:01:48"
"数据整理\outputs\docx_render_tmp\7698hqev","code_and_experiments","4","2026-06-22T18:01:48"
"数据整理\outputs\docx_render_tmp\779fj8wq","code_and_experiments","4","2026-06-22T18:01:48"
"数据整理\outputs\docx_render_tmp\77qk6l5k","code_and_experiments","4","2026-06-22T18:01:48"
"数据整理\outputs\docx_render_tmp\7925qbxv","code_and_experiments","4","2026-06-22T18:01:48"
"数据整理\outputs\docx_render_tmp\7bsnq30d","code_and_experiments","4","2026-06-22T18:01:48"
"数据整理\outputs\docx_render_tmp\7kmn88bh","code_and_experiments","4","2026-06-22T18:01:48"
"数据整理\outputs\docx_render_tmp\7r073iex","code_and_experiments","4","2026-06-22T18:01:48"
"数据整理\outputs\docx_render_tmp\8ktzxhg4","code_and_experiments","4","2026-06-22T18:01:48"
"数据整理\outputs\docx_render_tmp\8oplul2w","code_and_experiments","4","2026-06-22T18:01:48"
"数据整理\outputs\docx_render_tmp\8ov2dr0d","code_and_experiments","4","2026-06-22T18:01:48"
"数据整理\outputs\docx_render_tmp\8sbnwd3d","code_and_experiments","4","2026-06-22T18:01:48"
"数据整理\outputs\docx_render_tmp\8xs28fko","code_and_experiments","4","2026-06-22T18:01:48"
"数据整理\outputs\docx_render_tmp\904ugp2m","code_and_experiments","4","2026-06-22T18:01:48"
"数据整理\outputs\docx_render_tmp\9094z2_r","code_and_experiments","4","2026-06-22T18:01:48"
"数据整理\outputs\docx_render_tmp\97m199t5","code_and_experiments","4","2026-06-22T18:01:48"
"数据整理\outputs\docx_render_tmp\9dux0g9j","code_and_experiments","4","2026-06-22T18:01:48"
"数据整理\outputs\docx_render_tmp\9ehdcba3","code_and_experiments","4","2026-06-22T18:01:48"
"数据整理\outputs\docx_render_tmp\9ijvk7wj","code_and_experiments","4","2026-06-22T18:01:48"
"数据整理\outputs\docx_render_tmp\9rq196c8","code_and_experiments","4","2026-06-22T18:01:48"
"数据整理\outputs\docx_render_tmp\a93lb596","code_and_experiments","4","2026-06-22T18:01:48"
"数据整理\outputs\docx_render_tmp\aa10pb7y","code_and_experiments","4","2026-06-22T18:01:48"
"数据整理\outputs\docx_render_tmp\aekj1okg","code_and_experiments","4","2026-06-22T18:01:48"
"数据整理\outputs\docx_render_tmp\ajewkv0y","code_and_experiments","4","2026-06-22T18:01:48"
"数据整理\outputs\docx_render_tmp\ay4zjo4q","code_and_experiments","4","2026-06-22T18:01:48"
"数据整理\outputs\docx_render_tmp\ayvy1nc8","code_and_experiments","4","2026-06-22T18:01:48"
"数据整理\outputs\docx_render_tmp\b8lhl3tb","code_and_experiments","4","2026-06-22T18:01:48"
"数据整理\outputs\docx_render_tmp\bjaho4yv","code_and_experiments","4","2026-06-22T18:01:48"
"数据整理\outputs\docx_render_tmp\bleqk6c6","code_and_experiments","4","2026-06-22T18:01:48"
"数据整理\outputs\docx_render_tmp\blzevugm","code_and_experiments","4","2026-06-22T18:01:48"
"数据整理\outputs\docx_render_tmp\bqqpgy6y","code_and_experiments","4","2026-06-22T18:01:48"
"数据整理\outputs\docx_render_tmp\busdsdr6","code_and_experiments","4","2026-06-22T18:01:48"
"数据整理\outputs\docx_render_tmp\bxnvu3a0","code_and_experiments","4","2026-06-22T18:01:48"
"数据整理\outputs\docx_render_tmp\c9z1cqs_","code_and_experiments","4","2026-06-22T18:01:48"
"数据整理\outputs\docx_render_tmp\cgnjoygw","code_and_experiments","4","2026-06-22T18:01:48"
"数据整理\outputs\docx_render_tmp\chhmeoyf","code_and_experiments","4","2026-06-22T18:01:48"
"数据整理\outputs\docx_render_tmp\cj7518p5","code_and_experiments","4","2026-06-22T18:01:48"
"数据整理\outputs\docx_render_tmp\cujq7y6p","code_and_experiments","4","2026-06-22T18:01:48"
"数据整理\outputs\docx_render_tmp\d2i396rh","code_and_experiments","4","2026-06-22T18:01:48"
"数据整理\outputs\docx_render_tmp\d6wel96d","code_and_experiments","4","2026-06-22T18:01:48"
"数据整理\outputs\docx_render_tmp\dfz210e6","code_and_experiments","4","2026-06-22T18:01:48"
"数据整理\outputs\docx_render_tmp\dio7tk_q","code_and_experiments","4","2026-06-22T18:01:48"
"数据整理\outputs\docx_render_tmp\dp3yz2tn","code_and_experiments","4","2026-06-22T18:01:48"
"数据整理\outputs\docx_render_tmp\dv92vp3c","code_and_experiments","4","2026-06-22T18:01:48"
"数据整理\outputs\docx_render_tmp\dx8by0zr","code_and_experiments","4","2026-06-22T18:01:48"
"数据整理\outputs\docx_render_tmp\ebx5744i","code_and_experiments","4","2026-06-22T18:01:48"
"数据整理\outputs\docx_render_tmp\ed1beoxj","code_and_experiments","4","2026-06-22T18:01:48"
"数据整理\outputs\docx_render_tmp\eu_9wdfi","code_and_experiments","4","2026-06-22T18:01:48"
"数据整理\outputs\docx_render_tmp\f_2mz4yv","code_and_experiments","4","2026-06-22T18:01:48"
"数据整理\outputs\docx_render_tmp\f_gxrs00","code_and_experiments","4","2026-06-22T18:01:48"
"数据整理\outputs\docx_render_tmp\f_u9gz5r","code_and_experiments","4","2026-06-22T18:01:48"
"数据整理\outputs\docx_render_tmp\fig61_6s","code_and_experiments","4","2026-06-22T18:01:48"
"数据整理\outputs\docx_render_tmp\fxt0rgc1","code_and_experiments","4","2026-06-22T18:01:48"
"数据整理\outputs\docx_render_tmp\g28txjml","code_and_experiments","4","2026-06-22T18:01:48"
"数据整理\outputs\docx_render_tmp\g3k0_426","code_and_experiments","4","2026-06-22T18:01:48"
"数据整理\outputs\docx_render_tmp\ghroevkt","code_and_experiments","4","2026-06-22T18:01:48"
"数据整理\outputs\docx_render_tmp\gi12st8e","code_and_experiments","4","2026-06-22T18:01:48"
"数据整理\outputs\docx_render_tmp\gpio3w2k","code_and_experiments","4","2026-06-22T18:01:48"
"数据整理\outputs\docx_render_tmp\gtq6okg4","code_and_experiments","4","2026-06-22T18:01:48"
"数据整理\outputs\docx_render_tmp\h00mqt0j","code_and_experiments","4","2026-06-22T18:01:48"
"数据整理\outputs\docx_render_tmp\h56u8ag5","code_and_experiments","4","2026-06-22T18:01:48"
"数据整理\outputs\docx_render_tmp\he08b6o5","code_and_experiments","4","2026-06-22T18:01:48"
"数据整理\outputs\docx_render_tmp\hmchlgqu","code_and_experiments","4","2026-06-22T18:01:48"
"数据整理\outputs\docx_render_tmp\i78eucx5","code_and_experiments","4","2026-06-22T18:01:48"
"数据整理\outputs\docx_render_tmp\icduja2j","code_and_experiments","4","2026-06-22T18:01:48"
"数据整理\outputs\docx_render_tmp\il3k9p1p","code_and_experiments","4","2026-06-22T18:01:48"
"数据整理\outputs\docx_render_tmp\iouj6ige","code_and_experiments","4","2026-06-22T18:01:48"
"数据整理\outputs\docx_render_tmp\ip22krke","code_and_experiments","4","2026-06-22T18:01:48"
"数据整理\outputs\docx_render_tmp\iqwo4_om","code_and_experiments","4","2026-06-22T18:01:48"
"数据整理\outputs\docx_render_tmp\j4bsorzo","code_and_experiments","4","2026-06-22T18:01:48"
"数据整理\outputs\docx_render_tmp\j4eg31gr","code_and_experiments","4","2026-06-22T18:01:48"
"数据整理\outputs\docx_render_tmp\jgxr5g96","code_and_experiments","4","2026-06-22T18:01:48"
"数据整理\outputs\docx_render_tmp\jjzcvemr","code_and_experiments","4","2026-06-22T18:01:48"
"数据整理\outputs\docx_render_tmp\jketlee4","code_and_experiments","4","2026-06-22T18:01:48"
"数据整理\outputs\docx_render_tmp\jqnvqk7_","code_and_experiments","4","2026-06-22T18:01:48"
"数据整理\outputs\docx_render_tmp\jw71izak","code_and_experiments","4","2026-06-22T18:01:48"
"数据整理\outputs\docx_render_tmp\k7g0pnmk","code_and_experiments","4","2026-06-22T18:01:48"
"数据整理\outputs\docx_render_tmp\kjrpkbu2","code_and_experiments","4","2026-06-22T18:01:48"
"数据整理\outputs\docx_render_tmp\kjrtdcg4","code_and_experiments","4","2026-06-22T18:01:48"
"数据整理\outputs\docx_render_tmp\kqq75bl4","code_and_experiments","4","2026-06-22T18:01:48"
"数据整理\outputs\docx_render_tmp\kr0ntu17","code_and_experiments","4","2026-06-22T18:01:48"
"数据整理\outputs\docx_render_tmp\ksyybcc0","code_and_experiments","4","2026-06-22T18:01:48"
"数据整理\outputs\docx_render_tmp\l5mk8gid","code_and_experiments","4","2026-06-22T18:01:48"
"数据整理\outputs\docx_render_tmp\l9anooky","code_and_experiments","4","2026-06-22T18:01:48"
"数据整理\outputs\docx_render_tmp\lvpmzyv_","code_and_experiments","4","2026-06-22T18:01:48"
"数据整理\outputs\docx_render_tmp\ly0xipbb","code_and_experiments","4","2026-06-22T18:01:48"
"数据整理\outputs\docx_render_tmp\m_omdx66","code_and_experiments","4","2026-06-22T18:01:48"
"数据整理\outputs\docx_render_tmp\m43o102e","code_and_experiments","4","2026-06-22T18:01:48"
"数据整理\outputs\docx_render_tmp\m5gbg0wa","code_and_experiments","4","2026-06-22T18:01:48"
"数据整理\outputs\docx_render_tmp\mh85rysz","code_and_experiments","4","2026-06-22T18:01:48"
"数据整理\outputs\docx_render_tmp\mhggg32b","code_and_experiments","4","2026-06-22T18:01:48"
"数据整理\outputs\docx_render_tmp\mmo_00vt","code_and_experiments","4","2026-06-22T18:01:48"
"数据整理\outputs\docx_render_tmp\n_fyks47","code_and_experiments","4","2026-06-22T18:01:48"
"数据整理\outputs\docx_render_tmp\n2xxjzo4","code_and_experiments","4","2026-06-22T18:01:48"
"数据整理\outputs\docx_render_tmp\nqi4sfz2","code_and_experiments","4","2026-06-22T18:01:48"
"数据整理\outputs\docx_render_tmp\nwvjmjoy","code_and_experiments","4","2026-06-22T18:01:48"
"数据整理\outputs\docx_render_tmp\o2flg4a6","code_and_experiments","4","2026-06-22T18:01:48"
"数据整理\outputs\docx_render_tmp\oaalcp3e","code_and_experiments","4","2026-06-22T18:01:48"
"数据整理\outputs\docx_render_tmp\on004794","code_and_experiments","4","2026-06-22T18:01:48"
"数据整理\outputs\docx_render_tmp\os9idzd7","code_and_experiments","4","2026-06-22T18:01:48"
"数据整理\outputs\docx_render_tmp\ot098zkz","code_and_experiments","4","2026-06-22T18:01:48"
"数据整理\outputs\docx_render_tmp\ovokz43v","code_and_experiments","4","2026-06-22T18:01:48"
"数据整理\outputs\docx_render_tmp\oz8z3f37","code_and_experiments","4","2026-06-22T18:01:48"
"数据整理\outputs\docx_render_tmp\p92cfw8u","code_and_experiments","4","2026-06-22T18:01:48"
"数据整理\outputs\docx_render_tmp\pasrqw7r","code_and_experiments","4","2026-06-22T18:01:48"
"数据整理\outputs\docx_render_tmp\pfe7jshu","code_and_experiments","4","2026-06-22T18:01:48"
"数据整理\outputs\docx_render_tmp\pir8u47s","code_and_experiments","4","2026-06-22T18:01:48"
"数据整理\outputs\docx_render_tmp\q4vai4hd","code_and_experiments","4","2026-06-22T18:01:48"
"数据整理\outputs\docx_render_tmp\q4xdt_gz","code_and_experiments","4","2026-06-22T18:01:48"
"数据整理\outputs\docx_render_tmp\qetdzb2r","code_and_experiments","4","2026-06-22T18:01:48"
"数据整理\outputs\docx_render_tmp\qlxeclrt","code_and_experiments","4","2026-06-22T18:01:48"
"数据整理\outputs\docx_render_tmp\qmf3ujd_","code_and_experiments","4","2026-06-22T18:01:48"
"数据整理\outputs\docx_render_tmp\qup9rd4x","code_and_experiments","4","2026-06-22T18:01:48"
"数据整理\outputs\docx_render_tmp\r2a285hu","code_and_experiments","4","2026-06-22T18:01:48"
"数据整理\outputs\docx_render_tmp\r6988ea1","code_and_experiments","4","2026-06-22T18:01:48"
"数据整理\outputs\docx_render_tmp\rjsx4l1c","code_and_experiments","4","2026-06-22T18:01:48"
"数据整理\outputs\docx_render_tmp\rn_fm7pe","code_and_experiments","4","2026-06-22T18:01:48"
"数据整理\outputs\docx_render_tmp\ruoeqfp1","code_and_experiments","4","2026-06-22T18:01:48"
"数据整理\outputs\docx_render_tmp\s0_xdwqv","code_and_experiments","4","2026-06-22T18:01:48"
"数据整理\outputs\docx_render_tmp\s2xo_8hc","code_and_experiments","4","2026-06-22T18:01:48"
"数据整理\outputs\docx_render_tmp\s3wks5g_","code_and_experiments","4","2026-06-22T18:01:48"
"数据整理\outputs\docx_render_tmp\shsocqzr","code_and_experiments","4","2026-06-22T18:01:48"
"数据整理\outputs\docx_render_tmp\srv9xtbs","code_and_experiments","4","2026-06-22T18:01:48"
"数据整理\outputs\docx_render_tmp\sucvtdnr","code_and_experiments","4","2026-06-22T18:01:48"
"数据整理\outputs\docx_render_tmp\t185wqgh","code_and_experiments","4","2026-06-22T18:01:48"
"数据整理\outputs\docx_render_tmp\t3q2kwd5","code_and_experiments","4","2026-06-22T18:01:48"
"数据整理\outputs\docx_render_tmp\t4pjcmy_","code_and_experiments","4","2026-06-22T18:01:48"
"数据整理\outputs\docx_render_tmp\t5s357h_","code_and_experiments","4","2026-06-22T18:01:48"
"数据整理\outputs\docx_render_tmp\tay_ryv1","code_and_experiments","4","2026-06-22T18:01:48"
"数据整理\outputs\docx_render_tmp\ti4qipcz","code_and_experiments","4","2026-06-22T18:01:48"
"数据整理\outputs\docx_render_tmp\tlb5yc10","code_and_experiments","4","2026-06-22T18:01:48"
"数据整理\outputs\docx_render_tmp\u07f6hh7","code_and_experiments","4","2026-06-22T18:01:48"
"数据整理\outputs\docx_render_tmp\u07homk1","code_and_experiments","4","2026-06-22T18:01:48"
"数据整理\outputs\docx_render_tmp\u12o8u1w","code_and_experiments","4","2026-06-22T18:01:48"
"数据整理\outputs\docx_render_tmp\u5i3vdnx","code_and_experiments","4","2026-06-22T18:01:48"
"数据整理\outputs\docx_render_tmp\us81pwvv","code_and_experiments","4","2026-06-22T18:01:48"
"数据整理\outputs\docx_render_tmp\vla75hee","code_and_experiments","4","2026-06-22T18:01:48"
"数据整理\outputs\docx_render_tmp\vmvl741u","code_and_experiments","4","2026-06-22T18:01:48"
"数据整理\outputs\docx_render_tmp\vsguf3su","code_and_experiments","4","2026-06-22T18:01:48"
"数据整理\outputs\docx_render_tmp\w8d85ob3","code_and_experiments","4","2026-06-22T18:01:48"
"数据整理\outputs\docx_render_tmp\wdieh86g","code_and_experiments","4","2026-06-22T18:01:48"
"数据整理\outputs\docx_render_tmp\wfygxj8h","code_and_experiments","4","2026-06-22T18:01:48"
"数据整理\outputs\docx_render_tmp\wkxxg1r_","code_and_experiments","4","2026-06-22T18:01:48"
"数据整理\outputs\docx_render_tmp\wnz270j7","code_and_experiments","4","2026-06-22T18:01:48"
"数据整理\outputs\docx_render_tmp\wy0hy9vl","code_and_experiments","4","2026-06-22T18:01:48"
"数据整理\outputs\docx_render_tmp\x42kc1h9","code_and_experiments","4","2026-06-22T18:01:48"
"数据整理\outputs\docx_render_tmp\x6uav73o","code_and_experiments","4","2026-06-22T18:01:48"
"数据整理\outputs\docx_render_tmp\x814o5s3","code_and_experiments","4","2026-06-22T18:01:48"
"数据整理\outputs\docx_render_tmp\xcpamgc9","code_and_experiments","4","2026-06-22T18:01:48"
"数据整理\outputs\docx_render_tmp\xe2je90h","code_and_experiments","4","2026-06-22T18:01:48"
"数据整理\outputs\docx_render_tmp\xieiny15","code_and_experiments","4","2026-06-22T18:01:48"
"数据整理\outputs\docx_render_tmp\xlebw99x","code_and_experiments","4","2026-06-22T18:01:48"
"数据整理\outputs\docx_render_tmp\xm34x0t3","code_and_experiments","4","2026-06-22T18:01:48"
"数据整理\outputs\docx_render_tmp\xon2q61j","code_and_experiments","4","2026-06-22T18:01:48"
"数据整理\outputs\docx_render_tmp\yav1cb3j","code_and_experiments","4","2026-06-22T18:01:48"
"数据整理\outputs\docx_render_tmp\yhc0ygvz","code_and_experiments","4","2026-06-22T18:01:48"
"数据整理\outputs\docx_render_tmp\yo3is3i4","code_and_experiments","4","2026-06-22T18:01:48"
"数据整理\outputs\docx_render_tmp\ypi6xfm1","code_and_experiments","4","2026-06-22T18:01:48"
"数据整理\outputs\docx_render_tmp\ys5nx1r5","code_and_experiments","4","2026-06-22T18:01:48"
"数据整理\outputs\docx_render_tmp\ysk4v1lz","code_and_experiments","4","2026-06-22T18:01:48"
"数据整理\outputs\docx_render_tmp\yyauauyf","code_and_experiments","4","2026-06-22T18:01:48"
"数据整理\outputs\docx_render_tmp\z0p77xfm","code_and_experiments","4","2026-06-22T18:01:48"
"数据整理\outputs\docx_render_tmp\za218swp","code_and_experiments","4","2026-06-22T18:01:48"
"数据整理\outputs\docx_render_tmp\zcsp1tmy","code_and_experiments","4","2026-06-22T18:01:48"
"数据整理\outputs\docx_render_tmp\zeohoy2s","code_and_experiments","4","2026-06-22T18:01:48"
"数据整理\outputs\docx_render_tmp\zivm971a","code_and_experiments","4","2026-06-22T18:01:48"
"数据整理\outputs\docx_render_tmp\zjtp5bk5","code_and_experiments","4","2026-06-22T18:01:48"
"数据整理\outputs\docx_render_tmp\zncdkbn8","code_and_experiments","4","2026-06-22T18:01:48"
"数据整理\outputs\docx_render_tmp\zuuh4sfp","code_and_experiments","4","2026-06-22T18:01:48"
"数据整理\outputs\enhanced_forcing_physics_loss_ablation_v3\coops_features_used.csv","code_and_experiments","237","2026-06-21T21:28:26"
"数据整理\outputs\enhanced_forcing_physics_loss_ablation_v3\horizon_12h\eta_only\metrics.csv","code_and_experiments","1908","2026-06-21T21:40:31"
"数据整理\outputs\enhanced_forcing_physics_loss_ablation_v3\horizon_12h\eta_only\per_lead_metrics.csv","code_and_experiments","1057","2026-06-21T21:40:31"
"数据整理\outputs\enhanced_forcing_physics_loss_ablation_v3\horizon_12h\eta_only\predictions.npz","code_and_experiments","5344350","2026-06-21T21:40:32"
"数据整理\outputs\enhanced_forcing_physics_loss_ablation_v3\horizon_12h\eta_only\training_log.csv","code_and_experiments","51428","2026-06-21T21:40:31"
"数据整理\outputs\enhanced_forcing_physics_loss_ablation_v3\horizon_12h\eta_uv\metrics.csv","code_and_experiments","1907","2026-06-21T21:45:38"
"数据整理\outputs\enhanced_forcing_physics_loss_ablation_v3\horizon_12h\eta_uv\per_lead_metrics.csv","code_and_experiments","1058","2026-06-21T21:45:38"
"数据整理\outputs\enhanced_forcing_physics_loss_ablation_v3\horizon_12h\eta_uv\predictions.npz","code_and_experiments","5338142","2026-06-21T21:45:38"
"数据整理\outputs\enhanced_forcing_physics_loss_ablation_v3\horizon_12h\eta_uv\training_log.csv","code_and_experiments","80209","2026-06-21T21:45:38"
"数据整理\outputs\enhanced_forcing_physics_loss_ablation_v3\horizon_12h\eta_uvW\metrics.csv","code_and_experiments","1909","2026-06-21T21:51:36"
"数据整理\outputs\enhanced_forcing_physics_loss_ablation_v3\horizon_12h\eta_uvW\per_lead_metrics.csv","code_and_experiments","1063","2026-06-21T21:51:37"
"数据整理\outputs\enhanced_forcing_physics_loss_ablation_v3\horizon_12h\eta_uvW\predictions.npz","code_and_experiments","5336446","2026-06-21T21:51:37"
"数据整理\outputs\enhanced_forcing_physics_loss_ablation_v3\horizon_12h\eta_uvW\training_log.csv","code_and_experiments","94093","2026-06-21T21:51:36"
"数据整理\outputs\enhanced_forcing_physics_loss_ablation_v3\horizon_12h\no_physics\metrics.csv","code_and_experiments","1906","2026-06-21T21:34:58"
"数据整理\outputs\enhanced_forcing_physics_loss_ablation_v3\horizon_12h\no_physics\per_lead_metrics.csv","code_and_experiments","1059","2026-06-21T21:34:58"
"数据整理\outputs\enhanced_forcing_physics_loss_ablation_v3\horizon_12h\no_physics\predictions.npz","code_and_experiments","5332126","2026-06-21T21:34:59"
"数据整理\outputs\enhanced_forcing_physics_loss_ablation_v3\horizon_12h\no_physics\training_log.csv","code_and_experiments","36155","2026-06-21T21:34:58"
"数据整理\outputs\enhanced_forcing_physics_loss_ablation_v3\horizon_24h\eta_only\metrics.csv","code_and_experiments","1905","2026-06-21T22:02:27"
"数据整理\outputs\enhanced_forcing_physics_loss_ablation_v3\horizon_24h\eta_only\per_lead_metrics.csv","code_and_experiments","2060","2026-06-21T22:02:27"
"数据整理\outputs\enhanced_forcing_physics_loss_ablation_v3\horizon_24h\eta_only\predictions.npz","code_and_experiments","10150985","2026-06-21T22:02:28"
"数据整理\outputs\enhanced_forcing_physics_loss_ablation_v3\horizon_24h\eta_only\training_log.csv","code_and_experiments","51434","2026-06-21T22:02:27"
"数据整理\outputs\enhanced_forcing_physics_loss_ablation_v3\horizon_24h\eta_uv\metrics.csv","code_and_experiments","1902","2026-06-21T22:07:35"
"数据整理\outputs\enhanced_forcing_physics_loss_ablation_v3\horizon_24h\eta_uv\per_lead_metrics.csv","code_and_experiments","2054","2026-06-21T22:07:35"
"数据整理\outputs\enhanced_forcing_physics_loss_ablation_v3\horizon_24h\eta_uv\predictions.npz","code_and_experiments","10136217","2026-06-21T22:07:37"
"数据整理\outputs\enhanced_forcing_physics_loss_ablation_v3\horizon_24h\eta_uv\training_log.csv","code_and_experiments","80355","2026-06-21T22:07:35"
"数据整理\outputs\enhanced_forcing_physics_loss_ablation_v3\horizon_24h\eta_uvW\metrics.csv","code_and_experiments","1910","2026-06-21T22:13:58"
"数据整理\outputs\enhanced_forcing_physics_loss_ablation_v3\horizon_24h\eta_uvW\per_lead_metrics.csv","code_and_experiments","2058","2026-06-21T22:13:59"
"数据整理\outputs\enhanced_forcing_physics_loss_ablation_v3\horizon_24h\eta_uvW\predictions.npz","code_and_experiments","10144715","2026-06-21T22:14:01"
"数据整理\outputs\enhanced_forcing_physics_loss_ablation_v3\horizon_24h\eta_uvW\training_log.csv","code_and_experiments","94352","2026-06-21T22:13:58"
"数据整理\outputs\enhanced_forcing_physics_loss_ablation_v3\horizon_24h\no_physics\metrics.csv","code_and_experiments","1908","2026-06-21T21:57:02"
"数据整理\outputs\enhanced_forcing_physics_loss_ablation_v3\horizon_24h\no_physics\per_lead_metrics.csv","code_and_experiments","2056","2026-06-21T21:57:02"
"数据整理\outputs\enhanced_forcing_physics_loss_ablation_v3\horizon_24h\no_physics\predictions.npz","code_and_experiments","10154209","2026-06-21T21:57:04"
"数据整理\outputs\enhanced_forcing_physics_loss_ablation_v3\horizon_24h\no_physics\training_log.csv","code_and_experiments","36080","2026-06-21T21:57:02"
"数据整理\outputs\enhanced_forcing_physics_loss_ablation_v3\station_meta_used.csv","code_and_experiments","263","2026-06-21T21:28:26"
"数据整理\outputs\enhanced_forcing_physics_loss_ablation_v3\v3_ablation_key_metrics.csv","code_and_experiments","2028","2026-06-21T22:14:01"
"数据整理\outputs\enhanced_forcing_physics_loss_ablation_v3\v3_ablation_last_step_comparison.png","code_and_experiments","224002","2026-06-21T22:14:02"
"数据整理\outputs\enhanced_forcing_physics_loss_ablation_v3\v3_ablation_metrics.csv","code_and_experiments","8731","2026-06-21T22:14:01"
"数据整理\outputs\enhanced_forcing_physics_loss_ablation_v3\v3_physics_gain_summary.csv","code_and_experiments","155","2026-06-21T22:14:02"
"数据整理\outputs\final_four_models_enhanced_data\final_four_models_enhanced_24h.png","code_and_experiments","79455","2026-06-22T00:41:52"
"数据整理\outputs\final_four_models_enhanced_data\final_four_models_enhanced_key_metrics.csv","code_and_experiments","931","2026-06-22T00:41:52"
"数据整理\outputs\final_four_models_enhanced_data\final_four_models_enhanced_metrics.csv","code_and_experiments","3830","2026-06-22T00:41:52"
"数据整理\outputs\final_four_models_enhanced_data\final_four_models_enhanced_metrics_partial.csv","code_and_experiments","3830","2026-06-22T00:41:52"
"数据整理\outputs\final_four_models_enhanced_data\horizon_24h\gnn_bigru\metrics.csv","code_and_experiments","1335","2026-06-22T00:12:51"
"数据整理\outputs\final_four_models_enhanced_data\horizon_24h\gnn_bigru\predictions.npz","code_and_experiments","2520018","2026-06-22T00:12:52"
"数据整理\outputs\final_four_models_enhanced_data\horizon_24h\gnn_bigru\training_log.csv","code_and_experiments","2071","2026-06-22T00:12:51"
"数据整理\outputs\final_four_models_enhanced_data\horizon_24h\learnable_graph\metrics.csv","code_and_experiments","1416","2026-06-22T00:22:21"
"数据整理\outputs\final_four_models_enhanced_data\horizon_24h\learnable_graph\predictions.npz","code_and_experiments","2531805","2026-06-22T00:22:21"
"数据整理\outputs\final_four_models_enhanced_data\horizon_24h\learnable_graph\training_log.csv","code_and_experiments","4611","2026-06-22T00:22:21"
"数据整理\outputs\final_four_models_enhanced_data\horizon_24h\ode_based_learnable\metrics.csv","code_and_experiments","1424","2026-06-22T00:31:40"
"数据整理\outputs\final_four_models_enhanced_data\horizon_24h\ode_based_learnable\predictions.npz","code_and_experiments","2535014","2026-06-22T00:31:41"
"数据整理\outputs\final_four_models_enhanced_data\horizon_24h\ode_based_learnable\training_log.csv","code_and_experiments","4716","2026-06-22T00:31:40"
"数据整理\outputs\final_four_models_enhanced_data\horizon_24h\physical_loss\metrics.csv","code_and_experiments","1812","2026-06-22T00:41:50"
"数据整理\outputs\final_four_models_enhanced_data\horizon_24h\physical_loss\predictions.npz","code_and_experiments","10130043","2026-06-22T00:41:52"
"数据整理\outputs\final_four_models_enhanced_data\horizon_24h\physical_loss\training_log.csv","code_and_experiments","125020","2026-06-22T00:41:50"
"数据整理\outputs\final_model_comparison\all_model_comparison_long.csv","code_and_experiments","17927","2026-06-16T15:22:00"
"数据整理\outputs\final_model_comparison\best_model_by_horizon_last_residual_rmse.csv","code_and_experiments","1623","2026-06-16T15:22:00"
"数据整理\outputs\final_model_comparison\best_model_by_horizon_seq_residual_rmse.csv","code_and_experiments","1623","2026-06-16T15:22:00"
"数据整理\outputs\final_model_comparison\comparison_last_residual_RMSE.png","code_and_experiments","79176","2026-06-16T15:22:02"
"数据整理\outputs\final_model_comparison\comparison_seq_residual_RMSE.png","code_and_experiments","76650","2026-06-16T15:22:01"
"数据整理\outputs\final_model_comparison\key_model_comparison_for_ppt.csv","code_and_experiments","6433","2026-06-16T15:22:00"
"数据整理\outputs\final_model_comparison\learned_graph_weights_summary.csv","code_and_experiments","1406","2026-06-16T15:22:00"
"数据整理\outputs\final_model_comparison\physics_to_hybrid_improvement.csv","code_and_experiments","1206","2026-06-16T15:22:00"
"数据整理\outputs\final_model_comparison\recommended_horizon_specific_strategy.csv","code_and_experiments","1979","2026-06-16T15:22:00"
"数据整理\outputs\final_validation_tasks\all_validation_metrics_long.csv","code_and_experiments","9731","2026-06-22T09:40:12"
"数据整理\outputs\final_validation_tasks\task_1_single_seed_metrics.csv","code_and_experiments","2933","2026-06-22T09:40:12"
"数据整理\outputs\final_validation_tasks\task_2_horizon_model_key_metrics.csv","code_and_experiments","2933","2026-06-22T09:40:12"
"数据整理\outputs\final_validation_tasks\task_2_last_residual_R2_by_horizon.png","code_and_experiments","188295","2026-06-22T09:40:12"
"数据整理\outputs\final_validation_tasks\task_3_extreme_event_metrics.csv","code_and_experiments","1489","2026-06-22T09:40:12"
"数据整理\outputs\final_validation_tasks\task_3_extreme_q95_R2_by_horizon.png","code_and_experiments","201137","2026-06-22T09:40:13"
"数据整理\outputs\final_validation_tasks\task2_all_models_horizons_seed42\final_four_models_enhanced_12h.png","code_and_experiments","80627","2026-06-22T09:40:10"
"数据整理\outputs\final_validation_tasks\task2_all_models_horizons_seed42\final_four_models_enhanced_24h.png","code_and_experiments","79896","2026-06-22T09:40:11"
"数据整理\outputs\final_validation_tasks\task2_all_models_horizons_seed42\final_four_models_enhanced_6h.png","code_and_experiments","81021","2026-06-22T09:40:10"
"数据整理\outputs\final_validation_tasks\task2_all_models_horizons_seed42\final_four_models_enhanced_key_metrics.csv","code_and_experiments","2404","2026-06-22T09:40:09"
"数据整理\outputs\final_validation_tasks\task2_all_models_horizons_seed42\final_four_models_enhanced_metrics.csv","code_and_experiments","9719","2026-06-22T09:40:09"
"数据整理\outputs\final_validation_tasks\task2_all_models_horizons_seed42\final_four_models_enhanced_metrics_partial.csv","code_and_experiments","9719","2026-06-22T09:40:09"
"数据整理\outputs\final_validation_tasks\task2_all_models_horizons_seed42\horizon_12h\gnn_bigru\metrics.csv","code_and_experiments","1334","2026-06-22T09:11:36"
"数据整理\outputs\final_validation_tasks\task2_all_models_horizons_seed42\horizon_12h\gnn_bigru\predictions.npz","code_and_experiments","1383116","2026-06-22T09:11:36"
"数据整理\outputs\final_validation_tasks\task2_all_models_horizons_seed42\horizon_12h\gnn_bigru\training_log.csv","code_and_experiments","1612","2026-06-22T09:11:36"
"数据整理\outputs\final_validation_tasks\task2_all_models_horizons_seed42\horizon_12h\learnable_graph\metrics.csv","code_and_experiments","1413","2026-06-22T09:16:02"
"数据整理\outputs\final_validation_tasks\task2_all_models_horizons_seed42\horizon_12h\learnable_graph\predictions.npz","code_and_experiments","1392315","2026-06-22T09:16:03"
"数据整理\outputs\final_validation_tasks\task2_all_models_horizons_seed42\horizon_12h\learnable_graph\training_log.csv","code_and_experiments","3679","2026-06-22T09:16:02"
"数据整理\outputs\final_validation_tasks\task2_all_models_horizons_seed42\horizon_12h\ode_based_learnable\metrics.csv","code_and_experiments","1419","2026-06-22T09:22:57"
"数据整理\outputs\final_validation_tasks\task2_all_models_horizons_seed42\horizon_12h\ode_based_learnable\predictions.npz","code_and_experiments","1390094","2026-06-22T09:22:58"
"数据整理\outputs\final_validation_tasks\task2_all_models_horizons_seed42\horizon_12h\ode_based_learnable\training_log.csv","code_and_experiments","3680","2026-06-22T09:22:57"
"数据整理\outputs\final_validation_tasks\task2_all_models_horizons_seed42\horizon_12h\physical_loss\metrics.csv","code_and_experiments","1813","2026-06-22T09:25:27"
"数据整理\outputs\final_validation_tasks\task2_all_models_horizons_seed42\horizon_12h\physical_loss\predictions.npz","code_and_experiments","5330150","2026-06-22T09:25:28"
"数据整理\outputs\final_validation_tasks\task2_all_models_horizons_seed42\horizon_12h\physical_loss\training_log.csv","code_and_experiments","93888","2026-06-22T09:25:27"
"数据整理\outputs\final_validation_tasks\task2_all_models_horizons_seed42\horizon_24h\gnn_bigru\metrics.csv","code_and_experiments","1331","2026-06-22T09:27:14"
"数据整理\outputs\final_validation_tasks\task2_all_models_horizons_seed42\horizon_24h\gnn_bigru\predictions.npz","code_and_experiments","2519287","2026-06-22T09:27:15"
"数据整理\outputs\final_validation_tasks\task2_all_models_horizons_seed42\horizon_24h\gnn_bigru\training_log.csv","code_and_experiments","1613","2026-06-22T09:27:14"
"数据整理\outputs\final_validation_tasks\task2_all_models_horizons_seed42\horizon_24h\learnable_graph\metrics.csv","code_and_experiments","1407","2026-06-22T09:29:07"
"数据整理\outputs\final_validation_tasks\task2_all_models_horizons_seed42\horizon_24h\learnable_graph\predictions.npz","code_and_experiments","2535215","2026-06-22T09:29:08"
"数据整理\outputs\final_validation_tasks\task2_all_models_horizons_seed42\horizon_24h\learnable_graph\training_log.csv","code_and_experiments","3680","2026-06-22T09:29:07"
"数据整理\outputs\final_validation_tasks\task2_all_models_horizons_seed42\horizon_24h\ode_based_learnable\metrics.csv","code_and_experiments","1422","2026-06-22T09:33:07"
"数据整理\outputs\final_validation_tasks\task2_all_models_horizons_seed42\horizon_24h\ode_based_learnable\predictions.npz","code_and_experiments","2528331","2026-06-22T09:33:08"
"数据整理\outputs\final_validation_tasks\task2_all_models_horizons_seed42\horizon_24h\ode_based_learnable\training_log.csv","code_and_experiments","3681","2026-06-22T09:33:07"
"数据整理\outputs\final_validation_tasks\task2_all_models_horizons_seed42\horizon_24h\physical_loss\metrics.csv","code_and_experiments","1816","2026-06-22T09:40:08"
"数据整理\outputs\final_validation_tasks\task2_all_models_horizons_seed42\horizon_24h\physical_loss\predictions.npz","code_and_experiments","10123814","2026-06-22T09:40:09"
"数据整理\outputs\final_validation_tasks\task2_all_models_horizons_seed42\horizon_24h\physical_loss\training_log.csv","code_and_experiments","93849","2026-06-22T09:40:08"
"数据整理\outputs\final_validation_tasks\task2_all_models_horizons_seed42\horizon_6h\gnn_bigru\metrics.csv","code_and_experiments","1338","2026-06-22T08:46:31"
"数据整理\outputs\final_validation_tasks\task2_all_models_horizons_seed42\horizon_6h\gnn_bigru\predictions.npz","code_and_experiments","803546","2026-06-22T08:46:31"
"数据整理\outputs\final_validation_tasks\task2_all_models_horizons_seed42\horizon_6h\gnn_bigru\training_log.csv","code_and_experiments","1620","2026-06-22T08:46:31"
"数据整理\outputs\final_validation_tasks\task2_all_models_horizons_seed42\horizon_6h\learnable_graph\metrics.csv","code_and_experiments","1413","2026-06-22T08:55:11"
"数据整理\outputs\final_validation_tasks\task2_all_models_horizons_seed42\horizon_6h\learnable_graph\predictions.npz","code_and_experiments","805590","2026-06-22T08:55:11"
"数据整理\outputs\final_validation_tasks\task2_all_models_horizons_seed42\horizon_6h\learnable_graph\training_log.csv","code_and_experiments","3691","2026-06-22T08:55:11"
"数据整理\outputs\final_validation_tasks\task2_all_models_horizons_seed42\horizon_6h\ode_based_learnable\metrics.csv","code_and_experiments","1421","2026-06-22T08:59:44"
"数据整理\outputs\final_validation_tasks\task2_all_models_horizons_seed42\horizon_6h\ode_based_learnable\predictions.npz","code_and_experiments","805582","2026-06-22T08:59:44"
"数据整理\outputs\final_validation_tasks\task2_all_models_horizons_seed42\horizon_6h\ode_based_learnable\training_log.csv","code_and_experiments","3683","2026-06-22T08:59:44"
"数据整理\outputs\final_validation_tasks\task2_all_models_horizons_seed42\horizon_6h\physical_loss\metrics.csv","code_and_experiments","1821","2026-06-22T09:07:56"
"数据整理\outputs\final_validation_tasks\task2_all_models_horizons_seed42\horizon_6h\physical_loss\predictions.npz","code_and_experiments","2930058","2026-06-22T09:07:57"
"数据整理\outputs\final_validation_tasks\task2_all_models_horizons_seed42\horizon_6h\physical_loss\training_log.csv","code_and_experiments","93826","2026-06-22T09:07:56"
"数据整理\outputs\final_validation_tasks\task2_all_models_horizons_seed42\metrics_with_seed.csv","code_and_experiments","9731","2026-06-22T09:40:12"
"数据整理\outputs\final_validation_tasks_multiseed\all_validation_metrics_long.csv","code_and_experiments","5470","2026-06-22T09:59:52"
"数据整理\outputs\final_validation_tasks_multiseed\task_1_multiseed_mean_std.csv","code_and_experiments","873","2026-06-22T09:59:52"
"数据整理\outputs\final_validation_tasks_multiseed\task_2_horizon_model_key_metrics.csv","code_and_experiments","1487","2026-06-22T09:59:52"
"数据整理\outputs\final_validation_tasks_multiseed\task_2_last_residual_R2_by_horizon.png","code_and_experiments","61665","2026-06-22T09:59:52"
"数据整理\outputs\final_validation_tasks_multiseed\task_3_extreme_event_metrics.csv","code_and_experiments","797","2026-06-22T09:59:52"
"数据整理\outputs\final_validation_tasks_multiseed\task_3_extreme_q95_R2_by_horizon.png","code_and_experiments","64436","2026-06-22T09:59:53"
"数据整理\outputs\final_validation_tasks_multiseed\task1_multiseed_h24_seed123\final_four_models_enhanced_24h.png","code_and_experiments","61820","2026-06-22T09:52:24"
"数据整理\outputs\final_validation_tasks_multiseed\task1_multiseed_h24_seed123\final_four_models_enhanced_key_metrics.csv","code_and_experiments","521","2026-06-22T09:52:23"
"数据整理\outputs\final_validation_tasks_multiseed\task1_multiseed_h24_seed123\final_four_models_enhanced_metrics.csv","code_and_experiments","2430","2026-06-22T09:52:23"
"数据整理\outputs\final_validation_tasks_multiseed\task1_multiseed_h24_seed123\final_four_models_enhanced_metrics_partial.csv","code_and_experiments","2430","2026-06-22T09:52:23"
"数据整理\outputs\final_validation_tasks_multiseed\task1_multiseed_h24_seed123\horizon_24h\gnn_bigru\metrics.csv","code_and_experiments","1336","2026-06-22T09:49:09"
"数据整理\outputs\final_validation_tasks_multiseed\task1_multiseed_h24_seed123\horizon_24h\gnn_bigru\predictions.npz","code_and_experiments","2528088","2026-06-22T09:49:10"
"数据整理\outputs\final_validation_tasks_multiseed\task1_multiseed_h24_seed123\horizon_24h\gnn_bigru\training_log.csv","code_and_experiments","1609","2026-06-22T09:49:09"
"数据整理\outputs\final_validation_tasks_multiseed\task1_multiseed_h24_seed123\horizon_24h\physical_loss\metrics.csv","code_and_experiments","1813","2026-06-22T09:52:22"
"数据整理\outputs\final_validation_tasks_multiseed\task1_multiseed_h24_seed123\horizon_24h\physical_loss\predictions.npz","code_and_experiments","10120559","2026-06-22T09:52:23"
"数据整理\outputs\final_validation_tasks_multiseed\task1_multiseed_h24_seed123\horizon_24h\physical_loss\training_log.csv","code_and_experiments","94037","2026-06-22T09:52:22"
"数据整理\outputs\final_validation_tasks_multiseed\task1_multiseed_h24_seed123\metrics_with_seed.csv","code_and_experiments","2425","2026-06-22T09:52:25"
"数据整理\outputs\final_validation_tasks_multiseed\task1_multiseed_h24_seed2024\final_four_models_enhanced_24h.png","code_and_experiments","61683","2026-06-22T09:59:51"
"数据整理\outputs\final_validation_tasks_multiseed\task1_multiseed_h24_seed2024\final_four_models_enhanced_key_metrics.csv","code_and_experiments","522","2026-06-22T09:59:50"
"数据整理\outputs\final_validation_tasks_multiseed\task1_multiseed_h24_seed2024\final_four_models_enhanced_metrics.csv","code_and_experiments","2423","2026-06-22T09:59:50"
"数据整理\outputs\final_validation_tasks_multiseed\task1_multiseed_h24_seed2024\final_four_models_enhanced_metrics_partial.csv","code_and_experiments","2423","2026-06-22T09:59:50"
"数据整理\outputs\final_validation_tasks_multiseed\task1_multiseed_h24_seed2024\horizon_24h\gnn_bigru\metrics.csv","code_and_experiments","1332","2026-06-22T09:56:25"
"数据整理\outputs\final_validation_tasks_multiseed\task1_multiseed_h24_seed2024\horizon_24h\gnn_bigru\predictions.npz","code_and_experiments","2515361","2026-06-22T09:56:26"
"数据整理\outputs\final_validation_tasks_multiseed\task1_multiseed_h24_seed2024\horizon_24h\gnn_bigru\training_log.csv","code_and_experiments","1612","2026-06-22T09:56:25"
"数据整理\outputs\final_validation_tasks_multiseed\task1_multiseed_h24_seed2024\horizon_24h\physical_loss\metrics.csv","code_and_experiments","1810","2026-06-22T09:59:49"
"数据整理\outputs\final_validation_tasks_multiseed\task1_multiseed_h24_seed2024\horizon_24h\physical_loss\predictions.npz","code_and_experiments","10143672","2026-06-22T09:59:50"
"数据整理\outputs\final_validation_tasks_multiseed\task1_multiseed_h24_seed2024\horizon_24h\physical_loss\training_log.csv","code_and_experiments","93955","2026-06-22T09:59:49"
"数据整理\outputs\final_validation_tasks_multiseed\task1_multiseed_h24_seed2024\metrics_with_seed.csv","code_and_experiments","2426","2026-06-22T09:59:52"
"数据整理\outputs\final_validation_tasks_multiseed\task1_multiseed_h24_seed42\final_four_models_enhanced_24h.png","code_and_experiments","61761","2026-06-22T09:45:11"
"数据整理\outputs\final_validation_tasks_multiseed\task1_multiseed_h24_seed42\final_four_models_enhanced_key_metrics.csv","code_and_experiments","522","2026-06-22T09:45:11"
"数据整理\outputs\final_validation_tasks_multiseed\task1_multiseed_h24_seed42\final_four_models_enhanced_metrics.csv","code_and_experiments","2432","2026-06-22T09:45:11"
"数据整理\outputs\final_validation_tasks_multiseed\task1_multiseed_h24_seed42\final_four_models_enhanced_metrics_partial.csv","code_and_experiments","2432","2026-06-22T09:45:11"
"数据整理\outputs\final_validation_tasks_multiseed\task1_multiseed_h24_seed42\horizon_24h\gnn_bigru\metrics.csv","code_and_experiments","1334","2026-06-22T09:42:26"
"数据整理\outputs\final_validation_tasks_multiseed\task1_multiseed_h24_seed42\horizon_24h\gnn_bigru\predictions.npz","code_and_experiments","2520338","2026-06-22T09:42:26"
"数据整理\outputs\final_validation_tasks_multiseed\task1_multiseed_h24_seed42\horizon_24h\gnn_bigru\training_log.csv","code_and_experiments","1613","2026-06-22T09:42:26"
"数据整理\outputs\final_validation_tasks_multiseed\task1_multiseed_h24_seed42\horizon_24h\physical_loss\metrics.csv","code_and_experiments","1817","2026-06-22T09:45:09"
"数据整理\outputs\final_validation_tasks_multiseed\task1_multiseed_h24_seed42\horizon_24h\physical_loss\predictions.npz","code_and_experiments","10143196","2026-06-22T09:45:11"
"数据整理\outputs\final_validation_tasks_multiseed\task1_multiseed_h24_seed42\horizon_24h\physical_loss\training_log.csv","code_and_experiments","93883","2026-06-22T09:45:09"
"数据整理\outputs\final_validation_tasks_multiseed\task1_multiseed_h24_seed42\metrics_with_seed.csv","code_and_experiments","2419","2026-06-22T09:45:12"
"数据整理\outputs\gnn_bigru_feature_ablation\full_multi_12h\best_model.pt","code_and_experiments","262901","2026-06-15T22:38:07"
"数据整理\outputs\gnn_bigru_feature_ablation\full_multi_12h\metrics.csv","code_and_experiments","583","2026-06-15T22:45:27"
"数据整理\outputs\gnn_bigru_feature_ablation\full_multi_12h\pred_residual.npy","code_and_experiments","314960","2026-06-15T22:45:27"
"数据整理\outputs\gnn_bigru_feature_ablation\full_multi_12h\target_tide.npy","code_and_experiments","314960","2026-06-15T22:45:27"
"数据整理\outputs\gnn_bigru_feature_ablation\full_multi_12h\true_residual.npy","code_and_experiments","314960","2026-06-15T22:45:27"
"数据整理\outputs\gnn_bigru_feature_ablation\full_multi_1h\best_model.pt","code_and_experiments","260085","2026-06-15T22:32:14"
"数据整理\outputs\gnn_bigru_feature_ablation\full_multi_1h\metrics.csv","code_and_experiments","584","2026-06-15T22:37:20"
"数据整理\outputs\gnn_bigru_feature_ablation\full_multi_1h\pred_residual.npy","code_and_experiments","26672","2026-06-15T22:37:20"
"数据整理\outputs\gnn_bigru_feature_ablation\full_multi_1h\target_tide.npy","code_and_experiments","26672","2026-06-15T22:37:20"
"数据整理\outputs\gnn_bigru_feature_ablation\full_multi_1h\true_residual.npy","code_and_experiments","26672","2026-06-15T22:37:20"
"数据整理\outputs\gnn_bigru_feature_ablation\full_multi_24h\best_model.pt","code_and_experiments","266037","2026-06-15T22:45:52"
"数据整理\outputs\gnn_bigru_feature_ablation\full_multi_24h\metrics.csv","code_and_experiments","576","2026-06-15T22:53:43"
"数据整理\outputs\gnn_bigru_feature_ablation\full_multi_24h\pred_residual.npy","code_and_experiments","621728","2026-06-15T22:53:43"
"数据整理\outputs\gnn_bigru_feature_ablation\full_multi_24h\target_tide.npy","code_and_experiments","621728","2026-06-15T22:53:43"
"数据整理\outputs\gnn_bigru_feature_ablation\full_multi_24h\true_residual.npy","code_and_experiments","621728","2026-06-15T22:53:43"
"数据整理\outputs\gnn_bigru_feature_ablation\full_no_static_multi_12h\best_model.pt","code_and_experiments","261877","2026-06-15T22:12:58"
"数据整理\outputs\gnn_bigru_feature_ablation\full_no_static_multi_12h\metrics.csv","code_and_experiments","572","2026-06-15T22:20:46"
"数据整理\outputs\gnn_bigru_feature_ablation\full_no_static_multi_12h\pred_residual.npy","code_and_experiments","314960","2026-06-15T22:20:46"
"数据整理\outputs\gnn_bigru_feature_ablation\full_no_static_multi_12h\target_tide.npy","code_and_experiments","314960","2026-06-15T22:20:46"
"数据整理\outputs\gnn_bigru_feature_ablation\full_no_static_multi_12h\true_residual.npy","code_and_experiments","314960","2026-06-15T22:20:46"
"数据整理\outputs\gnn_bigru_feature_ablation\full_no_static_multi_1h\best_model.pt","code_and_experiments","259061","2026-06-15T22:10:05"
"数据整理\outputs\gnn_bigru_feature_ablation\full_no_static_multi_1h\metrics.csv","code_and_experiments","577","2026-06-15T22:12:01"
"数据整理\outputs\gnn_bigru_feature_ablation\full_no_static_multi_1h\pred_residual.npy","code_and_experiments","26672","2026-06-15T22:12:01"
"数据整理\outputs\gnn_bigru_feature_ablation\full_no_static_multi_1h\target_tide.npy","code_and_experiments","26672","2026-06-15T22:12:01"
"数据整理\outputs\gnn_bigru_feature_ablation\full_no_static_multi_1h\true_residual.npy","code_and_experiments","26672","2026-06-15T22:12:01"
"数据整理\outputs\gnn_bigru_feature_ablation\full_no_static_multi_24h\best_model.pt","code_and_experiments","265013","2026-06-15T22:21:08"
"数据整理\outputs\gnn_bigru_feature_ablation\full_no_static_multi_24h\metrics.csv","code_and_experiments","572","2026-06-15T22:28:46"
"数据整理\outputs\gnn_bigru_feature_ablation\full_no_static_multi_24h\pred_residual.npy","code_and_experiments","621728","2026-06-15T22:28:46"
"数据整理\outputs\gnn_bigru_feature_ablation\full_no_static_multi_24h\target_tide.npy","code_and_experiments","621728","2026-06-15T22:28:46"
"数据整理\outputs\gnn_bigru_feature_ablation\full_no_static_multi_24h\true_residual.npy","code_and_experiments","621728","2026-06-15T22:28:46"
"数据整理\outputs\gnn_bigru_feature_ablation\meteo_core_multi_12h\best_model.pt","code_and_experiments","259317","2026-06-15T19:55:02"
"数据整理\outputs\gnn_bigru_feature_ablation\meteo_core_multi_12h\metrics.csv","code_and_experiments","485","2026-06-15T20:06:11"
"数据整理\outputs\gnn_bigru_feature_ablation\meteo_core_multi_12h\pred_residual.npy","code_and_experiments","314960","2026-06-15T20:06:11"
"数据整理\outputs\gnn_bigru_feature_ablation\meteo_core_multi_12h\target_tide.npy","code_and_experiments","314960","2026-06-15T20:06:11"
"数据整理\outputs\gnn_bigru_feature_ablation\meteo_core_multi_12h\true_residual.npy","code_and_experiments","314960","2026-06-15T20:06:11"
"数据整理\outputs\gnn_bigru_feature_ablation\meteo_core_multi_1h\best_model.pt","code_and_experiments","256501","2026-06-15T19:37:24"
"数据整理\outputs\gnn_bigru_feature_ablation\meteo_core_multi_1h\metrics.csv","code_and_experiments","485","2026-06-15T19:52:56"
"数据整理\outputs\gnn_bigru_feature_ablation\meteo_core_multi_1h\pred_residual.npy","code_and_experiments","26672","2026-06-15T19:52:56"
"数据整理\outputs\gnn_bigru_feature_ablation\meteo_core_multi_1h\target_tide.npy","code_and_experiments","26672","2026-06-15T19:52:56"
"数据整理\outputs\gnn_bigru_feature_ablation\meteo_core_multi_1h\true_residual.npy","code_and_experiments","26672","2026-06-15T19:52:56"
"数据整理\outputs\gnn_bigru_feature_ablation\meteo_core_multi_24h\best_model.pt","code_and_experiments","262453","2026-06-15T20:22:16"
"数据整理\outputs\gnn_bigru_feature_ablation\meteo_core_multi_24h\metrics.csv","code_and_experiments","482","2026-06-15T20:24:29"
"数据整理\outputs\gnn_bigru_feature_ablation\meteo_core_multi_24h\pred_residual.npy","code_and_experiments","621728","2026-06-15T20:24:29"
"数据整理\outputs\gnn_bigru_feature_ablation\meteo_core_multi_24h\target_tide.npy","code_and_experiments","621728","2026-06-15T20:24:29"
"数据整理\outputs\gnn_bigru_feature_ablation\meteo_core_multi_24h\true_residual.npy","code_and_experiments","621728","2026-06-15T20:24:29"
"数据整理\outputs\gnn_bigru_feature_ablation\meteo_wave_depth_multi_12h\best_model.pt","code_and_experiments","259829","2026-06-15T21:35:14"
"数据整理\outputs\gnn_bigru_feature_ablation\meteo_wave_depth_multi_12h\metrics.csv","code_and_experiments","505","2026-06-15T21:49:06"
"数据整理\outputs\gnn_bigru_feature_ablation\meteo_wave_depth_multi_12h\pred_residual.npy","code_and_experiments","314960","2026-06-15T21:49:06"
"数据整理\outputs\gnn_bigru_feature_ablation\meteo_wave_depth_multi_12h\target_tide.npy","code_and_experiments","314960","2026-06-15T21:49:06"
"数据整理\outputs\gnn_bigru_feature_ablation\meteo_wave_depth_multi_12h\true_residual.npy","code_and_experiments","314960","2026-06-15T21:49:06"
"数据整理\outputs\gnn_bigru_feature_ablation\meteo_wave_depth_multi_1h\best_model.pt","code_and_experiments","257013","2026-06-15T21:28:47"
"数据整理\outputs\gnn_bigru_feature_ablation\meteo_wave_depth_multi_1h\metrics.csv","code_and_experiments","506","2026-06-15T21:31:28"
"数据整理\outputs\gnn_bigru_feature_ablation\meteo_wave_depth_multi_1h\pred_residual.npy","code_and_experiments","26672","2026-06-15T21:31:28"
"数据整理\outputs\gnn_bigru_feature_ablation\meteo_wave_depth_multi_1h\target_tide.npy","code_and_experiments","26672","2026-06-15T21:31:28"
"数据整理\outputs\gnn_bigru_feature_ablation\meteo_wave_depth_multi_1h\true_residual.npy","code_and_experiments","26672","2026-06-15T21:31:28"
"数据整理\outputs\gnn_bigru_feature_ablation\meteo_wave_depth_multi_24h\best_model.pt","code_and_experiments","262965","2026-06-15T21:50:33"
"数据整理\outputs\gnn_bigru_feature_ablation\meteo_wave_depth_multi_24h\metrics.csv","code_and_experiments","505","2026-06-15T22:01:24"
"数据整理\outputs\gnn_bigru_feature_ablation\meteo_wave_depth_multi_24h\pred_residual.npy","code_and_experiments","621728","2026-06-15T22:01:24"
"数据整理\outputs\gnn_bigru_feature_ablation\meteo_wave_depth_multi_24h\target_tide.npy","code_and_experiments","621728","2026-06-15T22:01:24"
"数据整理\outputs\gnn_bigru_feature_ablation\meteo_wave_depth_multi_24h\true_residual.npy","code_and_experiments","621728","2026-06-15T22:01:24"
"数据整理\outputs\gnn_bigru_feature_ablation\meteo_wave_multi_12h\best_model.pt","code_and_experiments","259573","2026-06-15T20:44:22"
"数据整理\outputs\gnn_bigru_feature_ablation\meteo_wave_multi_12h\metrics.csv","code_and_experiments","491","2026-06-15T21:02:45"
"数据整理\outputs\gnn_bigru_feature_ablation\meteo_wave_multi_12h\pred_residual.npy","code_and_experiments","314960","2026-06-15T21:02:45"
"数据整理\outputs\gnn_bigru_feature_ablation\meteo_wave_multi_12h\target_tide.npy","code_and_experiments","314960","2026-06-15T21:02:45"
"数据整理\outputs\gnn_bigru_feature_ablation\meteo_wave_multi_12h\true_residual.npy","code_and_experiments","314960","2026-06-15T21:02:45"
"数据整理\outputs\gnn_bigru_feature_ablation\meteo_wave_multi_1h\best_model.pt","code_and_experiments","256757","2026-06-15T20:40:12"
"数据整理\outputs\gnn_bigru_feature_ablation\meteo_wave_multi_1h\metrics.csv","code_and_experiments","492","2026-06-15T20:42:37"
"数据整理\outputs\gnn_bigru_feature_ablation\meteo_wave_multi_1h\pred_residual.npy","code_and_experiments","26672","2026-06-15T20:42:37"
"数据整理\outputs\gnn_bigru_feature_ablation\meteo_wave_multi_1h\target_tide.npy","code_and_experiments","26672","2026-06-15T20:42:37"
"数据整理\outputs\gnn_bigru_feature_ablation\meteo_wave_multi_1h\true_residual.npy","code_and_experiments","26672","2026-06-15T20:42:37"
"数据整理\outputs\gnn_bigru_feature_ablation\meteo_wave_multi_24h\best_model.pt","code_and_experiments","262709","2026-06-15T21:03:47"
"数据整理\outputs\gnn_bigru_feature_ablation\meteo_wave_multi_24h\metrics.csv","code_and_experiments","491","2026-06-15T21:15:34"
"数据整理\outputs\gnn_bigru_feature_ablation\meteo_wave_multi_24h\pred_residual.npy","code_and_experiments","621728","2026-06-15T21:15:34"
"数据整理\outputs\gnn_bigru_feature_ablation\meteo_wave_multi_24h\target_tide.npy","code_and_experiments","621728","2026-06-15T21:15:34"
"数据整理\outputs\gnn_bigru_feature_ablation\meteo_wave_multi_24h\true_residual.npy","code_and_experiments","621728","2026-06-15T21:15:34"
"数据整理\outputs\gnn_bigru_feature_ablation\overall_metrics.csv","code_and_experiments","5693","2026-06-15T22:53:43"
"数据整理\outputs\gnn_bigru_feature_ablation\residual_only_multi_12h\best_model.pt","code_and_experiments","258549","2026-06-15T18:49:42"
"数据整理\outputs\gnn_bigru_feature_ablation\residual_only_multi_12h\metrics.csv","code_and_experiments","473","2026-06-15T19:04:12"
"数据整理\outputs\gnn_bigru_feature_ablation\residual_only_multi_12h\pred_residual.npy","code_and_experiments","314960","2026-06-15T19:04:12"
"数据整理\outputs\gnn_bigru_feature_ablation\residual_only_multi_12h\target_tide.npy","code_and_experiments","314960","2026-06-15T19:04:12"
"数据整理\outputs\gnn_bigru_feature_ablation\residual_only_multi_12h\true_residual.npy","code_and_experiments","314960","2026-06-15T19:04:12"
"数据整理\outputs\gnn_bigru_feature_ablation\residual_only_multi_1h\best_model.pt","code_and_experiments","255733","2026-06-15T18:18:59"
"数据整理\outputs\gnn_bigru_feature_ablation\residual_only_multi_1h\metrics.csv","code_and_experiments","477","2026-06-15T18:33:12"
"数据整理\outputs\gnn_bigru_feature_ablation\residual_only_multi_1h\pred_residual.npy","code_and_experiments","26672","2026-06-15T18:33:12"
"数据整理\outputs\gnn_bigru_feature_ablation\residual_only_multi_1h\target_tide.npy","code_and_experiments","26672","2026-06-15T18:33:12"
"数据整理\outputs\gnn_bigru_feature_ablation\residual_only_multi_1h\true_residual.npy","code_and_experiments","26672","2026-06-15T18:33:12"
"数据整理\outputs\gnn_bigru_feature_ablation\residual_only_multi_24h\best_model.pt","code_and_experiments","261685","2026-06-15T19:19:57"
"数据整理\outputs\gnn_bigru_feature_ablation\residual_only_multi_24h\metrics.csv","code_and_experiments","475","2026-06-15T19:31:53"
"数据整理\outputs\gnn_bigru_feature_ablation\residual_only_multi_24h\pred_residual.npy","code_and_experiments","621728","2026-06-15T19:31:53"
"数据整理\outputs\gnn_bigru_feature_ablation\residual_only_multi_24h\target_tide.npy","code_and_experiments","621728","2026-06-15T19:31:53"
"数据整理\outputs\gnn_bigru_feature_ablation\residual_only_multi_24h\true_residual.npy","code_and_experiments","621728","2026-06-15T19:31:53"
"数据整理\outputs\gnn_bigru_final_selected_config\final_12h_meteo_wave_depth_distance_multi\best_model.pt","code_and_experiments","259829","2026-06-16T09:10:37"
"数据整理\outputs\gnn_bigru_final_selected_config\final_12h_meteo_wave_depth_distance_multi\last_checkpoint.pt","code_and_experiments","782035","2026-06-16T09:23:48"
"数据整理\outputs\gnn_bigru_final_selected_config\final_12h_meteo_wave_depth_distance_multi\metrics.csv","code_and_experiments","955","2026-06-16T09:23:49"
"数据整理\outputs\gnn_bigru_final_selected_config\final_12h_meteo_wave_depth_distance_multi\pred_residual.npy","code_and_experiments","314960","2026-06-16T09:23:49"
"数据整理\outputs\gnn_bigru_final_selected_config\final_12h_meteo_wave_depth_distance_multi\target_tide.npy","code_and_experiments","314960","2026-06-16T09:23:49"
"数据整理\outputs\gnn_bigru_final_selected_config\final_12h_meteo_wave_depth_distance_multi\true_residual.npy","code_and_experiments","314960","2026-06-16T09:23:49"
"数据整理\outputs\gnn_bigru_final_selected_config\final_1h_full_no_static_identity_multi\best_model.pt","code_and_experiments","259061","2026-06-16T09:04:55"
"数据整理\outputs\gnn_bigru_final_selected_config\final_1h_full_no_static_identity_multi\last_checkpoint.pt","code_and_experiments","779731","2026-06-16T09:07:06"
"数据整理\outputs\gnn_bigru_final_selected_config\final_1h_full_no_static_identity_multi\metrics.csv","code_and_experiments","1029","2026-06-16T09:07:14"
"数据整理\outputs\gnn_bigru_final_selected_config\final_1h_full_no_static_identity_multi\pred_residual.npy","code_and_experiments","26672","2026-06-16T09:07:14"
"数据整理\outputs\gnn_bigru_final_selected_config\final_1h_full_no_static_identity_multi\target_tide.npy","code_and_experiments","26672","2026-06-16T09:07:14"
"数据整理\outputs\gnn_bigru_final_selected_config\final_1h_full_no_static_identity_multi\true_residual.npy","code_and_experiments","26672","2026-06-16T09:07:14"
"数据整理\outputs\gnn_bigru_final_selected_config\final_24h_meteo_wave_corr_multi\best_model.pt","code_and_experiments","262709","2026-06-16T09:26:51"
"数据整理\outputs\gnn_bigru_final_selected_config\final_24h_meteo_wave_corr_multi\last_checkpoint.pt","code_and_experiments","790675","2026-06-16T09:41:43"
"数据整理\outputs\gnn_bigru_final_selected_config\final_24h_meteo_wave_corr_multi\metrics.csv","code_and_experiments","928","2026-06-16T09:41:45"
"数据整理\outputs\gnn_bigru_final_selected_config\final_24h_meteo_wave_corr_multi\pred_residual.npy","code_and_experiments","621728","2026-06-16T09:41:45"
"数据整理\outputs\gnn_bigru_final_selected_config\final_24h_meteo_wave_corr_multi\target_tide.npy","code_and_experiments","621728","2026-06-16T09:41:45"
"数据整理\outputs\gnn_bigru_final_selected_config\final_24h_meteo_wave_corr_multi\true_residual.npy","code_and_experiments","621728","2026-06-16T09:41:45"
"数据整理\outputs\gnn_bigru_final_selected_config\final_selected_metrics.csv","code_and_experiments","2008","2026-06-16T09:41:45"
"数据整理\outputs\gnn_bigru_graph_ablation\corr_meteo_wave_depth_multi_12h\best_model.pt","code_and_experiments","259829","2026-06-16T00:53:48"
"数据整理\outputs\gnn_bigru_graph_ablation\corr_meteo_wave_depth_multi_12h\metrics.csv","code_and_experiments","517","2026-06-16T01:01:38"
"数据整理\outputs\gnn_bigru_graph_ablation\corr_meteo_wave_depth_multi_12h\pred_residual.npy","code_and_experiments","314960","2026-06-16T01:01:38"
"数据整理\outputs\gnn_bigru_graph_ablation\corr_meteo_wave_depth_multi_12h\target_tide.npy","code_and_experiments","314960","2026-06-16T01:01:38"
"数据整理\outputs\gnn_bigru_graph_ablation\corr_meteo_wave_depth_multi_12h\true_residual.npy","code_and_experiments","314960","2026-06-16T01:01:38"
"数据整理\outputs\gnn_bigru_graph_ablation\corr_meteo_wave_depth_multi_1h\best_model.pt","code_and_experiments","257013","2026-06-16T00:35:21"
"数据整理\outputs\gnn_bigru_graph_ablation\corr_meteo_wave_depth_multi_1h\metrics.csv","code_and_experiments","526","2026-06-16T00:53:13"
"数据整理\outputs\gnn_bigru_graph_ablation\corr_meteo_wave_depth_multi_1h\pred_residual.npy","code_and_experiments","26672","2026-06-16T00:53:13"
"数据整理\outputs\gnn_bigru_graph_ablation\corr_meteo_wave_depth_multi_1h\target_tide.npy","code_and_experiments","26672","2026-06-16T00:53:13"
"数据整理\outputs\gnn_bigru_graph_ablation\corr_meteo_wave_depth_multi_1h\true_residual.npy","code_and_experiments","26672","2026-06-16T00:53:13"
"数据整理\outputs\gnn_bigru_graph_ablation\corr_meteo_wave_depth_multi_24h\best_model.pt","code_and_experiments","262965","2026-06-16T01:02:30"
"数据整理\outputs\gnn_bigru_graph_ablation\corr_meteo_wave_depth_multi_24h\metrics.csv","code_and_experiments","521","2026-06-16T01:24:27"
"数据整理\outputs\gnn_bigru_graph_ablation\corr_meteo_wave_depth_multi_24h\pred_residual.npy","code_and_experiments","621728","2026-06-16T01:24:27"
"数据整理\outputs\gnn_bigru_graph_ablation\corr_meteo_wave_depth_multi_24h\target_tide.npy","code_and_experiments","621728","2026-06-16T01:24:27"
"数据整理\outputs\gnn_bigru_graph_ablation\corr_meteo_wave_depth_multi_24h\true_residual.npy","code_and_experiments","621728","2026-06-16T01:24:27"
"数据整理\outputs\gnn_bigru_graph_ablation\distance_meteo_wave_depth_multi_12h\best_model.pt","code_and_experiments","259829","2026-06-16T00:08:16"
"数据整理\outputs\gnn_bigru_graph_ablation\distance_meteo_wave_depth_multi_12h\metrics.csv","code_and_experiments","528","2026-06-16T00:15:42"
"数据整理\outputs\gnn_bigru_graph_ablation\distance_meteo_wave_depth_multi_12h\pred_residual.npy","code_and_experiments","314960","2026-06-16T00:15:42"
"数据整理\outputs\gnn_bigru_graph_ablation\distance_meteo_wave_depth_multi_12h\target_tide.npy","code_and_experiments","314960","2026-06-16T00:15:42"
"数据整理\outputs\gnn_bigru_graph_ablation\distance_meteo_wave_depth_multi_12h\true_residual.npy","code_and_experiments","314960","2026-06-16T00:15:42"
"数据整理\outputs\gnn_bigru_graph_ablation\distance_meteo_wave_depth_multi_1h\best_model.pt","code_and_experiments","257013","2026-06-15T23:56:12"
"数据整理\outputs\gnn_bigru_graph_ablation\distance_meteo_wave_depth_multi_1h\metrics.csv","code_and_experiments","529","2026-06-16T00:06:56"
"数据整理\outputs\gnn_bigru_graph_ablation\distance_meteo_wave_depth_multi_1h\pred_residual.npy","code_and_experiments","26672","2026-06-16T00:06:56"
"数据整理\outputs\gnn_bigru_graph_ablation\distance_meteo_wave_depth_multi_1h\target_tide.npy","code_and_experiments","26672","2026-06-16T00:06:56"
"数据整理\outputs\gnn_bigru_graph_ablation\distance_meteo_wave_depth_multi_1h\true_residual.npy","code_and_experiments","26672","2026-06-16T00:06:56"
"数据整理\outputs\gnn_bigru_graph_ablation\distance_meteo_wave_depth_multi_24h\best_model.pt","code_and_experiments","262965","2026-06-16T00:31:21"
"数据整理\outputs\gnn_bigru_graph_ablation\distance_meteo_wave_depth_multi_24h\metrics.csv","code_and_experiments","522","2026-06-16T00:33:41"
"数据整理\outputs\gnn_bigru_graph_ablation\distance_meteo_wave_depth_multi_24h\pred_residual.npy","code_and_experiments","621728","2026-06-16T00:33:41"
"数据整理\outputs\gnn_bigru_graph_ablation\distance_meteo_wave_depth_multi_24h\target_tide.npy","code_and_experiments","621728","2026-06-16T00:33:41"
"数据整理\outputs\gnn_bigru_graph_ablation\distance_meteo_wave_depth_multi_24h\true_residual.npy","code_and_experiments","621728","2026-06-16T00:33:41"
"数据整理\outputs\gnn_bigru_graph_ablation\fusion_meteo_wave_depth_multi_12h\best_model.pt","code_and_experiments","259829","2026-06-16T01:48:54"
"数据整理\outputs\gnn_bigru_graph_ablation\fusion_meteo_wave_depth_multi_12h\metrics.csv","code_and_experiments","525","2026-06-16T01:55:45"
"数据整理\outputs\gnn_bigru_graph_ablation\fusion_meteo_wave_depth_multi_12h\pred_residual.npy","code_and_experiments","314960","2026-06-16T01:55:45"
"数据整理\outputs\gnn_bigru_graph_ablation\fusion_meteo_wave_depth_multi_12h\target_tide.npy","code_and_experiments","314960","2026-06-16T01:55:45"
"数据整理\outputs\gnn_bigru_graph_ablation\fusion_meteo_wave_depth_multi_12h\true_residual.npy","code_and_experiments","314960","2026-06-16T01:55:45"
"数据整理\outputs\gnn_bigru_graph_ablation\fusion_meteo_wave_depth_multi_1h\best_model.pt","code_and_experiments","257013","2026-06-16T01:30:56"
"数据整理\outputs\gnn_bigru_graph_ablation\fusion_meteo_wave_depth_multi_1h\metrics.csv","code_and_experiments","525","2026-06-16T01:47:22"
"数据整理\outputs\gnn_bigru_graph_ablation\fusion_meteo_wave_depth_multi_1h\pred_residual.npy","code_and_experiments","26672","2026-06-16T01:47:22"
"数据整理\outputs\gnn_bigru_graph_ablation\fusion_meteo_wave_depth_multi_1h\target_tide.npy","code_and_experiments","26672","2026-06-16T01:47:22"
"数据整理\outputs\gnn_bigru_graph_ablation\fusion_meteo_wave_depth_multi_1h\true_residual.npy","code_and_experiments","26672","2026-06-16T01:47:22"
"数据整理\outputs\gnn_bigru_graph_ablation\fusion_meteo_wave_depth_multi_24h\best_model.pt","code_and_experiments","262965","2026-06-16T01:59:51"
"数据整理\outputs\gnn_bigru_graph_ablation\fusion_meteo_wave_depth_multi_24h\metrics.csv","code_and_experiments","522","2026-06-16T02:16:22"
"数据整理\outputs\gnn_bigru_graph_ablation\fusion_meteo_wave_depth_multi_24h\pred_residual.npy","code_and_experiments","621728","2026-06-16T02:16:22"
"数据整理\outputs\gnn_bigru_graph_ablation\fusion_meteo_wave_depth_multi_24h\target_tide.npy","code_and_experiments","621728","2026-06-16T02:16:22"
"数据整理\outputs\gnn_bigru_graph_ablation\fusion_meteo_wave_depth_multi_24h\true_residual.npy","code_and_experiments","621728","2026-06-16T02:16:22"
"数据整理\outputs\gnn_bigru_graph_ablation\identity_meteo_wave_depth_multi_12h\best_model.pt","code_and_experiments","259829","2026-06-15T23:40:57"
"数据整理\outputs\gnn_bigru_graph_ablation\identity_meteo_wave_depth_multi_12h\metrics.csv","code_and_experiments","524","2026-06-15T23:41:03"
"数据整理\outputs\gnn_bigru_graph_ablation\identity_meteo_wave_depth_multi_12h\pred_residual.npy","code_and_experiments","314960","2026-06-15T23:41:03"
"数据整理\outputs\gnn_bigru_graph_ablation\identity_meteo_wave_depth_multi_12h\target_tide.npy","code_and_experiments","314960","2026-06-15T23:41:03"
"数据整理\outputs\gnn_bigru_graph_ablation\identity_meteo_wave_depth_multi_12h\true_residual.npy","code_and_experiments","314960","2026-06-15T23:41:03"
"数据整理\outputs\gnn_bigru_graph_ablation\identity_meteo_wave_depth_multi_1h\best_model.pt","code_and_experiments","257013","2026-06-15T23:29:04"
"数据整理\outputs\gnn_bigru_graph_ablation\identity_meteo_wave_depth_multi_1h\metrics.csv","code_and_experiments","530","2026-06-15T23:33:12"
"数据整理\outputs\gnn_bigru_graph_ablation\identity_meteo_wave_depth_multi_1h\pred_residual.npy","code_and_experiments","26672","2026-06-15T23:33:12"
"数据整理\outputs\gnn_bigru_graph_ablation\identity_meteo_wave_depth_multi_1h\target_tide.npy","code_and_experiments","26672","2026-06-15T23:33:12"
"数据整理\outputs\gnn_bigru_graph_ablation\identity_meteo_wave_depth_multi_1h\true_residual.npy","code_and_experiments","26672","2026-06-15T23:33:12"
"数据整理\outputs\gnn_bigru_graph_ablation\identity_meteo_wave_depth_multi_24h\best_model.pt","code_and_experiments","262965","2026-06-15T23:42:09"
"数据整理\outputs\gnn_bigru_graph_ablation\identity_meteo_wave_depth_multi_24h\metrics.csv","code_and_experiments","525","2026-06-15T23:48:51"
"数据整理\outputs\gnn_bigru_graph_ablation\identity_meteo_wave_depth_multi_24h\pred_residual.npy","code_and_experiments","621728","2026-06-15T23:48:51"
"数据整理\outputs\gnn_bigru_graph_ablation\identity_meteo_wave_depth_multi_24h\target_tide.npy","code_and_experiments","621728","2026-06-15T23:48:51"
"数据整理\outputs\gnn_bigru_graph_ablation\identity_meteo_wave_depth_multi_24h\true_residual.npy","code_and_experiments","621728","2026-06-15T23:48:51"
"数据整理\outputs\gnn_bigru_graph_ablation\overall_metrics.csv","code_and_experiments","3819","2026-06-16T02:16:22"
"数据整理\outputs\gnn_bigru_learnable_graph_fusion\learnable_graph_12h_meteo_wave_depth_multi\best_model.pt","code_and_experiments","261557","2026-06-16T10:09:11"
"数据整理\outputs\gnn_bigru_learnable_graph_fusion\learnable_graph_12h_meteo_wave_depth_multi\last_checkpoint.pt","code_and_experiments","784108","2026-06-16T10:09:11"
"数据整理\outputs\gnn_bigru_learnable_graph_fusion\learnable_graph_1h_full_no_static_multi\best_model.pt","code_and_experiments","260789","2026-06-16T10:02:18"
"数据整理\outputs\gnn_bigru_learnable_graph_fusion\learnable_graph_1h_full_no_static_multi\last_checkpoint.pt","code_and_experiments","781804","2026-06-16T10:08:01"
"数据整理\outputs\gnn_bigru_learnable_graph_fusion\learnable_graph_1h_full_no_static_multi\metrics.csv","code_and_experiments","1129","2026-06-16T10:08:06"
"数据整理\outputs\gnn_bigru_learnable_graph_fusion\learnable_graph_1h_full_no_static_multi\pred_residual.npy","code_and_experiments","26672","2026-06-16T10:08:06"
"数据整理\outputs\gnn_bigru_learnable_graph_fusion\learnable_graph_1h_full_no_static_multi\target_tide.npy","code_and_experiments","26672","2026-06-16T10:08:06"
"数据整理\outputs\gnn_bigru_learnable_graph_fusion\learnable_graph_1h_full_no_static_multi\true_residual.npy","code_and_experiments","26672","2026-06-16T10:08:06"
"数据整理\outputs\gnn_bigru_learnable_graph_fusion\learnable_graph_metrics.csv","code_and_experiments","1129","2026-06-16T10:08:06"
"数据整理\outputs\gnn_bigru_learnable_graph_fusion_v2\learnable_graph_metrics.csv","code_and_experiments","2194","2026-06-16T11:55:37"
"数据整理\outputs\gnn_bigru_learnable_graph_fusion_v2\learnable_graph_v2_12h_meteo_wave_depth_multi\best_model.pt","code_and_experiments","261557","2026-06-16T11:10:50"
"数据整理\outputs\gnn_bigru_learnable_graph_fusion_v2\learnable_graph_v2_12h_meteo_wave_depth_multi\graph_weights_history.csv","code_and_experiments","4668","2026-06-16T11:20:35"
"数据整理\outputs\gnn_bigru_learnable_graph_fusion_v2\learnable_graph_v2_12h_meteo_wave_depth_multi\last_checkpoint.pt","code_and_experiments","784748","2026-06-16T11:20:35"
"数据整理\outputs\gnn_bigru_learnable_graph_fusion_v2\learnable_graph_v2_12h_meteo_wave_depth_multi\metrics.csv","code_and_experiments","1045","2026-06-16T11:20:35"
"数据整理\outputs\gnn_bigru_learnable_graph_fusion_v2\learnable_graph_v2_12h_meteo_wave_depth_multi\pred_residual.npy","code_and_experiments","314960","2026-06-16T11:20:35"
"数据整理\outputs\gnn_bigru_learnable_graph_fusion_v2\learnable_graph_v2_12h_meteo_wave_depth_multi\target_tide.npy","code_and_experiments","314960","2026-06-16T11:20:35"
"数据整理\outputs\gnn_bigru_learnable_graph_fusion_v2\learnable_graph_v2_12h_meteo_wave_depth_multi\true_residual.npy","code_and_experiments","314960","2026-06-16T11:20:35"
"数据整理\outputs\gnn_bigru_learnable_graph_fusion_v2\learnable_graph_v2_1h_full_no_static_multi\best_model.pt","code_and_experiments","260789","2026-06-16T10:54:27"
"数据整理\outputs\gnn_bigru_learnable_graph_fusion_v2\learnable_graph_v2_1h_full_no_static_multi\graph_weights_history.csv","code_and_experiments","11807","2026-06-16T11:10:13"
"数据整理\outputs\gnn_bigru_learnable_graph_fusion_v2\learnable_graph_v2_1h_full_no_static_multi\last_checkpoint.pt","code_and_experiments","782444","2026-06-16T11:10:13"
"数据整理\outputs\gnn_bigru_learnable_graph_fusion_v2\learnable_graph_v2_1h_full_no_static_multi\metrics.csv","code_and_experiments","1120","2026-06-16T11:10:17"
"数据整理\outputs\gnn_bigru_learnable_graph_fusion_v2\learnable_graph_v2_1h_full_no_static_multi\pred_residual.npy","code_and_experiments","26672","2026-06-16T11:10:17"
"数据整理\outputs\gnn_bigru_learnable_graph_fusion_v2\learnable_graph_v2_1h_full_no_static_multi\target_tide.npy","code_and_experiments","26672","2026-06-16T11:10:17"
"数据整理\outputs\gnn_bigru_learnable_graph_fusion_v2\learnable_graph_v2_1h_full_no_static_multi\true_residual.npy","code_and_experiments","26672","2026-06-16T11:10:17"
"数据整理\outputs\gnn_bigru_learnable_graph_fusion_v2\learnable_graph_v2_24h_meteo_wave_multi\best_model.pt","code_and_experiments","264437","2026-06-16T11:37:17"
"数据整理\outputs\gnn_bigru_learnable_graph_fusion_v2\learnable_graph_v2_24h_meteo_wave_multi\graph_weights_history.csv","code_and_experiments","11201","2026-06-16T11:55:32"
"数据整理\outputs\gnn_bigru_learnable_graph_fusion_v2\learnable_graph_v2_24h_meteo_wave_multi\last_checkpoint.pt","code_and_experiments","793388","2026-06-16T11:55:32"
"数据整理\outputs\gnn_bigru_learnable_graph_fusion_v2\learnable_graph_v2_24h_meteo_wave_multi\metrics.csv","code_and_experiments","1017","2026-06-16T11:55:37"
"数据整理\outputs\gnn_bigru_learnable_graph_fusion_v2\learnable_graph_v2_24h_meteo_wave_multi\pred_residual.npy","code_and_experiments","621728","2026-06-16T11:55:37"
"数据整理\outputs\gnn_bigru_learnable_graph_fusion_v2\learnable_graph_v2_24h_meteo_wave_multi\target_tide.npy","code_and_experiments","621728","2026-06-16T11:55:37"
"数据整理\outputs\gnn_bigru_learnable_graph_fusion_v2\learnable_graph_v2_24h_meteo_wave_multi\true_residual.npy","code_and_experiments","621728","2026-06-16T11:55:37"
"数据整理\outputs\gnn_bigru_prior_learnable_graph_fusion\prior_graph_1h_full_no_static_multi\best_model.pt","code_and_experiments","261109","2026-06-16T14:21:25"
"数据整理\outputs\gnn_bigru_prior_learnable_graph_fusion\prior_graph_1h_full_no_static_multi\graph_weights_history.csv","code_and_experiments","11657","2026-06-16T14:22:40"
"数据整理\outputs\gnn_bigru_prior_learnable_graph_fusion\prior_graph_1h_full_no_static_multi\last_checkpoint.pt","code_and_experiments","782833","2026-06-16T14:22:40"
"数据整理\outputs\gnn_bigru_real_noaa_task_mode\gnn_bigru_direct_12h\metrics.csv","code_and_experiments","427","2026-06-15T15:22:42"
"数据整理\outputs\gnn_bigru_real_noaa_task_mode\gnn_bigru_direct_12h\model.pt","code_and_experiments","259335","2026-06-15T15:22:42"
"数据整理\outputs\gnn_bigru_real_noaa_task_mode\gnn_bigru_direct_12h\pred_residual.npy","code_and_experiments","26364","2026-06-15T15:22:42"
"数据整理\outputs\gnn_bigru_real_noaa_task_mode\gnn_bigru_direct_12h\target_tide.npy","code_and_experiments","26364","2026-06-15T15:22:42"
"数据整理\outputs\gnn_bigru_real_noaa_task_mode\gnn_bigru_direct_12h\true_residual.npy","code_and_experiments","26364","2026-06-15T15:22:42"
"数据整理\outputs\gnn_bigru_real_noaa_task_mode\gnn_bigru_direct_1h\metrics.csv","code_and_experiments","425","2026-06-15T15:05:14"
"数据整理\outputs\gnn_bigru_real_noaa_task_mode\gnn_bigru_direct_1h\model.pt","code_and_experiments","259335","2026-06-15T15:05:14"
"数据整理\outputs\gnn_bigru_real_noaa_task_mode\gnn_bigru_direct_1h\pred_residual.npy","code_and_experiments","26672","2026-06-15T15:05:14"
"数据整理\outputs\gnn_bigru_real_noaa_task_mode\gnn_bigru_direct_1h\target_tide.npy","code_and_experiments","26672","2026-06-15T15:05:14"
"数据整理\outputs\gnn_bigru_real_noaa_task_mode\gnn_bigru_direct_1h\true_residual.npy","code_and_experiments","26672","2026-06-15T15:05:14"
"数据整理\outputs\gnn_bigru_real_noaa_task_mode\gnn_bigru_direct_24h\metrics.csv","code_and_experiments","426","2026-06-15T15:34:31"
"数据整理\outputs\gnn_bigru_real_noaa_task_mode\gnn_bigru_direct_24h\model.pt","code_and_experiments","259335","2026-06-15T15:34:31"
"数据整理\outputs\gnn_bigru_real_noaa_task_mode\gnn_bigru_direct_24h\pred_residual.npy","code_and_experiments","26028","2026-06-15T15:34:31"
"数据整理\outputs\gnn_bigru_real_noaa_task_mode\gnn_bigru_direct_24h\target_tide.npy","code_and_experiments","26028","2026-06-15T15:34:31"
"数据整理\outputs\gnn_bigru_real_noaa_task_mode\gnn_bigru_direct_24h\true_residual.npy","code_and_experiments","26028","2026-06-15T15:34:31"
"数据整理\outputs\gnn_bigru_real_noaa_task_mode\gnn_bigru_multi_12h\metrics.csv","code_and_experiments","427","2026-06-15T17:53:17"
"数据整理\outputs\gnn_bigru_real_noaa_task_mode\gnn_bigru_multi_12h\model.pt","code_and_experiments","262151","2026-06-15T17:53:17"
"数据整理\outputs\gnn_bigru_real_noaa_task_mode\gnn_bigru_multi_12h\pred_residual.npy","code_and_experiments","314960","2026-06-15T17:53:17"
"数据整理\outputs\gnn_bigru_real_noaa_task_mode\gnn_bigru_multi_12h\target_tide.npy","code_and_experiments","314960","2026-06-15T17:53:17"
"数据整理\outputs\gnn_bigru_real_noaa_task_mode\gnn_bigru_multi_12h\true_residual.npy","code_and_experiments","314960","2026-06-15T17:53:17"
"数据整理\outputs\gnn_bigru_real_noaa_task_mode\gnn_bigru_multi_1h\metrics.csv","code_and_experiments","431","2026-06-15T15:47:40"
"数据整理\outputs\gnn_bigru_real_noaa_task_mode\gnn_bigru_multi_1h\model.pt","code_and_experiments","259335","2026-06-15T15:47:40"
"数据整理\outputs\gnn_bigru_real_noaa_task_mode\gnn_bigru_multi_1h\pred_residual.npy","code_and_experiments","26672","2026-06-15T15:47:40"
"数据整理\outputs\gnn_bigru_real_noaa_task_mode\gnn_bigru_multi_1h\target_tide.npy","code_and_experiments","26672","2026-06-15T15:47:40"
"数据整理\outputs\gnn_bigru_real_noaa_task_mode\gnn_bigru_multi_1h\true_residual.npy","code_and_experiments","26672","2026-06-15T15:47:40"
"数据整理\outputs\gnn_bigru_real_noaa_task_mode\gnn_bigru_multi_24h\metrics.csv","code_and_experiments","432","2026-06-15T18:11:53"
"数据整理\outputs\gnn_bigru_real_noaa_task_mode\gnn_bigru_multi_24h\model.pt","code_and_experiments","265287","2026-06-15T18:11:53"
"数据整理\outputs\gnn_bigru_real_noaa_task_mode\gnn_bigru_multi_24h\pred_residual.npy","code_and_experiments","621728","2026-06-15T18:11:53"
"数据整理\outputs\gnn_bigru_real_noaa_task_mode\gnn_bigru_multi_24h\target_tide.npy","code_and_experiments","621728","2026-06-15T18:11:53"
"数据整理\outputs\gnn_bigru_real_noaa_task_mode\gnn_bigru_multi_24h\true_residual.npy","code_and_experiments","621728","2026-06-15T18:11:53"
"数据整理\outputs\gnn_bigru_real_noaa_task_mode\overall_metrics.csv","code_and_experiments","1613","2026-06-15T18:11:54"
"数据整理\outputs\journal_longrun_experiments\causal_24h\causal_coops_features_used.csv","code_and_experiments","228","2026-07-03T02:03:17"
"数据整理\outputs\journal_longrun_experiments\causal_24h\causal_final_key_metrics.csv","code_and_experiments","522","2026-07-03T03:00:15"
"数据整理\outputs\journal_longrun_experiments\causal_24h\causal_final_metrics.csv","code_and_experiments","2424","2026-07-03T03:00:15"
"数据整理\outputs\journal_longrun_experiments\causal_24h\causal_final_metrics_partial.csv","code_and_experiments","2424","2026-07-03T03:00:15"
"数据整理\outputs\journal_longrun_experiments\causal_24h\causal_preprocessing_array_audit.csv","code_and_experiments","1097","2026-07-03T02:03:17"
"数据整理\outputs\journal_longrun_experiments\causal_24h\horizon_24h\gnn_bigru\metrics.csv","code_and_experiments","1335","2026-07-03T02:30:09"
"数据整理\outputs\journal_longrun_experiments\causal_24h\horizon_24h\gnn_bigru\predictions.npz","code_and_experiments","2524602","2026-07-03T02:30:10"
"数据整理\outputs\journal_longrun_experiments\causal_24h\horizon_24h\gnn_bigru\training_log.csv","code_and_experiments","3607","2026-07-03T02:30:09"
"数据整理\outputs\journal_longrun_experiments\causal_24h\horizon_24h\physical_loss\metrics.csv","code_and_experiments","1808","2026-07-03T03:00:13"
"数据整理\outputs\journal_longrun_experiments\causal_24h\horizon_24h\physical_loss\predictions.npz","code_and_experiments","9903127","2026-07-03T03:00:15"
"数据整理\outputs\journal_longrun_experiments\causal_24h\horizon_24h\physical_loss\training_log.csv","code_and_experiments","211752","2026-07-03T03:00:13"
"数据整理\outputs\journal_longrun_experiments\command_manifest.txt","code_and_experiments","828","2026-07-02T23:42:16"
"数据整理\outputs\journal_longrun_experiments\journal_longrun_summary.md","code_and_experiments","1677","2026-07-03T08:35:51"
"数据整理\outputs\journal_longrun_experiments\logs\causal_24h.log","code_and_experiments","4236","2026-07-03T03:00:17"
"数据整理\outputs\journal_longrun_experiments\logs\multiseed_24h.log","code_and_experiments","14329","2026-07-03T02:02:37"
"数据整理\outputs\journal_longrun_experiments\multiseed_24h\all_validation_metrics_long.csv","code_and_experiments","5490","2026-07-03T02:02:35"
"数据整理\outputs\journal_longrun_experiments\multiseed_24h\task_1_multiseed_mean_std.csv","code_and_experiments","870","2026-07-03T02:02:35"
"数据整理\outputs\journal_longrun_experiments\multiseed_24h\task_2_horizon_model_key_metrics.csv","code_and_experiments","1489","2026-07-03T02:02:35"
"数据整理\outputs\journal_longrun_experiments\multiseed_24h\task_2_last_residual_R2_by_horizon.png","code_and_experiments","53690","2026-07-03T02:02:36"
"数据整理\outputs\journal_longrun_experiments\multiseed_24h\task_3_extreme_event_metrics.csv","code_and_experiments","798","2026-07-03T02:02:35"
"数据整理\outputs\journal_longrun_experiments\multiseed_24h\task_3_extreme_q95_R2_by_horizon.png","code_and_experiments","58814","2026-07-03T02:02:37"
"数据整理\outputs\journal_longrun_experiments\multiseed_24h\task1_multiseed_h24_seed123\final_four_models_enhanced_24h.png","code_and_experiments","61867","2026-07-03T01:09:35"
"数据整理\outputs\journal_longrun_experiments\multiseed_24h\task1_multiseed_h24_seed123\final_four_models_enhanced_key_metrics.csv","code_and_experiments","523","2026-07-03T01:09:34"
"数据整理\outputs\journal_longrun_experiments\multiseed_24h\task1_multiseed_h24_seed123\final_four_models_enhanced_metrics.csv","code_and_experiments","2431","2026-07-03T01:09:34"
"数据整理\outputs\journal_longrun_experiments\multiseed_24h\task1_multiseed_h24_seed123\final_four_models_enhanced_metrics_partial.csv","code_and_experiments","2431","2026-07-03T01:09:34"
"数据整理\outputs\journal_longrun_experiments\multiseed_24h\task1_multiseed_h24_seed123\horizon_24h\gnn_bigru\metrics.csv","code_and_experiments","1339","2026-07-03T00:37:57"
"数据整理\outputs\journal_longrun_experiments\multiseed_24h\task1_multiseed_h24_seed123\horizon_24h\gnn_bigru\predictions.npz","code_and_experiments","2519442","2026-07-03T00:37:57"
"数据整理\outputs\journal_longrun_experiments\multiseed_24h\task1_multiseed_h24_seed123\horizon_24h\gnn_bigru\training_log.csv","code_and_experiments","4571","2026-07-03T00:37:57"
"数据整理\outputs\journal_longrun_experiments\multiseed_24h\task1_multiseed_h24_seed123\horizon_24h\physical_loss\metrics.csv","code_and_experiments","1811","2026-07-03T01:09:32"
"数据整理\outputs\journal_longrun_experiments\multiseed_24h\task1_multiseed_h24_seed123\horizon_24h\physical_loss\predictions.npz","code_and_experiments","10124051","2026-07-03T01:09:34"
"数据整理\outputs\journal_longrun_experiments\multiseed_24h\task1_multiseed_h24_seed123\horizon_24h\physical_loss\training_log.csv","code_and_experiments","193100","2026-07-03T01:09:32"
"数据整理\outputs\journal_longrun_experiments\multiseed_24h\task1_multiseed_h24_seed123\metrics_with_seed.csv","code_and_experiments","2430","2026-07-03T01:09:39"
"数据整理\outputs\journal_longrun_experiments\multiseed_24h\task1_multiseed_h24_seed2024\final_four_models_enhanced_24h.png","code_and_experiments","61716","2026-07-03T02:02:32"
"数据整理\outputs\journal_longrun_experiments\multiseed_24h\task1_multiseed_h24_seed2024\final_four_models_enhanced_key_metrics.csv","code_and_experiments","520","2026-07-03T02:02:32"
"数据整理\outputs\journal_longrun_experiments\multiseed_24h\task1_multiseed_h24_seed2024\final_four_models_enhanced_metrics.csv","code_and_experiments","2426","2026-07-03T02:02:32"
"数据整理\outputs\journal_longrun_experiments\multiseed_24h\task1_multiseed_h24_seed2024\final_four_models_enhanced_metrics_partial.csv","code_and_experiments","2426","2026-07-03T02:02:32"
"数据整理\outputs\journal_longrun_experiments\multiseed_24h\task1_multiseed_h24_seed2024\horizon_24h\gnn_bigru\metrics.csv","code_and_experiments","1331","2026-07-03T01:33:57"
"数据整理\outputs\journal_longrun_experiments\multiseed_24h\task1_multiseed_h24_seed2024\horizon_24h\gnn_bigru\predictions.npz","code_and_experiments","2510876","2026-07-03T01:33:57"
"数据整理\outputs\journal_longrun_experiments\multiseed_24h\task1_multiseed_h24_seed2024\horizon_24h\gnn_bigru\training_log.csv","code_and_experiments","2662","2026-07-03T01:33:57"
"数据整理\outputs\journal_longrun_experiments\multiseed_24h\task1_multiseed_h24_seed2024\horizon_24h\physical_loss\metrics.csv","code_and_experiments","1814","2026-07-03T02:02:30"
"数据整理\outputs\journal_longrun_experiments\multiseed_24h\task1_multiseed_h24_seed2024\horizon_24h\physical_loss\predictions.npz","code_and_experiments","10105813","2026-07-03T02:02:32"
"数据整理\outputs\journal_longrun_experiments\multiseed_24h\task1_multiseed_h24_seed2024\horizon_24h\physical_loss\training_log.csv","code_and_experiments","199262","2026-07-03T02:02:30"
"数据整理\outputs\journal_longrun_experiments\multiseed_24h\task1_multiseed_h24_seed2024\metrics_with_seed.csv","code_and_experiments","2433","2026-07-03T02:02:35"
"数据整理\outputs\journal_longrun_experiments\multiseed_24h\task1_multiseed_h24_seed42\final_four_models_enhanced_24h.png","code_and_experiments","61733","2026-07-03T00:02:50"
"数据整理\outputs\journal_longrun_experiments\multiseed_24h\task1_multiseed_h24_seed42\final_four_models_enhanced_key_metrics.csv","code_and_experiments","521","2026-07-03T00:02:49"
"数据整理\outputs\journal_longrun_experiments\multiseed_24h\task1_multiseed_h24_seed42\final_four_models_enhanced_metrics.csv","code_and_experiments","2433","2026-07-03T00:02:49"
"数据整理\outputs\journal_longrun_experiments\multiseed_24h\task1_multiseed_h24_seed42\final_four_models_enhanced_metrics_partial.csv","code_and_experiments","2433","2026-07-03T00:02:49"
"数据整理\outputs\journal_longrun_experiments\multiseed_24h\task1_multiseed_h24_seed42\horizon_24h\gnn_bigru\metrics.csv","code_and_experiments","1335","2026-07-02T23:46:23"
"数据整理\outputs\journal_longrun_experiments\multiseed_24h\task1_multiseed_h24_seed42\horizon_24h\gnn_bigru\predictions.npz","code_and_experiments","2520018","2026-07-02T23:46:23"
"数据整理\outputs\journal_longrun_experiments\multiseed_24h\task1_multiseed_h24_seed42\horizon_24h\gnn_bigru\training_log.csv","code_and_experiments","2526","2026-07-02T23:46:23"
"数据整理\outputs\journal_longrun_experiments\multiseed_24h\task1_multiseed_h24_seed42\horizon_24h\physical_loss\metrics.csv","code_and_experiments","1817","2026-07-03T00:02:48"
"数据整理\outputs\journal_longrun_experiments\multiseed_24h\task1_multiseed_h24_seed42\horizon_24h\physical_loss\predictions.npz","code_and_experiments","10129127","2026-07-03T00:02:49"
"数据整理\outputs\journal_longrun_experiments\multiseed_24h\task1_multiseed_h24_seed42\horizon_24h\physical_loss\training_log.csv","code_and_experiments","202674","2026-07-03T00:02:47"
"数据整理\outputs\journal_longrun_experiments\multiseed_24h\task1_multiseed_h24_seed42\metrics_with_seed.csv","code_and_experiments","2427","2026-07-03T00:02:53"
"数据整理\outputs\journal_longrun_experiments_v2_5seed\causal_24h\causal_coops_features_used.csv","code_and_experiments","228","2026-07-10T19:49:52"
"数据整理\outputs\journal_longrun_experiments_v2_5seed\causal_24h\causal_final_key_metrics.csv","code_and_experiments","524","2026-07-10T21:26:58"
"数据整理\outputs\journal_longrun_experiments_v2_5seed\causal_24h\causal_final_metrics.csv","code_and_experiments","2432","2026-07-10T21:26:58"
"数据整理\outputs\journal_longrun_experiments_v2_5seed\causal_24h\causal_final_metrics_partial.csv","code_and_experiments","2432","2026-07-10T21:26:58"
"数据整理\outputs\journal_longrun_experiments_v2_5seed\causal_24h\causal_preprocessing_array_audit.csv","code_and_experiments","1097","2026-07-10T19:49:52"
"数据整理\outputs\journal_longrun_experiments_v2_5seed\causal_24h\horizon_24h\gnn_bigru\metrics.csv","code_and_experiments","1334","2026-07-10T20:53:33"
"数据整理\outputs\journal_longrun_experiments_v2_5seed\causal_24h\horizon_24h\gnn_bigru\predictions.npz","code_and_experiments","2524602","2026-07-10T20:53:34"
"数据整理\outputs\journal_longrun_experiments_v2_5seed\causal_24h\horizon_24h\gnn_bigru\training_log.csv","code_and_experiments","3836","2026-07-10T20:53:33"
"数据整理\outputs\journal_longrun_experiments_v2_5seed\causal_24h\horizon_24h\physical_loss\metrics.csv","code_and_experiments","1817","2026-07-10T21:26:54"
"数据整理\outputs\journal_longrun_experiments_v2_5seed\causal_24h\horizon_24h\physical_loss\predictions.npz","code_and_experiments","9906835","2026-07-10T21:26:58"
"数据整理\outputs\journal_longrun_experiments_v2_5seed\causal_24h\horizon_24h\physical_loss\training_log.csv","code_and_experiments","168591","2026-07-10T21:26:54"
"数据整理\outputs\journal_longrun_experiments_v2_5seed\command_manifest.txt","code_and_experiments","1220","2026-07-10T13:59:02"
"数据整理\outputs\journal_longrun_experiments_v2_5seed\full_four_models_6_12_24\final_four_models_enhanced_12h.png","code_and_experiments","67488","2026-07-11T14:15:28"
"数据整理\outputs\journal_longrun_experiments_v2_5seed\full_four_models_6_12_24\final_four_models_enhanced_24h.png","code_and_experiments","66926","2026-07-11T14:15:29"
"数据整理\outputs\journal_longrun_experiments_v2_5seed\full_four_models_6_12_24\final_four_models_enhanced_6h.png","code_and_experiments","68019","2026-07-11T14:15:28"
"数据整理\outputs\journal_longrun_experiments_v2_5seed\full_four_models_6_12_24\final_four_models_enhanced_key_metrics.csv","code_and_experiments","2404","2026-07-11T14:15:19"
"数据整理\outputs\journal_longrun_experiments_v2_5seed\full_four_models_6_12_24\final_four_models_enhanced_metrics.csv","code_and_experiments","9729","2026-07-11T14:15:18"
"数据整理\outputs\journal_longrun_experiments_v2_5seed\full_four_models_6_12_24\final_four_models_enhanced_metrics_partial.csv","code_and_experiments","9729","2026-07-11T14:15:18"
"数据整理\outputs\journal_longrun_experiments_v2_5seed\full_four_models_6_12_24\horizon_12h\gnn_bigru\metrics.csv","code_and_experiments","1337","2026-07-11T08:57:37"
"数据整理\outputs\journal_longrun_experiments_v2_5seed\full_four_models_6_12_24\horizon_12h\gnn_bigru\predictions.npz","code_and_experiments","1384780","2026-07-11T08:57:38"
"数据整理\outputs\journal_longrun_experiments_v2_5seed\full_four_models_6_12_24\horizon_12h\gnn_bigru\training_log.csv","code_and_experiments","3732","2026-07-11T08:57:37"
"数据整理\outputs\journal_longrun_experiments_v2_5seed\full_four_models_6_12_24\horizon_12h\learnable_graph\metrics.csv","code_and_experiments","1416","2026-07-11T10:48:21"
"数据整理\outputs\journal_longrun_experiments_v2_5seed\full_four_models_6_12_24\horizon_12h\learnable_graph\predictions.npz","code_and_experiments","1391130","2026-07-11T10:48:22"
"数据整理\outputs\journal_longrun_experiments_v2_5seed\full_four_models_6_12_24\horizon_12h\learnable_graph\training_log.csv","code_and_experiments","8889","2026-07-11T10:48:21"
"数据整理\outputs\journal_longrun_experiments_v2_5seed\full_four_models_6_12_24\horizon_12h\ode_based_learnable\metrics.csv","code_and_experiments","1416","2026-07-11T11:58:23"
"数据整理\outputs\journal_longrun_experiments_v2_5seed\full_four_models_6_12_24\horizon_12h\ode_based_learnable\predictions.npz","code_and_experiments","1393964","2026-07-11T11:58:23"
"数据整理\outputs\journal_longrun_experiments_v2_5seed\full_four_models_6_12_24\horizon_12h\ode_based_learnable\training_log.csv","code_and_experiments","7857","2026-07-11T11:58:23"
"数据整理\outputs\journal_longrun_experiments_v2_5seed\full_four_models_6_12_24\horizon_12h\physical_loss\metrics.csv","code_and_experiments","1815","2026-07-11T13:05:09"
"数据整理\outputs\journal_longrun_experiments_v2_5seed\full_four_models_6_12_24\horizon_12h\physical_loss\predictions.npz","code_and_experiments","5326569","2026-07-11T13:05:10"
"数据整理\outputs\journal_longrun_experiments_v2_5seed\full_four_models_6_12_24\horizon_12h\physical_loss\training_log.csv","code_and_experiments","220220","2026-07-11T13:05:08"
"数据整理\outputs\journal_longrun_experiments_v2_5seed\full_four_models_6_12_24\horizon_24h\gnn_bigru\metrics.csv","code_and_experiments","1336","2026-07-11T13:23:32"
"数据整理\outputs\journal_longrun_experiments_v2_5seed\full_four_models_6_12_24\horizon_24h\gnn_bigru\predictions.npz","code_and_experiments","2521461","2026-07-11T13:23:32"
"数据整理\outputs\journal_longrun_experiments_v2_5seed\full_four_models_6_12_24\horizon_24h\gnn_bigru\training_log.csv","code_and_experiments","3075","2026-07-11T13:23:32"
"数据整理\outputs\journal_longrun_experiments_v2_5seed\full_four_models_6_12_24\horizon_24h\learnable_graph\metrics.csv","code_and_experiments","1413","2026-07-11T13:39:10"
"数据整理\outputs\journal_longrun_experiments_v2_5seed\full_four_models_6_12_24\horizon_24h\learnable_graph\predictions.npz","code_and_experiments","2532999","2026-07-11T13:39:10"
"数据整理\outputs\journal_longrun_experiments_v2_5seed\full_four_models_6_12_24\horizon_24h\learnable_graph\training_log.csv","code_and_experiments","7204","2026-07-11T13:39:10"
"数据整理\outputs\journal_longrun_experiments_v2_5seed\full_four_models_6_12_24\horizon_24h\ode_based_learnable\metrics.csv","code_and_experiments","1421","2026-07-11T14:02:14"
"数据整理\outputs\journal_longrun_experiments_v2_5seed\full_four_models_6_12_24\horizon_24h\ode_based_learnable\predictions.npz","code_and_experiments","2535821","2026-07-11T14:02:15"
"数据整理\outputs\journal_longrun_experiments_v2_5seed\full_four_models_6_12_24\horizon_24h\ode_based_learnable\training_log.csv","code_and_experiments","5953","2026-07-11T14:02:14"
"数据整理\outputs\journal_longrun_experiments_v2_5seed\full_four_models_6_12_24\horizon_24h\physical_loss\metrics.csv","code_and_experiments","1807","2026-07-11T14:14:59"
"数据整理\outputs\journal_longrun_experiments_v2_5seed\full_four_models_6_12_24\horizon_24h\physical_loss\predictions.npz","code_and_experiments","10123448","2026-07-11T14:15:16"
"数据整理\outputs\journal_longrun_experiments_v2_5seed\full_four_models_6_12_24\horizon_24h\physical_loss\training_log.csv","code_and_experiments","187067","2026-07-11T14:14:59"
"数据整理\outputs\journal_longrun_experiments_v2_5seed\full_four_models_6_12_24\horizon_6h\gnn_bigru\metrics.csv","code_and_experiments","1334","2026-07-10T22:24:57"
"数据整理\outputs\journal_longrun_experiments_v2_5seed\full_four_models_6_12_24\horizon_6h\gnn_bigru\predictions.npz","code_and_experiments","802238","2026-07-10T22:24:58"
"数据整理\outputs\journal_longrun_experiments_v2_5seed\full_four_models_6_12_24\horizon_6h\gnn_bigru\training_log.csv","code_and_experiments","4796","2026-07-10T22:24:57"
"数据整理\outputs\journal_longrun_experiments_v2_5seed\full_four_models_6_12_24\horizon_6h\learnable_graph\metrics.csv","code_and_experiments","1418","2026-07-10T23:26:45"
"数据整理\outputs\journal_longrun_experiments_v2_5seed\full_four_models_6_12_24\horizon_6h\learnable_graph\predictions.npz","code_and_experiments","806838","2026-07-10T23:26:46"
"数据整理\outputs\journal_longrun_experiments_v2_5seed\full_four_models_6_12_24\horizon_6h\learnable_graph\training_log.csv","code_and_experiments","9955","2026-07-10T23:26:45"
"数据整理\outputs\journal_longrun_experiments_v2_5seed\full_four_models_6_12_24\horizon_6h\ode_based_learnable\metrics.csv","code_and_experiments","1425","2026-07-11T03:00:56"
"数据整理\outputs\journal_longrun_experiments_v2_5seed\full_four_models_6_12_24\horizon_6h\ode_based_learnable\predictions.npz","code_and_experiments","807269","2026-07-11T03:00:56"
"数据整理\outputs\journal_longrun_experiments_v2_5seed\full_four_models_6_12_24\horizon_6h\ode_based_learnable\training_log.csv","code_and_experiments","12581","2026-07-11T03:00:56"
"数据整理\outputs\journal_longrun_experiments_v2_5seed\full_four_models_6_12_24\horizon_6h\physical_loss\metrics.csv","code_and_experiments","1820","2026-07-11T06:37:35"
"数据整理\outputs\journal_longrun_experiments_v2_5seed\full_four_models_6_12_24\horizon_6h\physical_loss\predictions.npz","code_and_experiments","2945926","2026-07-11T06:37:36"
"数据整理\outputs\journal_longrun_experiments_v2_5seed\full_four_models_6_12_24\horizon_6h\physical_loss\training_log.csv","code_and_experiments","325353","2026-07-11T06:37:35"
"数据整理\outputs\journal_longrun_experiments_v2_5seed\journal_longrun_summary.md","code_and_experiments","2972","2026-07-11T14:15:50"
"数据整理\outputs\journal_longrun_experiments_v2_5seed\logs\causal_24h.log","code_and_experiments","3855","2026-07-10T21:27:03"
"数据整理\outputs\journal_longrun_experiments_v2_5seed\logs\full_four_models_6_12_24.log","code_and_experiments","19751","2026-07-11T14:15:49"
"数据整理\outputs\journal_longrun_experiments_v2_5seed\logs\multiseed_24h.log","code_and_experiments","23731","2026-07-10T19:49:09"
"数据整理\outputs\journal_longrun_experiments_v2_5seed\multiseed_24h\all_validation_metrics_long.csv","code_and_experiments","8554","2026-07-10T19:49:04"
"数据整理\outputs\journal_longrun_experiments_v2_5seed\multiseed_24h\task_1_multiseed_mean_std.csv","code_and_experiments","866","2026-07-10T19:49:04"
"数据整理\outputs\journal_longrun_experiments_v2_5seed\multiseed_24h\task_2_horizon_model_key_metrics.csv","code_and_experiments","2311","2026-07-10T19:49:04"
"数据整理\outputs\journal_longrun_experiments_v2_5seed\multiseed_24h\task_2_last_residual_R2_by_horizon.png","code_and_experiments","49075","2026-07-10T19:49:05"
"数据整理\outputs\journal_longrun_experiments_v2_5seed\multiseed_24h\task_3_extreme_event_metrics.csv","code_and_experiments","1231","2026-07-10T19:49:04"
"数据整理\outputs\journal_longrun_experiments_v2_5seed\multiseed_24h\task_3_extreme_q95_R2_by_horizon.png","code_and_experiments","55207","2026-07-10T19:49:05"
"数据整理\outputs\journal_longrun_experiments_v2_5seed\multiseed_24h\task1_multiseed_h24_seed123\final_four_models_enhanced_24h.png","code_and_experiments","53205","2026-07-10T16:37:29"
"数据整理\outputs\journal_longrun_experiments_v2_5seed\multiseed_24h\task1_multiseed_h24_seed123\final_four_models_enhanced_key_metrics.csv","code_and_experiments","521","2026-07-10T16:37:28"
"数据整理\outputs\journal_longrun_experiments_v2_5seed\multiseed_24h\task1_multiseed_h24_seed123\final_four_models_enhanced_metrics.csv","code_and_experiments","2431","2026-07-10T16:37:28"
"数据整理\outputs\journal_longrun_experiments_v2_5seed\multiseed_24h\task1_multiseed_h24_seed123\final_four_models_enhanced_metrics_partial.csv","code_and_experiments","2431","2026-07-10T16:37:28"
"数据整理\outputs\journal_longrun_experiments_v2_5seed\multiseed_24h\task1_multiseed_h24_seed123\horizon_24h\gnn_bigru\metrics.csv","code_and_experiments","1338","2026-07-10T15:45:39"
"数据整理\outputs\journal_longrun_experiments_v2_5seed\multiseed_24h\task1_multiseed_h24_seed123\horizon_24h\gnn_bigru\predictions.npz","code_and_experiments","2519442","2026-07-10T15:45:40"
"数据整理\outputs\journal_longrun_experiments_v2_5seed\multiseed_24h\task1_multiseed_h24_seed123\horizon_24h\gnn_bigru\training_log.csv","code_and_experiments","4991","2026-07-10T15:45:39"
"数据整理\outputs\journal_longrun_experiments_v2_5seed\multiseed_24h\task1_multiseed_h24_seed123\horizon_24h\physical_loss\metrics.csv","code_and_experiments","1812","2026-07-10T16:37:27"
"数据整理\outputs\journal_longrun_experiments_v2_5seed\multiseed_24h\task1_multiseed_h24_seed123\horizon_24h\physical_loss\predictions.npz","code_and_experiments","10133461","2026-07-10T16:37:28"
"数据整理\outputs\journal_longrun_experiments_v2_5seed\multiseed_24h\task1_multiseed_h24_seed123\horizon_24h\physical_loss\training_log.csv","code_and_experiments","227170","2026-07-10T16:37:27"
"数据整理\outputs\journal_longrun_experiments_v2_5seed\multiseed_24h\task1_multiseed_h24_seed123\metrics_with_seed.csv","code_and_experiments","2431","2026-07-10T16:37:35"
"数据整理\outputs\journal_longrun_experiments_v2_5seed\multiseed_24h\task1_multiseed_h24_seed2024\final_four_models_enhanced_24h.png","code_and_experiments","53045","2026-07-10T17:30:16"
"数据整理\outputs\journal_longrun_experiments_v2_5seed\multiseed_24h\task1_multiseed_h24_seed2024\final_four_models_enhanced_key_metrics.csv","code_and_experiments","520","2026-07-10T17:30:15"
"数据整理\outputs\journal_longrun_experiments_v2_5seed\multiseed_24h\task1_multiseed_h24_seed2024\final_four_models_enhanced_metrics.csv","code_and_experiments","2427","2026-07-10T17:30:15"
"数据整理\outputs\journal_longrun_experiments_v2_5seed\multiseed_24h\task1_multiseed_h24_seed2024\final_four_models_enhanced_metrics_partial.csv","code_and_experiments","2427","2026-07-10T17:30:15"
"数据整理\outputs\journal_longrun_experiments_v2_5seed\multiseed_24h\task1_multiseed_h24_seed2024\horizon_24h\gnn_bigru\metrics.csv","code_and_experiments","1333","2026-07-10T17:00:26"
"数据整理\outputs\journal_longrun_experiments_v2_5seed\multiseed_24h\task1_multiseed_h24_seed2024\horizon_24h\gnn_bigru\predictions.npz","code_and_experiments","2510876","2026-07-10T17:00:27"
"数据整理\outputs\journal_longrun_experiments_v2_5seed\multiseed_24h\task1_multiseed_h24_seed2024\horizon_24h\gnn_bigru\training_log.csv","code_and_experiments","2890","2026-07-10T17:00:26"
"数据整理\outputs\journal_longrun_experiments_v2_5seed\multiseed_24h\task1_multiseed_h24_seed2024\horizon_24h\physical_loss\metrics.csv","code_and_experiments","1813","2026-07-10T17:30:11"
"数据整理\outputs\journal_longrun_experiments_v2_5seed\multiseed_24h\task1_multiseed_h24_seed2024\horizon_24h\physical_loss\predictions.npz","code_and_experiments","10111262","2026-07-10T17:30:15"
"数据整理\outputs\journal_longrun_experiments_v2_5seed\multiseed_24h\task1_multiseed_h24_seed2024\horizon_24h\physical_loss\training_log.csv","code_and_experiments","190213","2026-07-10T17:30:11"
"数据整理\outputs\journal_longrun_experiments_v2_5seed\multiseed_24h\task1_multiseed_h24_seed2024\metrics_with_seed.csv","code_and_experiments","2430","2026-07-10T17:30:21"
"数据整理\outputs\journal_longrun_experiments_v2_5seed\multiseed_24h\task1_multiseed_h24_seed2025\final_four_models_enhanced_24h.png","code_and_experiments","53024","2026-07-10T18:33:39"
"数据整理\outputs\journal_longrun_experiments_v2_5seed\multiseed_24h\task1_multiseed_h24_seed2025\final_four_models_enhanced_key_metrics.csv","code_and_experiments","521","2026-07-10T18:33:37"
"数据整理\outputs\journal_longrun_experiments_v2_5seed\multiseed_24h\task1_multiseed_h24_seed2025\final_four_models_enhanced_metrics.csv","code_and_experiments","2429","2026-07-10T18:33:37"
"数据整理\outputs\journal_longrun_experiments_v2_5seed\multiseed_24h\task1_multiseed_h24_seed2025\final_four_models_enhanced_metrics_partial.csv","code_and_experiments","2429","2026-07-10T18:33:37"
"数据整理\outputs\journal_longrun_experiments_v2_5seed\multiseed_24h\task1_multiseed_h24_seed2025\horizon_24h\gnn_bigru\metrics.csv","code_and_experiments","1335","2026-07-10T17:57:13"
"数据整理\outputs\journal_longrun_experiments_v2_5seed\multiseed_24h\task1_multiseed_h24_seed2025\horizon_24h\gnn_bigru\predictions.npz","code_and_experiments","2525805","2026-07-10T17:57:15"
"数据整理\outputs\journal_longrun_experiments_v2_5seed\multiseed_24h\task1_multiseed_h24_seed2025\horizon_24h\gnn_bigru\training_log.csv","code_and_experiments","2753","2026-07-10T17:57:13"
"数据整理\outputs\journal_longrun_experiments_v2_5seed\multiseed_24h\task1_multiseed_h24_seed2025\horizon_24h\physical_loss\metrics.csv","code_and_experiments","1813","2026-07-10T18:33:32"
"数据整理\outputs\journal_longrun_experiments_v2_5seed\multiseed_24h\task1_multiseed_h24_seed2025\horizon_24h\physical_loss\predictions.npz","code_and_experiments","10128038","2026-07-10T18:33:37"
"数据整理\outputs\journal_longrun_experiments_v2_5seed\multiseed_24h\task1_multiseed_h24_seed2025\horizon_24h\physical_loss\training_log.csv","code_and_experiments","184056","2026-07-10T18:33:32"
"数据整理\outputs\journal_longrun_experiments_v2_5seed\multiseed_24h\task1_multiseed_h24_seed2025\metrics_with_seed.csv","code_and_experiments","2428","2026-07-10T18:33:48"
"数据整理\outputs\journal_longrun_experiments_v2_5seed\multiseed_24h\task1_multiseed_h24_seed3407\final_four_models_enhanced_24h.png","code_and_experiments","53094","2026-07-10T19:49:01"
"数据整理\outputs\journal_longrun_experiments_v2_5seed\multiseed_24h\task1_multiseed_h24_seed3407\final_four_models_enhanced_key_metrics.csv","code_and_experiments","521","2026-07-10T19:49:00"
"数据整理\outputs\journal_longrun_experiments_v2_5seed\multiseed_24h\task1_multiseed_h24_seed3407\final_four_models_enhanced_metrics.csv","code_and_experiments","2431","2026-07-10T19:49:00"
"数据整理\outputs\journal_longrun_experiments_v2_5seed\multiseed_24h\task1_multiseed_h24_seed3407\final_four_models_enhanced_metrics_partial.csv","code_and_experiments","2431","2026-07-10T19:49:00"
"数据整理\outputs\journal_longrun_experiments_v2_5seed\multiseed_24h\task1_multiseed_h24_seed3407\horizon_24h\gnn_bigru\metrics.csv","code_and_experiments","1334","2026-07-10T19:23:32"
"数据整理\outputs\journal_longrun_experiments_v2_5seed\multiseed_24h\task1_multiseed_h24_seed3407\horizon_24h\gnn_bigru\predictions.npz","code_and_experiments","2514582","2026-07-10T19:23:32"
"数据整理\outputs\journal_longrun_experiments_v2_5seed\multiseed_24h\task1_multiseed_h24_seed3407\horizon_24h\gnn_bigru\training_log.csv","code_and_experiments","5497","2026-07-10T19:23:32"
"数据整理\outputs\journal_longrun_experiments_v2_5seed\multiseed_24h\task1_multiseed_h24_seed3407\horizon_24h\physical_loss\metrics.csv","code_and_experiments","1816","2026-07-10T19:48:58"
"数据整理\outputs\journal_longrun_experiments_v2_5seed\multiseed_24h\task1_multiseed_h24_seed3407\horizon_24h\physical_loss\predictions.npz","code_and_experiments","10130921","2026-07-10T19:49:00"
"数据整理\outputs\journal_longrun_experiments_v2_5seed\multiseed_24h\task1_multiseed_h24_seed3407\horizon_24h\physical_loss\training_log.csv","code_and_experiments","177716","2026-07-10T19:48:58"
"数据整理\outputs\journal_longrun_experiments_v2_5seed\multiseed_24h\task1_multiseed_h24_seed3407\metrics_with_seed.csv","code_and_experiments","2434","2026-07-10T19:49:04"
"数据整理\outputs\journal_longrun_experiments_v2_5seed\multiseed_24h\task1_multiseed_h24_seed42\final_four_models_enhanced_24h.png","code_and_experiments","53059","2026-07-10T14:55:35"
"数据整理\outputs\journal_longrun_experiments_v2_5seed\multiseed_24h\task1_multiseed_h24_seed42\final_four_models_enhanced_key_metrics.csv","code_and_experiments","520","2026-07-10T14:55:31"
"数据整理\outputs\journal_longrun_experiments_v2_5seed\multiseed_24h\task1_multiseed_h24_seed42\final_four_models_enhanced_metrics.csv","code_and_experiments","2430","2026-07-10T14:55:31"
"数据整理\outputs\journal_longrun_experiments_v2_5seed\multiseed_24h\task1_multiseed_h24_seed42\final_four_models_enhanced_metrics_partial.csv","code_and_experiments","2430","2026-07-10T14:55:31"
"数据整理\outputs\journal_longrun_experiments_v2_5seed\multiseed_24h\task1_multiseed_h24_seed42\horizon_24h\gnn_bigru\metrics.csv","code_and_experiments","1336","2026-07-10T14:22:52"
"数据整理\outputs\journal_longrun_experiments_v2_5seed\multiseed_24h\task1_multiseed_h24_seed42\horizon_24h\gnn_bigru\predictions.npz","code_and_experiments","2520018","2026-07-10T14:22:53"
"数据整理\outputs\journal_longrun_experiments_v2_5seed\multiseed_24h\task1_multiseed_h24_seed42\horizon_24h\gnn_bigru\training_log.csv","code_and_experiments","2753","2026-07-10T14:22:52"
"数据整理\outputs\journal_longrun_experiments_v2_5seed\multiseed_24h\task1_multiseed_h24_seed42\horizon_24h\physical_loss\metrics.csv","code_and_experiments","1813","2026-07-10T14:55:28"
"数据整理\outputs\journal_longrun_experiments_v2_5seed\multiseed_24h\task1_multiseed_h24_seed42\horizon_24h\physical_loss\predictions.npz","code_and_experiments","10117586","2026-07-10T14:55:31"
"数据整理\outputs\journal_longrun_experiments_v2_5seed\multiseed_24h\task1_multiseed_h24_seed42\horizon_24h\physical_loss\training_log.csv","code_and_experiments","208881","2026-07-10T14:55:28"
"数据整理\outputs\journal_longrun_experiments_v2_5seed\multiseed_24h\task1_multiseed_h24_seed42\metrics_with_seed.csv","code_and_experiments","2431","2026-07-10T14:55:39"
"数据整理\outputs\long_epoch_24h_physical_loss_80e\final_four_models_enhanced_24h.png","code_and_experiments","58141","2026-06-22T10:11:33"
"数据整理\outputs\long_epoch_24h_physical_loss_80e\final_four_models_enhanced_key_metrics.csv","code_and_experiments","388","2026-06-22T10:11:32"
"数据整理\outputs\long_epoch_24h_physical_loss_80e\final_four_models_enhanced_metrics.csv","code_and_experiments","1808","2026-06-22T10:11:32"
"数据整理\outputs\long_epoch_24h_physical_loss_80e\final_four_models_enhanced_metrics_partial.csv","code_and_experiments","1808","2026-06-22T10:11:32"
"数据整理\outputs\long_epoch_24h_physical_loss_80e\horizon_24h\physical_loss\metrics.csv","code_and_experiments","1808","2026-06-22T10:11:30"
"数据整理\outputs\long_epoch_24h_physical_loss_80e\horizon_24h\physical_loss\predictions.npz","code_and_experiments","10123004","2026-06-22T10:11:32"
"数据整理\outputs\long_epoch_24h_physical_loss_80e\horizon_24h\physical_loss\training_log.csv","code_and_experiments","140465","2026-06-22T10:11:30"
"数据整理\outputs\multistate_physics_baseline\aligned_multistate_hourly_features.csv","code_and_experiments","77410260","2026-06-21T12:11:12"
"数据整理\outputs\multistate_physics_baseline\best_physics_baseline_by_horizon.csv","code_and_experiments","2132","2026-06-21T12:12:55"
"数据整理\outputs\multistate_physics_baseline\distance_graph_adjacency.csv","code_and_experiments","1232","2026-06-21T12:11:12"
"数据整理\outputs\multistate_physics_baseline\physics_baseline_coefficients.csv","code_and_experiments","4516","2026-06-21T12:12:55"
"数据整理\outputs\multistate_physics_baseline\physics_baseline_metrics.csv","code_and_experiments","7369","2026-06-21T12:12:55"
"数据整理\outputs\multistate_physics_baseline\physics_baseline_residual_rmse_heatmap.png","code_and_experiments","61650","2026-06-21T12:12:59"
"数据整理\outputs\multistate_physics_baseline\physics_baseline_rmse_comparison.png","code_and_experiments","103903","2026-06-21T12:12:58"
"数据整理\outputs\multistate_physics_baseline\station_meta_used.csv","code_and_experiments","263","2026-06-21T12:11:12"
"数据整理\outputs\multistate_physics_loss_gnn_bigru_v2\combined_v2_key_metrics.csv","code_and_experiments","964","2026-06-21T19:43:38"
"数据整理\outputs\multistate_physics_loss_gnn_bigru_v2\combined_v2_metrics.csv","code_and_experiments","11947","2026-06-21T19:43:38"
"数据整理\outputs\multistate_physics_loss_gnn_bigru_v2\combined_v2_r2_and_graph_weights.png","code_and_experiments","169598","2026-06-21T19:43:42"
"数据整理\outputs\multistate_physics_loss_gnn_bigru_v2\distance_graph_adjacency.csv","code_and_experiments","608","2026-06-21T15:51:01"
"数据整理\outputs\multistate_physics_loss_gnn_bigru_v2\horizon_12h\metrics.csv","code_and_experiments","2939","2026-06-21T20:04:06"
"数据整理\outputs\multistate_physics_loss_gnn_bigru_v2\horizon_12h\model.pt","code_and_experiments","245659","2026-06-21T20:04:07"
"数据整理\outputs\multistate_physics_loss_gnn_bigru_v2\horizon_12h\predictions.npz","code_and_experiments","5400556","2026-06-21T20:04:07"
"数据整理\outputs\multistate_physics_loss_gnn_bigru_v2\horizon_12h\training_log.csv","code_and_experiments","34991","2026-06-21T20:04:06"
"数据整理\outputs\multistate_physics_loss_gnn_bigru_v2\horizon_1h\metrics.csv","code_and_experiments","4382","2026-06-21T17:13:36"
"数据整理\outputs\multistate_physics_loss_gnn_bigru_v2\horizon_1h\model.pt","code_and_experiments","234203","2026-06-21T17:13:36"
"数据整理\outputs\multistate_physics_loss_gnn_bigru_v2\horizon_1h\predictions.npz","code_and_experiments","781140","2026-06-21T17:13:36"
"数据整理\outputs\multistate_physics_loss_gnn_bigru_v2\horizon_1h\training_log.csv","code_and_experiments","139282","2026-06-21T17:13:36"
"数据整理\outputs\multistate_physics_loss_gnn_bigru_v2\horizon_24h\metrics.csv","code_and_experiments","2931","2026-06-21T21:01:16"
"数据整理\outputs\multistate_physics_loss_gnn_bigru_v2\horizon_24h\model.pt","code_and_experiments","258139","2026-06-21T21:01:17"
"数据整理\outputs\multistate_physics_loss_gnn_bigru_v2\horizon_24h\predictions.npz","code_and_experiments","10139769","2026-06-21T21:01:17"
"数据整理\outputs\multistate_physics_loss_gnn_bigru_v2\horizon_24h\training_log.csv","code_and_experiments","25584","2026-06-21T21:01:16"
"数据整理\outputs\multistate_physics_loss_gnn_bigru_v2\horizon_6h\metrics.csv","code_and_experiments","4410","2026-06-21T18:42:30"
"数据整理\outputs\multistate_physics_loss_gnn_bigru_v2\horizon_6h\model.pt","code_and_experiments","239387","2026-06-21T18:42:30"
"数据整理\outputs\multistate_physics_loss_gnn_bigru_v2\horizon_6h\predictions.npz","code_and_experiments","2974619","2026-06-21T18:42:30"
"数据整理\outputs\multistate_physics_loss_gnn_bigru_v2\horizon_6h\training_log.csv","code_and_experiments","49088","2026-06-21T18:42:30"
"数据整理\outputs\multistate_physics_loss_gnn_bigru_v2\multistate_physics_loss_v2_metrics.csv","code_and_experiments","9958","2026-06-21T21:01:17"
"数据整理\outputs\multistate_physics_loss_gnn_bigru_v2\station_meta_used.csv","code_and_experiments","263","2026-06-21T15:51:01"
"数据整理\outputs\multistate_physics_loss_gnn_bigru_v2\v2_residual_r2_rmse_summary.png","code_and_experiments","166920","2026-06-21T21:01:19"
"数据整理\outputs\multistate_physics_loss_gnn_bigru_v2\v2_vs_previous_key_metrics.csv","code_and_experiments","1345","2026-06-21T19:43:38"
"数据整理\outputs\multistate_physics_loss_gnn_bigru_v2\v2_vs_previous_last_step_comparison.png","code_and_experiments","257621","2026-06-21T19:43:40"
"数据整理\outputs\multistate_physics_loss_gnn_bigru_v2_smoke\distance_graph_adjacency.csv","code_and_experiments","608","2026-06-21T15:49:30"
"数据整理\outputs\multistate_physics_loss_gnn_bigru_v2_smoke\horizon_1h\metrics.csv","code_and_experiments","2929","2026-06-21T15:50:31"
"数据整理\outputs\multistate_physics_loss_gnn_bigru_v2_smoke\horizon_1h\model.pt","code_and_experiments","68891","2026-06-21T15:50:31"
"数据整理\outputs\multistate_physics_loss_gnn_bigru_v2_smoke\horizon_1h\predictions.npz","code_and_experiments","776695","2026-06-21T15:50:31"
"数据整理\outputs\multistate_physics_loss_gnn_bigru_v2_smoke\horizon_1h\training_log.csv","code_and_experiments","2877","2026-06-21T15:50:31"
"数据整理\outputs\multistate_physics_loss_gnn_bigru_v2_smoke\multistate_physics_loss_v2_metrics.csv","code_and_experiments","2929","2026-06-21T15:50:31"
"数据整理\outputs\multistate_physics_loss_gnn_bigru_v2_smoke\station_meta_used.csv","code_and_experiments","263","2026-06-21T15:49:30"
"数据整理\outputs\multistate_physics_loss_gnn_bigru_v2_smoke\v2_residual_r2_rmse_summary.png","code_and_experiments","114528","2026-06-21T15:50:32"
"数据整理\outputs\multistate_physics_loss_gnn_bigru_v2_stride4\distance_graph_adjacency.csv","code_and_experiments","608","2026-06-21T17:48:56"
"数据整理\outputs\multistate_physics_loss_gnn_bigru_v2_stride4\horizon_12h\metrics.csv","code_and_experiments","4387","2026-06-21T19:01:23"
"数据整理\outputs\multistate_physics_loss_gnn_bigru_v2_stride4\horizon_12h\model.pt","code_and_experiments","245659","2026-06-21T19:01:23"
"数据整理\outputs\multistate_physics_loss_gnn_bigru_v2_stride4\horizon_12h\predictions.npz","code_and_experiments","5399709","2026-06-21T19:01:23"
"数据整理\outputs\multistate_physics_loss_gnn_bigru_v2_stride4\horizon_12h\training_log.csv","code_and_experiments","111436","2026-06-21T19:01:23"
"数据整理\outputs\multistate_physics_loss_gnn_bigru_v2_stride4\horizon_24h\metrics.csv","code_and_experiments","4373","2026-06-21T19:42:03"
"数据整理\outputs\multistate_physics_loss_gnn_bigru_v2_stride4\horizon_24h\model.pt","code_and_experiments","258139","2026-06-21T19:42:05"
"数据整理\outputs\multistate_physics_loss_gnn_bigru_v2_stride4\horizon_24h\predictions.npz","code_and_experiments","10124970","2026-06-21T19:42:05"
"数据整理\outputs\multistate_physics_loss_gnn_bigru_v2_stride4\horizon_24h\training_log.csv","code_and_experiments","43664","2026-06-21T19:42:02"
"数据整理\outputs\multistate_physics_loss_gnn_bigru_v2_stride4\horizon_6h\metrics.csv","code_and_experiments","4390","2026-06-21T18:28:29"
"数据整理\outputs\multistate_physics_loss_gnn_bigru_v2_stride4\horizon_6h\model.pt","code_and_experiments","239387","2026-06-21T18:28:30"
"数据整理\outputs\multistate_physics_loss_gnn_bigru_v2_stride4\horizon_6h\predictions.npz","code_and_experiments","2975783","2026-06-21T18:28:30"
"数据整理\outputs\multistate_physics_loss_gnn_bigru_v2_stride4\horizon_6h\training_log.csv","code_and_experiments","116499","2026-06-21T18:28:29"
"数据整理\outputs\multistate_physics_loss_gnn_bigru_v2_stride4\multistate_physics_loss_v2_metrics.csv","code_and_experiments","10014","2026-06-21T19:42:05"
"数据整理\outputs\multistate_physics_loss_gnn_bigru_v2_stride4\station_meta_used.csv","code_and_experiments","263","2026-06-21T17:48:56"
"数据整理\outputs\multistate_physics_loss_gnn_bigru_v2_stride4\v2_residual_r2_rmse_summary.png","code_and_experiments","159030","2026-06-21T19:42:09"
"数据整理\outputs\optimized_physics_informed_loss_gnn_bigru\horizon_12h\metrics.csv","code_and_experiments","1279","2026-06-16T23:22:42"
"数据整理\outputs\optimized_physics_informed_loss_gnn_bigru\horizon_12h\model.pt","code_and_experiments","264233","2026-06-16T23:22:42"
"数据整理\outputs\optimized_physics_informed_loss_gnn_bigru\horizon_12h\predictions.npz","code_and_experiments","345985","2026-06-16T23:22:42"
"数据整理\outputs\optimized_physics_informed_loss_gnn_bigru\horizon_12h\training_log.csv","code_and_experiments","14087","2026-06-16T23:22:42"
"数据整理\outputs\optimized_physics_informed_loss_gnn_bigru\horizon_1h\metrics.csv","code_and_experiments","1430","2026-06-16T23:20:00"
"数据整理\outputs\optimized_physics_informed_loss_gnn_bigru\horizon_1h\model.pt","code_and_experiments","261929","2026-06-16T23:20:00"
"数据整理\outputs\optimized_physics_informed_loss_gnn_bigru\horizon_1h\predictions.npz","code_and_experiments","57011","2026-06-16T23:20:00"
"数据整理\outputs\optimized_physics_informed_loss_gnn_bigru\horizon_1h\training_log.csv","code_and_experiments","24067","2026-06-16T23:20:00"
"数据整理\outputs\optimized_physics_informed_loss_gnn_bigru\horizon_24h\metrics.csv","code_and_experiments","1270","2026-06-16T23:25:12"
"数据整理\outputs\optimized_physics_informed_loss_gnn_bigru\horizon_24h\model.pt","code_and_experiments","267113","2026-06-16T23:25:12"
"数据整理\outputs\optimized_physics_informed_loss_gnn_bigru\horizon_24h\predictions.npz","code_and_experiments","618687","2026-06-16T23:25:12"
"数据整理\outputs\optimized_physics_informed_loss_gnn_bigru\horizon_24h\training_log.csv","code_and_experiments","11743","2026-06-16T23:25:12"
"数据整理\outputs\optimized_physics_informed_loss_gnn_bigru\optimized_physics_informed_loss_metrics.csv","code_and_experiments","2683","2026-06-16T23:25:12"
"数据整理\outputs\physics_guided_learnable_graph_gnn_bigru\physics_guided_12h_meteo_wave_depth\best_model.pt","code_and_experiments","265013","2026-06-16T14:40:53"
"数据整理\outputs\physics_guided_learnable_graph_gnn_bigru\physics_guided_12h_meteo_wave_depth\correction_pred.npy","code_and_experiments","314960","2026-06-16T14:50:29"
"数据整理\outputs\physics_guided_learnable_graph_gnn_bigru\physics_guided_12h_meteo_wave_depth\last_checkpoint.pt","code_and_experiments","794353","2026-06-16T14:50:28"
"数据整理\outputs\physics_guided_learnable_graph_gnn_bigru\physics_guided_12h_meteo_wave_depth\metrics.csv","code_and_experiments","2354","2026-06-16T14:50:29"
"数据整理\outputs\physics_guided_learnable_graph_gnn_bigru\physics_guided_12h_meteo_wave_depth\physics_ode_coefficients.csv","code_and_experiments","246","2026-06-16T14:40:06"
"数据整理\outputs\physics_guided_learnable_graph_gnn_bigru\physics_guided_12h_meteo_wave_depth\physics_pred_residual.npy","code_and_experiments","314960","2026-06-16T14:50:29"
"数据整理\outputs\physics_guided_learnable_graph_gnn_bigru\physics_guided_12h_meteo_wave_depth\pred_residual_final.npy","code_and_experiments","314960","2026-06-16T14:50:29"
"数据整理\outputs\physics_guided_learnable_graph_gnn_bigru\physics_guided_12h_meteo_wave_depth\target_tide.npy","code_and_experiments","314960","2026-06-16T14:50:29"
"数据整理\outputs\physics_guided_learnable_graph_gnn_bigru\physics_guided_12h_meteo_wave_depth\training_history.csv","code_and_experiments","6169","2026-06-16T14:50:28"
"数据整理\outputs\physics_guided_learnable_graph_gnn_bigru\physics_guided_12h_meteo_wave_depth\true_residual.npy","code_and_experiments","314960","2026-06-16T14:50:29"
"数据整理\outputs\physics_guided_learnable_graph_gnn_bigru\physics_guided_1h_full_no_static\best_model.pt","code_and_experiments","261429","2026-06-16T14:35:25"
"数据整理\outputs\physics_guided_learnable_graph_gnn_bigru\physics_guided_1h_full_no_static\correction_pred.npy","code_and_experiments","26672","2026-06-16T14:40:05"
"数据整理\outputs\physics_guided_learnable_graph_gnn_bigru\physics_guided_1h_full_no_static\last_checkpoint.pt","code_and_experiments","783601","2026-06-16T14:40:05"
"数据整理\outputs\physics_guided_learnable_graph_gnn_bigru\physics_guided_1h_full_no_static\metrics.csv","code_and_experiments","2427","2026-06-16T14:40:05"
"数据整理\outputs\physics_guided_learnable_graph_gnn_bigru\physics_guided_1h_full_no_static\physics_ode_coefficients.csv","code_and_experiments","232","2026-06-16T14:35:13"
"数据整理\outputs\physics_guided_learnable_graph_gnn_bigru\physics_guided_1h_full_no_static\physics_pred_residual.npy","code_and_experiments","26672","2026-06-16T14:40:05"
"数据整理\outputs\physics_guided_learnable_graph_gnn_bigru\physics_guided_1h_full_no_static\pred_residual_final.npy","code_and_experiments","26672","2026-06-16T14:40:05"
"数据整理\outputs\physics_guided_learnable_graph_gnn_bigru\physics_guided_1h_full_no_static\target_tide.npy","code_and_experiments","26672","2026-06-16T14:40:05"
"数据整理\outputs\physics_guided_learnable_graph_gnn_bigru\physics_guided_1h_full_no_static\training_history.csv","code_and_experiments","5667","2026-06-16T14:40:05"
"数据整理\outputs\physics_guided_learnable_graph_gnn_bigru\physics_guided_1h_full_no_static\true_residual.npy","code_and_experiments","26672","2026-06-16T14:40:05"
"数据整理\outputs\physics_guided_learnable_graph_gnn_bigru\physics_guided_24h_meteo_wave\best_model.pt","code_and_experiments","270965","2026-06-16T14:52:24"
"数据整理\outputs\physics_guided_learnable_graph_gnn_bigru\physics_guided_24h_meteo_wave\correction_pred.npy","code_and_experiments","621728","2026-06-16T14:58:59"
"数据整理\outputs\physics_guided_learnable_graph_gnn_bigru\physics_guided_24h_meteo_wave\last_checkpoint.pt","code_and_experiments","812209","2026-06-16T14:58:59"
"数据整理\outputs\physics_guided_learnable_graph_gnn_bigru\physics_guided_24h_meteo_wave\metrics.csv","code_and_experiments","2342","2026-06-16T14:58:59"
"数据整理\outputs\physics_guided_learnable_graph_gnn_bigru\physics_guided_24h_meteo_wave\physics_ode_coefficients.csv","code_and_experiments","244","2026-06-16T14:50:30"
"数据整理\outputs\physics_guided_learnable_graph_gnn_bigru\physics_guided_24h_meteo_wave\physics_pred_residual.npy","code_and_experiments","621728","2026-06-16T14:58:59"
"数据整理\outputs\physics_guided_learnable_graph_gnn_bigru\physics_guided_24h_meteo_wave\pred_residual_final.npy","code_and_experiments","621728","2026-06-16T14:58:59"
"数据整理\outputs\physics_guided_learnable_graph_gnn_bigru\physics_guided_24h_meteo_wave\target_tide.npy","code_and_experiments","621728","2026-06-16T14:58:59"
"数据整理\outputs\physics_guided_learnable_graph_gnn_bigru\physics_guided_24h_meteo_wave\training_history.csv","code_and_experiments","7019","2026-06-16T14:58:59"
"数据整理\outputs\physics_guided_learnable_graph_gnn_bigru\physics_guided_24h_meteo_wave\true_residual.npy","code_and_experiments","621728","2026-06-16T14:58:59"
"数据整理\outputs\physics_guided_learnable_graph_gnn_bigru\physics_guided_metrics.csv","code_and_experiments","4573","2026-06-16T14:58:59"
"数据整理\outputs\physics_informed_loss_gnn_bigru\horizon_12h\metrics.csv","code_and_experiments","1266","2026-06-16T22:34:56"
"数据整理\outputs\physics_informed_loss_gnn_bigru\horizon_12h\model.pt","code_and_experiments","264041","2026-06-16T22:34:56"
"数据整理\outputs\physics_informed_loss_gnn_bigru\horizon_12h\predictions.npz","code_and_experiments","346040","2026-06-16T22:34:56"
"数据整理\outputs\physics_informed_loss_gnn_bigru\horizon_12h\training_log.csv","code_and_experiments","14085","2026-06-16T22:34:56"
"数据整理\outputs\physics_informed_loss_gnn_bigru\horizon_1h\metrics.csv","code_and_experiments","1277","2026-06-16T22:24:25"
"数据整理\outputs\physics_informed_loss_gnn_bigru\horizon_1h\model.pt","code_and_experiments","261737","2026-06-16T22:24:25"
"数据整理\outputs\physics_informed_loss_gnn_bigru\horizon_1h\predictions.npz","code_and_experiments","57013","2026-06-16T22:24:25"
"数据整理\outputs\physics_informed_loss_gnn_bigru\horizon_1h\training_log.csv","code_and_experiments","22054","2026-06-16T22:24:25"
"数据整理\outputs\physics_informed_loss_gnn_bigru\horizon_24h\metrics.csv","code_and_experiments","1262","2026-06-16T22:44:03"
"数据整理\outputs\physics_informed_loss_gnn_bigru\horizon_24h\model.pt","code_and_experiments","266921","2026-06-16T22:44:03"
"数据整理\outputs\physics_informed_loss_gnn_bigru\horizon_24h\predictions.npz","code_and_experiments","618597","2026-06-16T22:44:03"
"数据整理\outputs\physics_informed_loss_gnn_bigru\horizon_24h\training_log.csv","code_and_experiments","12222","2026-06-16T22:44:03"
"数据整理\outputs\physics_informed_loss_gnn_bigru\physics_informed_loss_metrics.csv","code_and_experiments","2699","2026-06-16T22:44:03"
"数据整理\outputs\physics_multi_ode_baselines\best_physics_models_by_last_step_rmse.csv","code_and_experiments","5620","2026-06-16T15:21:04"
"数据整理\outputs\physics_multi_ode_baselines\best_physics_models_by_sequence_rmse.csv","code_and_experiments","5620","2026-06-16T15:21:04"
"数据整理\outputs\physics_multi_ode_baselines\ode_bathymetry_forced_graph_corr_coefficients.csv","code_and_experiments","244","2026-06-16T15:18:09"
"数据整理\outputs\physics_multi_ode_baselines\ode_bathymetry_forced_graph_distance_coefficients.csv","code_and_experiments","246","2026-06-16T15:18:08"
"数据整理\outputs\physics_multi_ode_baselines\ode_bathymetry_forced_graph_fusion_coefficients.csv","code_and_experiments","242","2026-06-16T15:18:09"
"数据整理\outputs\physics_multi_ode_baselines\ode_decay_coefficients.csv","code_and_experiments","58","2026-06-16T15:18:07"
"数据整理\outputs\physics_multi_ode_baselines\ode_forced_graph_corr_coefficients.csv","code_and_experiments","195","2026-06-16T15:18:08"
"数据整理\outputs\physics_multi_ode_baselines\ode_forced_graph_distance_coefficients.csv","code_and_experiments","195","2026-06-16T15:18:08"
"数据整理\outputs\physics_multi_ode_baselines\ode_forced_graph_fusion_coefficients.csv","code_and_experiments","200","2026-06-16T15:18:08"
"数据整理\outputs\physics_multi_ode_baselines\ode_graph_diffusion_corr_coefficients.csv","code_and_experiments","84","2026-06-16T15:18:08"
"数据整理\outputs\physics_multi_ode_baselines\ode_graph_diffusion_distance_coefficients.csv","code_and_experiments","84","2026-06-16T15:18:08"
"数据整理\outputs\physics_multi_ode_baselines\ode_graph_diffusion_fusion_coefficients.csv","code_and_experiments","84","2026-06-16T15:18:08"
"数据整理\outputs\physics_multi_ode_baselines\ode_local_forcing_coefficients.csv","code_and_experiments","168","2026-06-16T15:18:08"
"数据整理\outputs\physics_multi_ode_baselines\physics_ode_metrics.csv","code_and_experiments","19036","2026-06-16T15:21:04"
"数据整理\outputs\priority_top3_convincing_experiments\coops_features_used.csv","code_and_experiments","237","2026-06-22T14:44:24"
"数据整理\outputs\priority_top3_convincing_experiments\experiment_plan.csv","code_and_experiments","1194","2026-06-22T14:44:24"
"数据整理\outputs\priority_top3_convincing_experiments\horizon_24h\baseline_current_physics_loss\metrics.csv","code_and_experiments","2081","2026-06-22T14:55:16"
"数据整理\outputs\priority_top3_convincing_experiments\horizon_24h\baseline_current_physics_loss\per_lead_metrics.csv","code_and_experiments","2056","2026-06-22T14:55:16"
"数据整理\outputs\priority_top3_convincing_experiments\horizon_24h\baseline_current_physics_loss\predictions.npz","code_and_experiments","10136925","2026-06-22T14:55:18"
"数据整理\outputs\priority_top3_convincing_experiments\horizon_24h\baseline_current_physics_loss\training_log.csv","code_and_experiments","109460","2026-06-22T14:55:16"
"数据整理\outputs\priority_top3_convincing_experiments\horizon_24h\extreme_alpha_0.5_lambda0.0003_stride8\metrics.csv","code_and_experiments","2095","2026-06-22T15:50:31"
"数据整理\outputs\priority_top3_convincing_experiments\horizon_24h\extreme_alpha_0.5_lambda0.0003_stride8\per_lead_metrics.csv","code_and_experiments","2053","2026-06-22T15:50:31"
"数据整理\outputs\priority_top3_convincing_experiments\horizon_24h\extreme_alpha_0.5_lambda0.0003_stride8\predictions.npz","code_and_experiments","10152109","2026-06-22T15:50:32"
"数据整理\outputs\priority_top3_convincing_experiments\horizon_24h\extreme_alpha_0.5_lambda0.0003_stride8\training_log.csv","code_and_experiments","109385","2026-06-22T15:50:31"
"数据整理\outputs\priority_top3_convincing_experiments\horizon_24h\extreme_alpha_1_lambda0.0003_stride8\metrics.csv","code_and_experiments","2093","2026-06-22T17:34:23"
"数据整理\outputs\priority_top3_convincing_experiments\horizon_24h\extreme_alpha_1_lambda0.0003_stride8\per_lead_metrics.csv","code_and_experiments","2057","2026-06-22T17:34:24"
"数据整理\outputs\priority_top3_convincing_experiments\horizon_24h\extreme_alpha_1_lambda0.0003_stride8\predictions.npz","code_and_experiments","10141435","2026-06-22T17:34:25"
"数据整理\outputs\priority_top3_convincing_experiments\horizon_24h\extreme_alpha_1_lambda0.0003_stride8\training_log.csv","code_and_experiments","109434","2026-06-22T17:34:23"
"数据整理\outputs\priority_top3_convincing_experiments\horizon_24h\extreme_alpha_2_lambda0.0003_stride8\metrics.csv","code_and_experiments","2092","2026-06-22T17:42:38"
"数据整理\outputs\priority_top3_convincing_experiments\horizon_24h\extreme_alpha_2_lambda0.0003_stride8\per_lead_metrics.csv","code_and_experiments","2052","2026-06-22T17:42:38"
"数据整理\outputs\priority_top3_convincing_experiments\horizon_24h\extreme_alpha_2_lambda0.0003_stride8\predictions.npz","code_and_experiments","10168508","2026-06-22T17:42:39"
"数据整理\outputs\priority_top3_convincing_experiments\horizon_24h\extreme_alpha_2_lambda0.0003_stride8\training_log.csv","code_and_experiments","90645","2026-06-22T17:42:38"
"数据整理\outputs\priority_top3_convincing_experiments\horizon_24h\lambda_0.0001_stride8_extreme0\metrics.csv","code_and_experiments","2091","2026-06-22T15:04:38"
"数据整理\outputs\priority_top3_convincing_experiments\horizon_24h\lambda_0.0001_stride8_extreme0\per_lead_metrics.csv","code_and_experiments","2054","2026-06-22T15:04:38"
"数据整理\outputs\priority_top3_convincing_experiments\horizon_24h\lambda_0.0001_stride8_extreme0\predictions.npz","code_and_experiments","10148924","2026-06-22T15:04:40"
"数据整理\outputs\priority_top3_convincing_experiments\horizon_24h\lambda_0.0001_stride8_extreme0\training_log.csv","code_and_experiments","110153","2026-06-22T15:04:38"
"数据整理\outputs\priority_top3_convincing_experiments\horizon_24h\lambda_0.0002_stride8_extreme0\metrics.csv","code_and_experiments","2087","2026-06-22T15:15:33"
"数据整理\outputs\priority_top3_convincing_experiments\horizon_24h\lambda_0.0002_stride8_extreme0\per_lead_metrics.csv","code_and_experiments","2063","2026-06-22T15:15:33"
"数据整理\outputs\priority_top3_convincing_experiments\horizon_24h\lambda_0.0002_stride8_extreme0\predictions.npz","code_and_experiments","10137848","2026-06-22T15:15:35"
"数据整理\outputs\priority_top3_convincing_experiments\horizon_24h\lambda_0.0002_stride8_extreme0\training_log.csv","code_and_experiments","110085","2026-06-22T15:15:33"
"数据整理\outputs\priority_top3_convincing_experiments\horizon_24h\lambda_0.0005_stride8_extreme0\metrics.csv","code_and_experiments","2090","2026-06-22T15:22:57"
"数据整理\outputs\priority_top3_convincing_experiments\horizon_24h\lambda_0.0005_stride8_extreme0\per_lead_metrics.csv","code_and_experiments","2055","2026-06-22T15:22:58"
"数据整理\outputs\priority_top3_convincing_experiments\horizon_24h\lambda_0.0005_stride8_extreme0\predictions.npz","code_and_experiments","10145507","2026-06-22T15:22:59"
"数据整理\outputs\priority_top3_convincing_experiments\horizon_24h\lambda_0.0005_stride8_extreme0\training_log.csv","code_and_experiments","109852","2026-06-22T15:22:57"
"数据整理\outputs\priority_top3_convincing_experiments\horizon_24h\lambda_0.001_stride8_extreme0\metrics.csv","code_and_experiments","2086","2026-06-22T15:31:53"
"数据整理\outputs\priority_top3_convincing_experiments\horizon_24h\lambda_0.001_stride8_extreme0\per_lead_metrics.csv","code_and_experiments","2057","2026-06-22T15:31:53"
"数据整理\outputs\priority_top3_convincing_experiments\horizon_24h\lambda_0.001_stride8_extreme0\predictions.npz","code_and_experiments","10162451","2026-06-22T15:31:55"
"数据整理\outputs\priority_top3_convincing_experiments\horizon_24h\lambda_0.001_stride8_extreme0\training_log.csv","code_and_experiments","109957","2026-06-22T15:31:53"
"数据整理\outputs\priority_top3_convincing_experiments\horizon_24h\stride_4_lambda0.0003_extreme0\metrics.csv","code_and_experiments","2083","2026-06-22T15:46:05"
"数据整理\outputs\priority_top3_convincing_experiments\horizon_24h\stride_4_lambda0.0003_extreme0\per_lead_metrics.csv","code_and_experiments","2056","2026-06-22T15:46:05"
"数据整理\outputs\priority_top3_convincing_experiments\horizon_24h\stride_4_lambda0.0003_extreme0\predictions.npz","code_and_experiments","10131220","2026-06-22T15:46:06"
"数据整理\outputs\priority_top3_convincing_experiments\horizon_24h\stride_4_lambda0.0003_extreme0\training_log.csv","code_and_experiments","90655","2026-06-22T15:46:05"
"数据整理\outputs\priority_top3_convincing_experiments\priority_top3_best_by_family.png","code_and_experiments","117948","2026-06-22T17:42:40"
"数据整理\outputs\priority_top3_convincing_experiments\priority_top3_horizon_24h_ranking.png","code_and_experiments","148364","2026-06-22T17:42:39"
"数据整理\outputs\priority_top3_convincing_experiments\priority_top3_key_metrics.csv","code_and_experiments","2699","2026-06-22T17:42:39"
"数据整理\outputs\priority_top3_convincing_experiments\priority_top3_metrics.csv","code_and_experiments","12266","2026-06-22T17:42:39"
"数据整理\outputs\priority_top3_convincing_experiments\priority_top3_metrics_partial.csv","code_and_experiments","11006","2026-06-22T17:42:39"
"数据整理\outputs\priority_top3_convincing_experiments\station_meta_used.csv","code_and_experiments","263","2026-06-22T14:44:24"
"数据整理\outputs\priority_top3_smoke_test\coops_features_used.csv","code_and_experiments","237","2026-06-22T14:42:27"
"数据整理\outputs\priority_top3_smoke_test\experiment_plan.csv","code_and_experiments","272","2026-06-22T14:42:27"
"数据整理\outputs\priority_top3_smoke_test\horizon_24h\baseline_current_physics_loss\metrics.csv","code_and_experiments","2084","2026-06-22T14:43:18"
"数据整理\outputs\priority_top3_smoke_test\horizon_24h\baseline_current_physics_loss\per_lead_metrics.csv","code_and_experiments","2060","2026-06-22T14:43:18"
"数据整理\outputs\priority_top3_smoke_test\horizon_24h\baseline_current_physics_loss\predictions.npz","code_and_experiments","10295067","2026-06-22T14:43:19"
"数据整理\outputs\priority_top3_smoke_test\horizon_24h\baseline_current_physics_loss\training_log.csv","code_and_experiments","3530","2026-06-22T14:43:18"
"数据整理\outputs\priority_top3_smoke_test\priority_top3_best_by_family.png","code_and_experiments","56995","2026-06-22T14:43:21"
"数据整理\outputs\priority_top3_smoke_test\priority_top3_horizon_24h_ranking.png","code_and_experiments","77670","2026-06-22T14:43:20"
"数据整理\outputs\priority_top3_smoke_test\priority_top3_key_metrics.csv","code_and_experiments","546","2026-06-22T14:43:19"
"数据整理\outputs\priority_top3_smoke_test\priority_top3_metrics.csv","code_and_experiments","2441","2026-06-22T14:43:19"
"数据整理\outputs\priority_top3_smoke_test\priority_top3_metrics_partial.csv","code_and_experiments","2169","2026-06-22T14:43:19"
"数据整理\outputs\priority_top3_smoke_test\station_meta_used.csv","code_and_experiments","263","2026-06-22T14:42:27"
"数据整理\outputs\publication_priority1_complete\model_complexity_and_cpu_inference.csv","code_and_experiments","651","2026-07-13T15:40:44"
"数据整理\outputs\publication_priority1_complete\model_input_features_exact.csv","code_and_experiments","582","2026-07-13T15:40:44"
"数据整理\outputs\publication_priority1_complete\physics_beta_block_summary_all_seeds.csv","code_and_experiments","2240","2026-07-13T15:40:00"
"数据整理\outputs\publication_priority1_complete\physics_beta_block_summary_mean_std.csv","code_and_experiments","1008","2026-07-13T15:40:00"
"数据整理\outputs\publication_priority1_complete\physics_coefficient_stability.png","code_and_experiments","122594","2026-07-13T15:40:00"
"数据整理\outputs\publication_priority1_complete\physics_coefficient_stability_summary.csv","code_and_experiments","1394","2026-07-13T15:40:00"
"数据整理\outputs\publication_priority1_complete\physics_coefficients_best_validation_epoch_all_seeds.csv","code_and_experiments","13598","2026-07-13T15:40:00"
"数据整理\outputs\publication_priority1_complete\physics_forcing_features_exact.csv","code_and_experiments","495","2026-07-13T15:40:44"
"数据整理\outputs\publication_priority1_complete\physics_state_scale_and_units.csv","code_and_experiments","787","2026-07-13T15:40:44"
"数据整理\outputs\publication_priority1_complete\PRIORITY1_EXISTING_EVIDENCE_SUMMARY.md","code_and_experiments","4929","2026-07-13T15:40:44"
"数据整理\outputs\publication_priority1_complete\run_config.json","code_and_experiments","191","2026-07-13T15:40:44"
"数据整理\outputs\publication_priority1_complete\station_metrics_all_models_all_seeds.csv","code_and_experiments","20776","2026-07-13T15:39:58"
"数据整理\outputs\publication_priority1_complete\station_metrics_all_models_mean_std.csv","code_and_experiments","7019","2026-07-13T15:39:58"
"数据整理\outputs\publication_priority1_complete\station_paired_physics_delta.png","code_and_experiments","86159","2026-07-13T15:39:59"
"数据整理\outputs\publication_priority1_complete\station_paired_physics_deltas_all_seeds.csv","code_and_experiments","6465","2026-07-13T15:39:58"
"数据整理\outputs\publication_priority1_complete\station_paired_physics_deltas_mean_std.csv","code_and_experiments","940","2026-07-13T15:39:58"
"数据整理\outputs\publication_strengthening\extreme_event_case_24h.png","code_and_experiments","194547","2026-07-10T12:01:58"
"数据整理\outputs\publication_strengthening\extreme_event_case_24h_metadata.csv","code_and_experiments","184","2026-07-10T12:01:58"
"数据整理\outputs\publication_strengthening\lead_wise_24h_metrics.csv","code_and_experiments","8192","2026-07-10T12:01:45"
"数据整理\outputs\publication_strengthening\lead_wise_24h_r2.png","code_and_experiments","180885","2026-07-10T12:01:49"
"数据整理\outputs\publication_strengthening\multiseed_significance_summary.csv","code_and_experiments","504","2026-07-10T12:01:55"
"数据整理\outputs\publication_strengthening\publication_strengthening_summary.md","code_and_experiments","2755","2026-07-10T12:01:59"
"数据整理\outputs\publication_strengthening\station_wise_24h_metrics.csv","code_and_experiments","3718","2026-07-10T12:01:43"
"数据整理\outputs\sea_level_pdf_text_extract.txt","code_and_experiments","28663","2026-06-25T08:34:52"
"数据整理\outputs\simple_baselines_for_paper\horizon_12h\bigru_only\metrics.csv","code_and_experiments","1285","2026-07-02T09:48:10"
"数据整理\outputs\simple_baselines_for_paper\horizon_12h\bigru_only\training_log.csv","code_and_experiments","925","2026-07-02T09:48:10"
"数据整理\outputs\simple_baselines_for_paper\horizon_12h\random_forest\metrics.csv","code_and_experiments","1261","2026-07-02T09:48:29"
"数据整理\outputs\simple_baselines_for_paper\horizon_24h\bigru_only\metrics.csv","code_and_experiments","1288","2026-07-02T09:49:24"
"数据整理\outputs\simple_baselines_for_paper\horizon_24h\bigru_only\training_log.csv","code_and_experiments","929","2026-07-02T09:49:24"
"数据整理\outputs\simple_baselines_for_paper\horizon_24h\random_forest\metrics.csv","code_and_experiments","1260","2026-07-02T09:49:46"
"数据整理\outputs\simple_baselines_for_paper\horizon_6h\bigru_only\metrics.csv","code_and_experiments","1284","2026-07-02T09:32:24"
"数据整理\outputs\simple_baselines_for_paper\horizon_6h\bigru_only\training_log.csv","code_and_experiments","2085","2026-07-02T09:32:24"
"数据整理\outputs\simple_baselines_for_paper\horizon_6h\random_forest\metrics.csv","code_and_experiments","1264","2026-07-02T09:37:52"
"数据整理\outputs\simple_baselines_for_paper\simple_baselines_key_metrics.csv","code_and_experiments","1844","2026-07-02T09:49:46"
"数据整理\outputs\simple_baselines_for_paper\simple_baselines_metrics.csv","code_and_experiments","7786","2026-07-02T09:49:46"
"数据整理\outputs\simple_baselines_for_paper\simple_baselines_metrics_partial.csv","code_and_experiments","7786","2026-07-02T09:49:46"
"数据整理\outputs\simple_baselines_for_paper\simple_baselines_summary.md","code_and_experiments","4943","2026-07-02T09:50:53"
"数据整理\outputs\v4_physics_loss_weight_strategy_search_12h_confirm\coops_features_used.csv","code_and_experiments","237","2026-06-21T23:27:24"
"数据整理\outputs\v4_physics_loss_weight_strategy_search_12h_confirm\horizon_12h\eta_uvW_lam0.0003_pgamma0\metrics.csv","code_and_experiments","2078","2026-06-21T23:48:26"
"数据整理\outputs\v4_physics_loss_weight_strategy_search_12h_confirm\horizon_12h\eta_uvW_lam0.0003_pgamma0\per_lead_metrics.csv","code_and_experiments","1055","2026-06-21T23:48:26"
"数据整理\outputs\v4_physics_loss_weight_strategy_search_12h_confirm\horizon_12h\eta_uvW_lam0.0003_pgamma0\predictions.npz","code_and_experiments","5349826","2026-06-21T23:48:27"
"数据整理\outputs\v4_physics_loss_weight_strategy_search_12h_confirm\horizon_12h\eta_uvW_lam0.0003_pgamma0\training_log.csv","code_and_experiments","124832","2026-06-21T23:48:26"
"数据整理\outputs\v4_physics_loss_weight_strategy_search_12h_confirm\horizon_12h\eta_uvW_lam0.0003_pgamma1\metrics.csv","code_and_experiments","2090","2026-06-21T23:58:06"
"数据整理\outputs\v4_physics_loss_weight_strategy_search_12h_confirm\horizon_12h\eta_uvW_lam0.0003_pgamma1\per_lead_metrics.csv","code_and_experiments","1057","2026-06-21T23:58:07"
"数据整理\outputs\v4_physics_loss_weight_strategy_search_12h_confirm\horizon_12h\eta_uvW_lam0.0003_pgamma1\predictions.npz","code_and_experiments","5338179","2026-06-21T23:58:07"
"数据整理\outputs\v4_physics_loss_weight_strategy_search_12h_confirm\horizon_12h\eta_uvW_lam0.0003_pgamma1\training_log.csv","code_and_experiments","118687","2026-06-21T23:58:06"
"数据整理\outputs\v4_physics_loss_weight_strategy_search_12h_confirm\horizon_12h\no_physics_same_weighted_data\metrics.csv","code_and_experiments","2090","2026-06-21T23:37:07"
"数据整理\outputs\v4_physics_loss_weight_strategy_search_12h_confirm\horizon_12h\no_physics_same_weighted_data\per_lead_metrics.csv","code_and_experiments","1059","2026-06-21T23:37:07"
"数据整理\outputs\v4_physics_loss_weight_strategy_search_12h_confirm\horizon_12h\no_physics_same_weighted_data\predictions.npz","code_and_experiments","5334001","2026-06-21T23:37:08"
"数据整理\outputs\v4_physics_loss_weight_strategy_search_12h_confirm\horizon_12h\no_physics_same_weighted_data\training_log.csv","code_and_experiments","45980","2026-06-21T23:37:07"
"数据整理\outputs\v4_physics_loss_weight_strategy_search_12h_confirm\station_meta_used.csv","code_and_experiments","263","2026-06-21T23:27:24"
"数据整理\outputs\v4_physics_loss_weight_strategy_search_12h_confirm\v4_gain_vs_no_physics.csv","code_and_experiments","352","2026-06-21T23:58:08"
"数据整理\outputs\v4_physics_loss_weight_strategy_search_12h_confirm\v4_horizon_12h_strategy_ranking.png","code_and_experiments","83444","2026-06-21T23:58:08"
"数据整理\outputs\v4_physics_loss_weight_strategy_search_12h_confirm\v4_strategy_search_key_metrics.csv","code_and_experiments","887","2026-06-21T23:58:07"
"数据整理\outputs\v4_physics_loss_weight_strategy_search_12h_confirm\v4_strategy_search_metrics.csv","code_and_experiments","4166","2026-06-21T23:58:07"
"数据整理\outputs\v4_physics_loss_weight_strategy_search_12h_confirm\v4_strategy_search_metrics_partial.csv","code_and_experiments","4166","2026-06-21T23:58:07"
"数据整理\outputs\v4_physics_loss_weight_strategy_search_final\v4_all_strategy_metrics.csv","code_and_experiments","13030","2026-06-21T23:58:45"
"数据整理\outputs\v4_physics_loss_weight_strategy_search_final\v4_best_physics_gain_summary.csv","code_and_experiments","792","2026-06-21T23:58:45"
"数据整理\outputs\v4_physics_loss_weight_strategy_search_final\v4_best_physics_vs_no_physics.png","code_and_experiments","160281","2026-06-21T23:58:46"
"数据整理\outputs\v4_physics_loss_weight_strategy_search_final\v4_key_metrics.csv","code_and_experiments","2525","2026-06-21T23:58:45"
"数据整理\package_exports\multiyear_physics_baseline_data_2023_2025.zip","code_and_experiments","223047601","2026-06-21T01:11:55"
"数据整理\package_exports\PPT_Related_Code_Outputs_20260617_001516.zip","code_and_experiments","577313","2026-06-17T00:15:17"
"数据整理\package_exports\PPT_Related_Code_Outputs_20260617_001516\code\52_GNN_BiGRU_real_NOAA_task_mode.py","code_and_experiments","37512","2026-06-15T14:52:27"
"数据整理\package_exports\PPT_Related_Code_Outputs_20260617_001516\code\53_GNN_BiGRU_feature_ablation.py","code_and_experiments","37657","2026-06-15T18:17:58"
"数据整理\package_exports\PPT_Related_Code_Outputs_20260617_001516\code\54_GNN_BiGRU_graph_ablation.py","code_and_experiments","38380","2026-06-15T23:20:54"
"数据整理\package_exports\PPT_Related_Code_Outputs_20260617_001516\code\55_GNN_BiGRU_final_selected_config.py","code_and_experiments","41914","2026-06-16T08:35:36"
"数据整理\package_exports\PPT_Related_Code_Outputs_20260617_001516\code\56_GNN_BiGRU_learnable_graph_fusion_v2.py","code_and_experiments","46536","2026-06-16T10:13:25"
"数据整理\package_exports\PPT_Related_Code_Outputs_20260617_001516\code\58_physics_multi_ode_baselines.py","code_and_experiments","41706","2026-06-16T15:17:22"
"数据整理\package_exports\PPT_Related_Code_Outputs_20260617_001516\code\59_physics_guided_learnable_graph_gnn_bigru.py","code_and_experiments","61392","2026-06-16T14:34:13"
"数据整理\package_exports\PPT_Related_Code_Outputs_20260617_001516\code\60_final_model_comparison_summary.py","code_and_experiments","27389","2026-06-16T15:13:05"
"数据整理\package_exports\PPT_Related_Code_Outputs_20260617_001516\code\61_physics_informed_loss_gnn_bigru.py","code_and_experiments","43449","2026-06-16T22:09:35"
"数据整理\package_exports\PPT_Related_Code_Outputs_20260617_001516\code\62_optimized_physics_loss_gnn_bigru.py","code_and_experiments","54473","2026-06-16T23:14:47"
"数据整理\package_exports\PPT_Related_Code_Outputs_20260617_001516\MANIFEST.txt","code_and_experiments","24469","2026-06-17T00:15:16"
"数据整理\package_exports\PPT_Related_Code_Outputs_20260617_001516\outputs\final_model_comparison\all_model_comparison_long.csv","code_and_experiments","17927","2026-06-16T15:22:00"
"数据整理\package_exports\PPT_Related_Code_Outputs_20260617_001516\outputs\final_model_comparison\best_model_by_horizon_last_residual_rmse.csv","code_and_experiments","1623","2026-06-16T15:22:00"
"数据整理\package_exports\PPT_Related_Code_Outputs_20260617_001516\outputs\final_model_comparison\best_model_by_horizon_seq_residual_rmse.csv","code_and_experiments","1623","2026-06-16T15:22:00"
"数据整理\package_exports\PPT_Related_Code_Outputs_20260617_001516\outputs\final_model_comparison\comparison_last_residual_RMSE.png","code_and_experiments","79176","2026-06-16T15:22:02"
"数据整理\package_exports\PPT_Related_Code_Outputs_20260617_001516\outputs\final_model_comparison\comparison_seq_residual_RMSE.png","code_and_experiments","76650","2026-06-16T15:22:01"
"数据整理\package_exports\PPT_Related_Code_Outputs_20260617_001516\outputs\final_model_comparison\key_model_comparison_for_ppt.csv","code_and_experiments","6433","2026-06-16T15:22:00"
"数据整理\package_exports\PPT_Related_Code_Outputs_20260617_001516\outputs\final_model_comparison\learned_graph_weights_summary.csv","code_and_experiments","1406","2026-06-16T15:22:00"
"数据整理\package_exports\PPT_Related_Code_Outputs_20260617_001516\outputs\final_model_comparison\physics_to_hybrid_improvement.csv","code_and_experiments","1206","2026-06-16T15:22:00"
"数据整理\package_exports\PPT_Related_Code_Outputs_20260617_001516\outputs\final_model_comparison\recommended_horizon_specific_strategy.csv","code_and_experiments","1979","2026-06-16T15:22:00"
"数据整理\package_exports\PPT_Related_Code_Outputs_20260617_001516\outputs\GNN_BiGRU_final_selected_config\final_12h_meteo_wave_depth_distance_multi\metrics.csv","code_and_experiments","955","2026-06-16T09:23:49"
"数据整理\package_exports\PPT_Related_Code_Outputs_20260617_001516\outputs\GNN_BiGRU_final_selected_config\final_1h_full_no_static_identity_multi\metrics.csv","code_and_experiments","1029","2026-06-16T09:07:14"
"数据整理\package_exports\PPT_Related_Code_Outputs_20260617_001516\outputs\GNN_BiGRU_final_selected_config\final_24h_meteo_wave_corr_multi\metrics.csv","code_and_experiments","928","2026-06-16T09:41:45"
"数据整理\package_exports\PPT_Related_Code_Outputs_20260617_001516\outputs\GNN_BiGRU_final_selected_config\final_selected_metrics.csv","code_and_experiments","2008","2026-06-16T09:41:45"
"数据整理\package_exports\PPT_Related_Code_Outputs_20260617_001516\outputs\optimized_physics_informed_loss_gnn_bigru\horizon_12h\metrics.csv","code_and_experiments","1279","2026-06-16T23:22:42"
"数据整理\package_exports\PPT_Related_Code_Outputs_20260617_001516\outputs\optimized_physics_informed_loss_gnn_bigru\horizon_12h\training_log.csv","code_and_experiments","14087","2026-06-16T23:22:42"
"数据整理\package_exports\PPT_Related_Code_Outputs_20260617_001516\outputs\optimized_physics_informed_loss_gnn_bigru\horizon_1h\metrics.csv","code_and_experiments","1430","2026-06-16T23:20:00"
"数据整理\package_exports\PPT_Related_Code_Outputs_20260617_001516\outputs\optimized_physics_informed_loss_gnn_bigru\horizon_1h\training_log.csv","code_and_experiments","24067","2026-06-16T23:20:00"
"数据整理\package_exports\PPT_Related_Code_Outputs_20260617_001516\outputs\optimized_physics_informed_loss_gnn_bigru\horizon_24h\metrics.csv","code_and_experiments","1270","2026-06-16T23:25:12"
"数据整理\package_exports\PPT_Related_Code_Outputs_20260617_001516\outputs\optimized_physics_informed_loss_gnn_bigru\horizon_24h\training_log.csv","code_and_experiments","11743","2026-06-16T23:25:12"
"数据整理\package_exports\PPT_Related_Code_Outputs_20260617_001516\outputs\optimized_physics_informed_loss_gnn_bigru\optimized_physics_informed_loss_metrics.csv","code_and_experiments","2683","2026-06-16T23:25:12"
"数据整理\package_exports\PPT_Related_Code_Outputs_20260617_001516\outputs\physics_guided_learnable_graph_gnn_bigru\physics_guided_12h_meteo_wave_depth\metrics.csv","code_and_experiments","2354","2026-06-16T14:50:29"
"数据整理\package_exports\PPT_Related_Code_Outputs_20260617_001516\outputs\physics_guided_learnable_graph_gnn_bigru\physics_guided_12h_meteo_wave_depth\physics_ode_coefficients.csv","code_and_experiments","246","2026-06-16T14:40:06"
"数据整理\package_exports\PPT_Related_Code_Outputs_20260617_001516\outputs\physics_guided_learnable_graph_gnn_bigru\physics_guided_12h_meteo_wave_depth\training_history.csv","code_and_experiments","6169","2026-06-16T14:50:28"
"数据整理\package_exports\PPT_Related_Code_Outputs_20260617_001516\outputs\physics_guided_learnable_graph_gnn_bigru\physics_guided_1h_full_no_static\metrics.csv","code_and_experiments","2427","2026-06-16T14:40:05"
"数据整理\package_exports\PPT_Related_Code_Outputs_20260617_001516\outputs\physics_guided_learnable_graph_gnn_bigru\physics_guided_1h_full_no_static\physics_ode_coefficients.csv","code_and_experiments","232","2026-06-16T14:35:13"
"数据整理\package_exports\PPT_Related_Code_Outputs_20260617_001516\outputs\physics_guided_learnable_graph_gnn_bigru\physics_guided_1h_full_no_static\training_history.csv","code_and_experiments","5667","2026-06-16T14:40:05"
"数据整理\package_exports\PPT_Related_Code_Outputs_20260617_001516\outputs\physics_guided_learnable_graph_gnn_bigru\physics_guided_24h_meteo_wave\metrics.csv","code_and_experiments","2342","2026-06-16T14:58:59"
"数据整理\package_exports\PPT_Related_Code_Outputs_20260617_001516\outputs\physics_guided_learnable_graph_gnn_bigru\physics_guided_24h_meteo_wave\physics_ode_coefficients.csv","code_and_experiments","244","2026-06-16T14:50:30"
"数据整理\package_exports\PPT_Related_Code_Outputs_20260617_001516\outputs\physics_guided_learnable_graph_gnn_bigru\physics_guided_24h_meteo_wave\training_history.csv","code_and_experiments","7019","2026-06-16T14:58:59"
"数据整理\package_exports\PPT_Related_Code_Outputs_20260617_001516\outputs\physics_guided_learnable_graph_gnn_bigru\physics_guided_metrics.csv","code_and_experiments","4573","2026-06-16T14:58:59"
"数据整理\package_exports\PPT_Related_Code_Outputs_20260617_001516\outputs\physics_informed_loss_gnn_bigru\horizon_12h\metrics.csv","code_and_experiments","1266","2026-06-16T22:34:56"
"数据整理\package_exports\PPT_Related_Code_Outputs_20260617_001516\outputs\physics_informed_loss_gnn_bigru\horizon_12h\training_log.csv","code_and_experiments","14085","2026-06-16T22:34:56"
"数据整理\package_exports\PPT_Related_Code_Outputs_20260617_001516\outputs\physics_informed_loss_gnn_bigru\horizon_1h\metrics.csv","code_and_experiments","1277","2026-06-16T22:24:25"
"数据整理\package_exports\PPT_Related_Code_Outputs_20260617_001516\outputs\physics_informed_loss_gnn_bigru\horizon_1h\training_log.csv","code_and_experiments","22054","2026-06-16T22:24:25"
"数据整理\package_exports\PPT_Related_Code_Outputs_20260617_001516\outputs\physics_informed_loss_gnn_bigru\horizon_24h\metrics.csv","code_and_experiments","1262","2026-06-16T22:44:03"
"数据整理\package_exports\PPT_Related_Code_Outputs_20260617_001516\outputs\physics_informed_loss_gnn_bigru\horizon_24h\training_log.csv","code_and_experiments","12222","2026-06-16T22:44:03"
"数据整理\package_exports\PPT_Related_Code_Outputs_20260617_001516\outputs\physics_informed_loss_gnn_bigru\physics_informed_loss_metrics.csv","code_and_experiments","2699","2026-06-16T22:44:03"
"数据整理\package_exports\PPT_Related_Code_Outputs_20260617_001516\outputs\physics_multi_ode_baselines\best_physics_models_by_last_step_rmse.csv","code_and_experiments","5620","2026-06-16T15:21:04"
"数据整理\package_exports\PPT_Related_Code_Outputs_20260617_001516\outputs\physics_multi_ode_baselines\best_physics_models_by_sequence_rmse.csv","code_and_experiments","5620","2026-06-16T15:21:04"
"数据整理\package_exports\PPT_Related_Code_Outputs_20260617_001516\outputs\physics_multi_ode_baselines\ode_bathymetry_forced_graph_corr_coefficients.csv","code_and_experiments","244","2026-06-16T15:18:09"
"数据整理\package_exports\PPT_Related_Code_Outputs_20260617_001516\outputs\physics_multi_ode_baselines\ode_bathymetry_forced_graph_distance_coefficients.csv","code_and_experiments","246","2026-06-16T15:18:08"
"数据整理\package_exports\PPT_Related_Code_Outputs_20260617_001516\outputs\physics_multi_ode_baselines\ode_bathymetry_forced_graph_fusion_coefficients.csv","code_and_experiments","242","2026-06-16T15:18:09"
"数据整理\package_exports\PPT_Related_Code_Outputs_20260617_001516\outputs\physics_multi_ode_baselines\ode_decay_coefficients.csv","code_and_experiments","58","2026-06-16T15:18:07"
"数据整理\package_exports\PPT_Related_Code_Outputs_20260617_001516\outputs\physics_multi_ode_baselines\ode_forced_graph_corr_coefficients.csv","code_and_experiments","195","2026-06-16T15:18:08"
"数据整理\package_exports\PPT_Related_Code_Outputs_20260617_001516\outputs\physics_multi_ode_baselines\ode_forced_graph_distance_coefficients.csv","code_and_experiments","195","2026-06-16T15:18:08"
"数据整理\package_exports\PPT_Related_Code_Outputs_20260617_001516\outputs\physics_multi_ode_baselines\ode_forced_graph_fusion_coefficients.csv","code_and_experiments","200","2026-06-16T15:18:08"
"数据整理\package_exports\PPT_Related_Code_Outputs_20260617_001516\outputs\physics_multi_ode_baselines\ode_graph_diffusion_corr_coefficients.csv","code_and_experiments","84","2026-06-16T15:18:08"
"数据整理\package_exports\PPT_Related_Code_Outputs_20260617_001516\outputs\physics_multi_ode_baselines\ode_graph_diffusion_distance_coefficients.csv","code_and_experiments","84","2026-06-16T15:18:08"
"数据整理\package_exports\PPT_Related_Code_Outputs_20260617_001516\outputs\physics_multi_ode_baselines\ode_graph_diffusion_fusion_coefficients.csv","code_and_experiments","84","2026-06-16T15:18:08"
"数据整理\package_exports\PPT_Related_Code_Outputs_20260617_001516\outputs\physics_multi_ode_baselines\ode_local_forcing_coefficients.csv","code_and_experiments","168","2026-06-16T15:18:08"
"数据整理\package_exports\PPT_Related_Code_Outputs_20260617_001516\outputs\physics_multi_ode_baselines\physics_ode_metrics.csv","code_and_experiments","19036","2026-06-16T15:21:04"
"数据整理\package_exports\PPT_Related_Code_Outputs_20260617_001516\outputs\selected_result_files\final_model_comparison__all_model_comparison_long.csv","code_and_experiments","17927","2026-06-16T15:22:00"
"数据整理\package_exports\PPT_Related_Code_Outputs_20260617_001516\outputs\selected_result_files\final_model_comparison__best_model_by_horizon_last_residual_rmse.csv","code_and_experiments","1623","2026-06-16T15:22:00"
"数据整理\package_exports\PPT_Related_Code_Outputs_20260617_001516\outputs\selected_result_files\final_model_comparison__best_model_by_horizon_seq_residual_rmse.csv","code_and_experiments","1623","2026-06-16T15:22:00"
"数据整理\package_exports\PPT_Related_Code_Outputs_20260617_001516\outputs\selected_result_files\final_model_comparison__comparison_last_residual_RMSE.png","code_and_experiments","79176","2026-06-16T15:22:02"
"数据整理\package_exports\PPT_Related_Code_Outputs_20260617_001516\outputs\selected_result_files\final_model_comparison__comparison_seq_residual_RMSE.png","code_and_experiments","76650","2026-06-16T15:22:01"
"数据整理\package_exports\PPT_Related_Code_Outputs_20260617_001516\outputs\selected_result_files\final_model_comparison__key_model_comparison_for_ppt.csv","code_and_experiments","6433","2026-06-16T15:22:00"
"数据整理\package_exports\PPT_Related_Code_Outputs_20260617_001516\outputs\selected_result_files\final_model_comparison__learned_graph_weights_summary.csv","code_and_experiments","1406","2026-06-16T15:22:00"
"数据整理\package_exports\PPT_Related_Code_Outputs_20260617_001516\outputs\selected_result_files\final_model_comparison__physics_to_hybrid_improvement.csv","code_and_experiments","1206","2026-06-16T15:22:00"
"数据整理\package_exports\PPT_Related_Code_Outputs_20260617_001516\outputs\selected_result_files\final_model_comparison__recommended_horizon_specific_strategy.csv","code_and_experiments","1979","2026-06-16T15:22:00"
"数据整理\package_exports\PPT_Related_Code_Outputs_20260617_001516\outputs\selected_result_files\gnn_bigru_feature_ablation__full_multi_12h__metrics.csv","code_and_experiments","583","2026-06-15T22:45:27"
"数据整理\package_exports\PPT_Related_Code_Outputs_20260617_001516\outputs\selected_result_files\gnn_bigru_feature_ablation__full_multi_1h__metrics.csv","code_and_experiments","584","2026-06-15T22:37:20"
"数据整理\package_exports\PPT_Related_Code_Outputs_20260617_001516\outputs\selected_result_files\gnn_bigru_feature_ablation__full_multi_24h__metrics.csv","code_and_experiments","576","2026-06-15T22:53:43"
"数据整理\package_exports\PPT_Related_Code_Outputs_20260617_001516\outputs\selected_result_files\gnn_bigru_feature_ablation__full_no_static_multi_12h__metrics.csv","code_and_experiments","572","2026-06-15T22:20:46"
"数据整理\package_exports\PPT_Related_Code_Outputs_20260617_001516\outputs\selected_result_files\gnn_bigru_feature_ablation__full_no_static_multi_1h__metrics.csv","code_and_experiments","577","2026-06-15T22:12:01"
"数据整理\package_exports\PPT_Related_Code_Outputs_20260617_001516\outputs\selected_result_files\gnn_bigru_feature_ablation__full_no_static_multi_24h__metrics.csv","code_and_experiments","572","2026-06-15T22:28:46"
"数据整理\package_exports\PPT_Related_Code_Outputs_20260617_001516\outputs\selected_result_files\gnn_bigru_feature_ablation__meteo_core_multi_12h__metrics.csv","code_and_experiments","485","2026-06-15T20:06:11"
"数据整理\package_exports\PPT_Related_Code_Outputs_20260617_001516\outputs\selected_result_files\gnn_bigru_feature_ablation__meteo_core_multi_1h__metrics.csv","code_and_experiments","485","2026-06-15T19:52:56"
"数据整理\package_exports\PPT_Related_Code_Outputs_20260617_001516\outputs\selected_result_files\gnn_bigru_feature_ablation__meteo_core_multi_24h__metrics.csv","code_and_experiments","482","2026-06-15T20:24:29"
"数据整理\package_exports\PPT_Related_Code_Outputs_20260617_001516\outputs\selected_result_files\gnn_bigru_feature_ablation__meteo_wave_depth_multi_12h__metrics.csv","code_and_experiments","505","2026-06-15T21:49:06"
"数据整理\package_exports\PPT_Related_Code_Outputs_20260617_001516\outputs\selected_result_files\gnn_bigru_feature_ablation__meteo_wave_depth_multi_1h__metrics.csv","code_and_experiments","506","2026-06-15T21:31:28"
"数据整理\package_exports\PPT_Related_Code_Outputs_20260617_001516\outputs\selected_result_files\gnn_bigru_feature_ablation__meteo_wave_depth_multi_24h__metrics.csv","code_and_experiments","505","2026-06-15T22:01:24"
"数据整理\package_exports\PPT_Related_Code_Outputs_20260617_001516\outputs\selected_result_files\gnn_bigru_feature_ablation__meteo_wave_multi_12h__metrics.csv","code_and_experiments","491","2026-06-15T21:02:45"
"数据整理\package_exports\PPT_Related_Code_Outputs_20260617_001516\outputs\selected_result_files\gnn_bigru_feature_ablation__meteo_wave_multi_1h__metrics.csv","code_and_experiments","492","2026-06-15T20:42:37"
"数据整理\package_exports\PPT_Related_Code_Outputs_20260617_001516\outputs\selected_result_files\gnn_bigru_feature_ablation__meteo_wave_multi_24h__metrics.csv","code_and_experiments","491","2026-06-15T21:15:34"
"数据整理\package_exports\PPT_Related_Code_Outputs_20260617_001516\outputs\selected_result_files\gnn_bigru_feature_ablation__overall_metrics.csv","code_and_experiments","5693","2026-06-15T22:53:43"
"数据整理\package_exports\PPT_Related_Code_Outputs_20260617_001516\outputs\selected_result_files\gnn_bigru_feature_ablation__residual_only_multi_12h__metrics.csv","code_and_experiments","473","2026-06-15T19:04:12"
"数据整理\package_exports\PPT_Related_Code_Outputs_20260617_001516\outputs\selected_result_files\gnn_bigru_feature_ablation__residual_only_multi_1h__metrics.csv","code_and_experiments","477","2026-06-15T18:33:12"
"数据整理\package_exports\PPT_Related_Code_Outputs_20260617_001516\outputs\selected_result_files\gnn_bigru_feature_ablation__residual_only_multi_24h__metrics.csv","code_and_experiments","475","2026-06-15T19:31:53"
"数据整理\package_exports\PPT_Related_Code_Outputs_20260617_001516\outputs\selected_result_files\gnn_bigru_final_selected_config__final_12h_meteo_wave_depth_distance_multi__metrics.csv","code_and_experiments","955","2026-06-16T09:23:49"
"数据整理\package_exports\PPT_Related_Code_Outputs_20260617_001516\outputs\selected_result_files\gnn_bigru_final_selected_config__final_1h_full_no_static_identity_multi__metrics.csv","code_and_experiments","1029","2026-06-16T09:07:14"
"数据整理\package_exports\PPT_Related_Code_Outputs_20260617_001516\outputs\selected_result_files\gnn_bigru_final_selected_config__final_24h_meteo_wave_corr_multi__metrics.csv","code_and_experiments","928","2026-06-16T09:41:45"
"数据整理\package_exports\PPT_Related_Code_Outputs_20260617_001516\outputs\selected_result_files\gnn_bigru_final_selected_config__final_selected_metrics.csv","code_and_experiments","2008","2026-06-16T09:41:45"
"数据整理\package_exports\PPT_Related_Code_Outputs_20260617_001516\outputs\selected_result_files\gnn_bigru_graph_ablation__corr_meteo_wave_depth_multi_12h__metrics.csv","code_and_experiments","517","2026-06-16T01:01:38"
"数据整理\package_exports\PPT_Related_Code_Outputs_20260617_001516\outputs\selected_result_files\gnn_bigru_graph_ablation__corr_meteo_wave_depth_multi_1h__metrics.csv","code_and_experiments","526","2026-06-16T00:53:13"
"数据整理\package_exports\PPT_Related_Code_Outputs_20260617_001516\outputs\selected_result_files\gnn_bigru_graph_ablation__corr_meteo_wave_depth_multi_24h__metrics.csv","code_and_experiments","521","2026-06-16T01:24:27"
"数据整理\package_exports\PPT_Related_Code_Outputs_20260617_001516\outputs\selected_result_files\gnn_bigru_graph_ablation__distance_meteo_wave_depth_multi_12h__metrics.csv","code_and_experiments","528","2026-06-16T00:15:42"
"数据整理\package_exports\PPT_Related_Code_Outputs_20260617_001516\outputs\selected_result_files\gnn_bigru_graph_ablation__distance_meteo_wave_depth_multi_1h__metrics.csv","code_and_experiments","529","2026-06-16T00:06:56"
"数据整理\package_exports\PPT_Related_Code_Outputs_20260617_001516\outputs\selected_result_files\gnn_bigru_graph_ablation__distance_meteo_wave_depth_multi_24h__metrics.csv","code_and_experiments","522","2026-06-16T00:33:41"
"数据整理\package_exports\PPT_Related_Code_Outputs_20260617_001516\outputs\selected_result_files\gnn_bigru_graph_ablation__fusion_meteo_wave_depth_multi_12h__metrics.csv","code_and_experiments","525","2026-06-16T01:55:45"
"数据整理\package_exports\PPT_Related_Code_Outputs_20260617_001516\outputs\selected_result_files\gnn_bigru_graph_ablation__fusion_meteo_wave_depth_multi_1h__metrics.csv","code_and_experiments","525","2026-06-16T01:47:22"
"数据整理\package_exports\PPT_Related_Code_Outputs_20260617_001516\outputs\selected_result_files\gnn_bigru_graph_ablation__fusion_meteo_wave_depth_multi_24h__metrics.csv","code_and_experiments","522","2026-06-16T02:16:22"
"数据整理\package_exports\PPT_Related_Code_Outputs_20260617_001516\outputs\selected_result_files\gnn_bigru_graph_ablation__identity_meteo_wave_depth_multi_12h__metrics.csv","code_and_experiments","524","2026-06-15T23:41:03"
"数据整理\package_exports\PPT_Related_Code_Outputs_20260617_001516\outputs\selected_result_files\gnn_bigru_graph_ablation__identity_meteo_wave_depth_multi_1h__metrics.csv","code_and_experiments","530","2026-06-15T23:33:12"
"数据整理\package_exports\PPT_Related_Code_Outputs_20260617_001516\outputs\selected_result_files\gnn_bigru_graph_ablation__identity_meteo_wave_depth_multi_24h__metrics.csv","code_and_experiments","525","2026-06-15T23:48:51"
"数据整理\package_exports\PPT_Related_Code_Outputs_20260617_001516\outputs\selected_result_files\gnn_bigru_graph_ablation__overall_metrics.csv","code_and_experiments","3819","2026-06-16T02:16:22"
"数据整理\package_exports\PPT_Related_Code_Outputs_20260617_001516\outputs\selected_result_files\gnn_bigru_learnable_graph_fusion__learnable_graph_1h_full_no_static_multi__metrics.csv","code_and_experiments","1129","2026-06-16T10:08:06"
"数据整理\package_exports\PPT_Related_Code_Outputs_20260617_001516\outputs\selected_result_files\gnn_bigru_learnable_graph_fusion__learnable_graph_metrics.csv","code_and_experiments","1129","2026-06-16T10:08:06"
"数据整理\package_exports\PPT_Related_Code_Outputs_20260617_001516\outputs\selected_result_files\gnn_bigru_learnable_graph_fusion_v2__learnable_graph_metrics.csv","code_and_experiments","2194","2026-06-16T11:55:37"
"数据整理\package_exports\PPT_Related_Code_Outputs_20260617_001516\outputs\selected_result_files\gnn_bigru_learnable_graph_fusion_v2__learnable_graph_v2_12h_meteo_wave_depth_multi__graph_weights_history.csv","code_and_experiments","4668","2026-06-16T11:20:35"
"数据整理\package_exports\PPT_Related_Code_Outputs_20260617_001516\outputs\selected_result_files\gnn_bigru_learnable_graph_fusion_v2__learnable_graph_v2_12h_meteo_wave_depth_multi__metrics.csv","code_and_experiments","1045","2026-06-16T11:20:35"
"数据整理\package_exports\PPT_Related_Code_Outputs_20260617_001516\outputs\selected_result_files\gnn_bigru_learnable_graph_fusion_v2__learnable_graph_v2_1h_full_no_static_multi__graph_weights_history.csv","code_and_experiments","11807","2026-06-16T11:10:13"
"数据整理\package_exports\PPT_Related_Code_Outputs_20260617_001516\outputs\selected_result_files\gnn_bigru_learnable_graph_fusion_v2__learnable_graph_v2_1h_full_no_static_multi__metrics.csv","code_and_experiments","1120","2026-06-16T11:10:17"
"数据整理\package_exports\PPT_Related_Code_Outputs_20260617_001516\outputs\selected_result_files\gnn_bigru_learnable_graph_fusion_v2__learnable_graph_v2_24h_meteo_wave_multi__graph_weights_history.csv","code_and_experiments","11201","2026-06-16T11:55:32"
"数据整理\package_exports\PPT_Related_Code_Outputs_20260617_001516\outputs\selected_result_files\gnn_bigru_learnable_graph_fusion_v2__learnable_graph_v2_24h_meteo_wave_multi__metrics.csv","code_and_experiments","1017","2026-06-16T11:55:37"
"数据整理\package_exports\PPT_Related_Code_Outputs_20260617_001516\outputs\selected_result_files\gnn_bigru_prior_learnable_graph_fusion__prior_graph_1h_full_no_static_multi__graph_weights_history.csv","code_and_experiments","11657","2026-06-16T14:22:40"
"数据整理\package_exports\PPT_Related_Code_Outputs_20260617_001516\outputs\selected_result_files\gnn_bigru_real_noaa_task_mode__gnn_bigru_direct_12h__metrics.csv","code_and_experiments","427","2026-06-15T15:22:42"
"数据整理\package_exports\PPT_Related_Code_Outputs_20260617_001516\outputs\selected_result_files\gnn_bigru_real_noaa_task_mode__gnn_bigru_direct_1h__metrics.csv","code_and_experiments","425","2026-06-15T15:05:14"
"数据整理\package_exports\PPT_Related_Code_Outputs_20260617_001516\outputs\selected_result_files\gnn_bigru_real_noaa_task_mode__gnn_bigru_direct_24h__metrics.csv","code_and_experiments","426","2026-06-15T15:34:31"
"数据整理\package_exports\PPT_Related_Code_Outputs_20260617_001516\outputs\selected_result_files\gnn_bigru_real_noaa_task_mode__gnn_bigru_multi_12h__metrics.csv","code_and_experiments","427","2026-06-15T17:53:17"
"数据整理\package_exports\PPT_Related_Code_Outputs_20260617_001516\outputs\selected_result_files\gnn_bigru_real_noaa_task_mode__gnn_bigru_multi_1h__metrics.csv","code_and_experiments","431","2026-06-15T15:47:40"
"数据整理\package_exports\PPT_Related_Code_Outputs_20260617_001516\outputs\selected_result_files\gnn_bigru_real_noaa_task_mode__gnn_bigru_multi_24h__metrics.csv","code_and_experiments","432","2026-06-15T18:11:53"
"数据整理\package_exports\PPT_Related_Code_Outputs_20260617_001516\outputs\selected_result_files\gnn_bigru_real_noaa_task_mode__overall_metrics.csv","code_and_experiments","1613","2026-06-15T18:11:54"
"数据整理\package_exports\PPT_Related_Code_Outputs_20260617_001516\outputs\selected_result_files\optimized_physics_informed_loss_gnn_bigru__horizon_12h__metrics.csv","code_and_experiments","1279","2026-06-16T23:22:42"
"数据整理\package_exports\PPT_Related_Code_Outputs_20260617_001516\outputs\selected_result_files\optimized_physics_informed_loss_gnn_bigru__horizon_12h__training_log.csv","code_and_experiments","14087","2026-06-16T23:22:42"
"数据整理\package_exports\PPT_Related_Code_Outputs_20260617_001516\outputs\selected_result_files\optimized_physics_informed_loss_gnn_bigru__horizon_1h__metrics.csv","code_and_experiments","1430","2026-06-16T23:20:00"
"数据整理\package_exports\PPT_Related_Code_Outputs_20260617_001516\outputs\selected_result_files\optimized_physics_informed_loss_gnn_bigru__horizon_1h__training_log.csv","code_and_experiments","24067","2026-06-16T23:20:00"
"数据整理\package_exports\PPT_Related_Code_Outputs_20260617_001516\outputs\selected_result_files\optimized_physics_informed_loss_gnn_bigru__horizon_24h__metrics.csv","code_and_experiments","1270","2026-06-16T23:25:12"
"数据整理\package_exports\PPT_Related_Code_Outputs_20260617_001516\outputs\selected_result_files\optimized_physics_informed_loss_gnn_bigru__horizon_24h__training_log.csv","code_and_experiments","11743","2026-06-16T23:25:12"
"数据整理\package_exports\PPT_Related_Code_Outputs_20260617_001516\outputs\selected_result_files\optimized_physics_informed_loss_gnn_bigru__optimized_physics_informed_loss_metrics.csv","code_and_experiments","2683","2026-06-16T23:25:12"
"数据整理\package_exports\PPT_Related_Code_Outputs_20260617_001516\outputs\selected_result_files\physics_guided_learnable_graph_gnn_bigru__physics_guided_12h_meteo_wave_depth__metrics.csv","code_and_experiments","2354","2026-06-16T14:50:29"
"数据整理\package_exports\PPT_Related_Code_Outputs_20260617_001516\outputs\selected_result_files\physics_guided_learnable_graph_gnn_bigru__physics_guided_12h_meteo_wave_depth__physics_ode_coefficients.csv","code_and_experiments","246","2026-06-16T14:40:06"
"数据整理\package_exports\PPT_Related_Code_Outputs_20260617_001516\outputs\selected_result_files\physics_guided_learnable_graph_gnn_bigru__physics_guided_12h_meteo_wave_depth__training_history.csv","code_and_experiments","6169","2026-06-16T14:50:28"
"数据整理\package_exports\PPT_Related_Code_Outputs_20260617_001516\outputs\selected_result_files\physics_guided_learnable_graph_gnn_bigru__physics_guided_1h_full_no_static__metrics.csv","code_and_experiments","2427","2026-06-16T14:40:05"
"数据整理\package_exports\PPT_Related_Code_Outputs_20260617_001516\outputs\selected_result_files\physics_guided_learnable_graph_gnn_bigru__physics_guided_1h_full_no_static__physics_ode_coefficients.csv","code_and_experiments","232","2026-06-16T14:35:13"
"数据整理\package_exports\PPT_Related_Code_Outputs_20260617_001516\outputs\selected_result_files\physics_guided_learnable_graph_gnn_bigru__physics_guided_1h_full_no_static__training_history.csv","code_and_experiments","5667","2026-06-16T14:40:05"
"数据整理\package_exports\PPT_Related_Code_Outputs_20260617_001516\outputs\selected_result_files\physics_guided_learnable_graph_gnn_bigru__physics_guided_24h_meteo_wave__metrics.csv","code_and_experiments","2342","2026-06-16T14:58:59"
"数据整理\package_exports\PPT_Related_Code_Outputs_20260617_001516\outputs\selected_result_files\physics_guided_learnable_graph_gnn_bigru__physics_guided_24h_meteo_wave__physics_ode_coefficients.csv","code_and_experiments","244","2026-06-16T14:50:30"
"数据整理\package_exports\PPT_Related_Code_Outputs_20260617_001516\outputs\selected_result_files\physics_guided_learnable_graph_gnn_bigru__physics_guided_24h_meteo_wave__training_history.csv","code_and_experiments","7019","2026-06-16T14:58:59"
"数据整理\package_exports\PPT_Related_Code_Outputs_20260617_001516\outputs\selected_result_files\physics_guided_learnable_graph_gnn_bigru__physics_guided_metrics.csv","code_and_experiments","4573","2026-06-16T14:58:59"
"数据整理\package_exports\PPT_Related_Code_Outputs_20260617_001516\outputs\selected_result_files\physics_informed_loss_gnn_bigru__horizon_12h__metrics.csv","code_and_experiments","1266","2026-06-16T22:34:56"
"数据整理\package_exports\PPT_Related_Code_Outputs_20260617_001516\outputs\selected_result_files\physics_informed_loss_gnn_bigru__horizon_12h__training_log.csv","code_and_experiments","14085","2026-06-16T22:34:56"
"数据整理\package_exports\PPT_Related_Code_Outputs_20260617_001516\outputs\selected_result_files\physics_informed_loss_gnn_bigru__horizon_1h__metrics.csv","code_and_experiments","1277","2026-06-16T22:24:25"
"数据整理\package_exports\PPT_Related_Code_Outputs_20260617_001516\outputs\selected_result_files\physics_informed_loss_gnn_bigru__horizon_1h__training_log.csv","code_and_experiments","22054","2026-06-16T22:24:25"
"数据整理\package_exports\PPT_Related_Code_Outputs_20260617_001516\outputs\selected_result_files\physics_informed_loss_gnn_bigru__horizon_24h__metrics.csv","code_and_experiments","1262","2026-06-16T22:44:03"
"数据整理\package_exports\PPT_Related_Code_Outputs_20260617_001516\outputs\selected_result_files\physics_informed_loss_gnn_bigru__horizon_24h__training_log.csv","code_and_experiments","12222","2026-06-16T22:44:03"
"数据整理\package_exports\PPT_Related_Code_Outputs_20260617_001516\outputs\selected_result_files\physics_informed_loss_gnn_bigru__physics_informed_loss_metrics.csv","code_and_experiments","2699","2026-06-16T22:44:03"
"数据整理\package_exports\PPT_Related_Code_Outputs_20260617_001516\outputs\selected_result_files\physics_multi_ode_baselines__best_physics_models_by_last_step_rmse.csv","code_and_experiments","5620","2026-06-16T15:21:04"
"数据整理\package_exports\PPT_Related_Code_Outputs_20260617_001516\outputs\selected_result_files\physics_multi_ode_baselines__best_physics_models_by_sequence_rmse.csv","code_and_experiments","5620","2026-06-16T15:21:04"
"数据整理\package_exports\PPT_Related_Code_Outputs_20260617_001516\outputs\selected_result_files\physics_multi_ode_baselines__ode_bathymetry_forced_graph_corr_coefficients.csv","code_and_experiments","244","2026-06-16T15:18:09"
"数据整理\package_exports\PPT_Related_Code_Outputs_20260617_001516\outputs\selected_result_files\physics_multi_ode_baselines__ode_bathymetry_forced_graph_distance_coefficients.csv","code_and_experiments","246","2026-06-16T15:18:08"
"数据整理\package_exports\PPT_Related_Code_Outputs_20260617_001516\outputs\selected_result_files\physics_multi_ode_baselines__ode_bathymetry_forced_graph_fusion_coefficients.csv","code_and_experiments","242","2026-06-16T15:18:09"
"数据整理\package_exports\PPT_Related_Code_Outputs_20260617_001516\outputs\selected_result_files\physics_multi_ode_baselines__ode_decay_coefficients.csv","code_and_experiments","58","2026-06-16T15:18:07"
"数据整理\package_exports\PPT_Related_Code_Outputs_20260617_001516\outputs\selected_result_files\physics_multi_ode_baselines__ode_forced_graph_corr_coefficients.csv","code_and_experiments","195","2026-06-16T15:18:08"
"数据整理\package_exports\PPT_Related_Code_Outputs_20260617_001516\outputs\selected_result_files\physics_multi_ode_baselines__ode_forced_graph_distance_coefficients.csv","code_and_experiments","195","2026-06-16T15:18:08"
"数据整理\package_exports\PPT_Related_Code_Outputs_20260617_001516\outputs\selected_result_files\physics_multi_ode_baselines__ode_forced_graph_fusion_coefficients.csv","code_and_experiments","200","2026-06-16T15:18:08"
"数据整理\package_exports\PPT_Related_Code_Outputs_20260617_001516\outputs\selected_result_files\physics_multi_ode_baselines__ode_graph_diffusion_corr_coefficients.csv","code_and_experiments","84","2026-06-16T15:18:08"
"数据整理\package_exports\PPT_Related_Code_Outputs_20260617_001516\outputs\selected_result_files\physics_multi_ode_baselines__ode_graph_diffusion_distance_coefficients.csv","code_and_experiments","84","2026-06-16T15:18:08"
"数据整理\package_exports\PPT_Related_Code_Outputs_20260617_001516\outputs\selected_result_files\physics_multi_ode_baselines__ode_graph_diffusion_fusion_coefficients.csv","code_and_experiments","84","2026-06-16T15:18:08"
"数据整理\package_exports\PPT_Related_Code_Outputs_20260617_001516\outputs\selected_result_files\physics_multi_ode_baselines__ode_local_forcing_coefficients.csv","code_and_experiments","168","2026-06-16T15:18:08"
"数据整理\package_exports\PPT_Related_Code_Outputs_20260617_001516\outputs\selected_result_files\physics_multi_ode_baselines__physics_ode_metrics.csv","code_and_experiments","19036","2026-06-16T15:21:04"
"数据整理\package_exports\PPT_Related_Code_Outputs_20260617_001516\README.txt","code_and_experiments","728","2026-06-17T00:15:16"
"数据整理\run_priority12_background.ps1","code_and_experiments","1559","2026-07-13T17:09:26"
"数据整理\run_priority12_seed_worker.ps1","code_and_experiments","1585","2026-07-13T17:16:03"
"data\dataset\sample_times.csv","data","183472","2026-05-24T14:32:55"
"data\dataset\station_order.csv","data","78","2026-05-24T14:32:55"
"data\dataset\X_test.npy","data","881120","2026-05-24T14:32:55"
"data\dataset\X_train.npy","data","4109408","2026-05-24T14:32:55"
"data\dataset\X_val.npy","data","880448","2026-05-24T14:32:55"
"data\dataset\Y_test.npy","data","36836","2026-05-24T14:32:55"
"data\dataset\Y_train.npy","data","171348","2026-05-24T14:32:55"
"data\dataset\Y_val.npy","data","36808","2026-05-24T14:32:55"
"data\dataset_era5_2vars\feature_order.csv","data","44","2026-05-24T18:02:19"
"data\dataset_era5_2vars\horizon_12h\sample_times.csv","data","135367","2026-05-24T18:02:20"
"data\dataset_era5_2vars\horizon_12h\X_test.npy","data","1949600","2026-05-24T18:02:20"
"data\dataset_era5_2vars\horizon_12h\X_train.npy","data","9094304","2026-05-24T18:02:20"
"data\dataset_era5_2vars\horizon_12h\X_val.npy","data","1949600","2026-05-24T18:02:20"
"data\dataset_era5_2vars\horizon_12h\Y_test.npy","data","325040","2026-05-24T18:02:20"
"data\dataset_era5_2vars\horizon_12h\Y_train.npy","data","1515824","2026-05-24T18:02:20"
"data\dataset_era5_2vars\horizon_12h\Y_val.npy","data","325040","2026-05-24T18:02:20"
"data\dataset_era5_2vars\horizon_1h\sample_times.csv","data","135598","2026-05-24T18:02:19"
"data\dataset_era5_2vars\horizon_1h\X_test.npy","data","1953632","2026-05-24T18:02:19"
"data\dataset_era5_2vars\horizon_1h\X_train.npy","data","9110432","2026-05-24T18:02:19"
"data\dataset_era5_2vars\horizon_1h\X_val.npy","data","1951616","2026-05-24T18:02:19"
"data\dataset_era5_2vars\horizon_1h\Y_test.npy","data","27260","2026-05-24T18:02:19"
"data\dataset_era5_2vars\horizon_1h\Y_train.npy","data","126660","2026-05-24T18:02:19"
"data\dataset_era5_2vars\horizon_1h\Y_val.npy","data","27232","2026-05-24T18:02:19"
"data\dataset_era5_2vars\horizon_24h\sample_times.csv","data","135115","2026-05-24T18:02:20"
"data\dataset_era5_2vars\horizon_24h\X_test.npy","data","1945568","2026-05-24T18:02:20"
"data\dataset_era5_2vars\horizon_24h\X_train.npy","data","9078176","2026-05-24T18:02:20"
"data\dataset_era5_2vars\horizon_24h\X_val.npy","data","1945568","2026-05-24T18:02:20"
"data\dataset_era5_2vars\horizon_24h\Y_test.npy","data","648608","2026-05-24T18:02:20"
"data\dataset_era5_2vars\horizon_24h\Y_train.npy","data","3026144","2026-05-24T18:02:20"
"data\dataset_era5_2vars\horizon_24h\Y_val.npy","data","648608","2026-05-24T18:02:20"
"data\dataset_era5_2vars\horizon_3h\sample_times.csv","data","135556","2026-05-24T18:02:19"
"data\dataset_era5_2vars\horizon_3h\X_test.npy","data","1953632","2026-05-24T18:02:19"
"data\dataset_era5_2vars\horizon_3h\X_train.npy","data","9106400","2026-05-24T18:02:19"
"data\dataset_era5_2vars\horizon_3h\X_val.npy","data","1951616","2026-05-24T18:02:19"
"data\dataset_era5_2vars\horizon_3h\Y_test.npy","data","81524","2026-05-24T18:02:19"
"data\dataset_era5_2vars\horizon_3h\Y_train.npy","data","379556","2026-05-24T18:02:19"
"data\dataset_era5_2vars\horizon_3h\Y_val.npy","data","81440","2026-05-24T18:02:19"
"data\dataset_era5_2vars\horizon_6h\sample_times.csv","data","135493","2026-05-24T18:02:20"
"data\dataset_era5_2vars\horizon_6h\X_test.npy","data","1951616","2026-05-24T18:02:20"
"data\dataset_era5_2vars\horizon_6h\X_train.npy","data","9102368","2026-05-24T18:02:20"
"data\dataset_era5_2vars\horizon_6h\X_val.npy","data","1951616","2026-05-24T18:02:20"
"data\dataset_era5_2vars\horizon_6h\Y_test.npy","data","162752","2026-05-24T18:02:20"
"data\dataset_era5_2vars\horizon_6h\Y_train.npy","data","758648","2026-05-24T18:02:20"
"data\dataset_era5_2vars\horizon_6h\Y_val.npy","data","162752","2026-05-24T18:02:20"
"data\dataset_era5_2vars\station_order.csv","data","78","2026-05-24T18:02:19"
"data\dataset_era5_wave\feature_order.csv","data","57","2026-05-24T19:54:24"
"data\dataset_era5_wave\horizon_12h\sample_times.csv","data","135367","2026-05-24T19:54:24"
"data\dataset_era5_wave\horizon_12h\X_test.npy","data","2599424","2026-05-24T19:54:24"
"data\dataset_era5_wave\horizon_12h\X_train.npy","data","12125696","2026-05-24T19:54:24"
"data\dataset_era5_wave\horizon_12h\X_val.npy","data","2599424","2026-05-24T19:54:24"
"data\dataset_era5_wave\horizon_12h\Y_test.npy","data","325040","2026-05-24T19:54:24"
"data\dataset_era5_wave\horizon_12h\Y_train.npy","data","1515824","2026-05-24T19:54:24"
"data\dataset_era5_wave\horizon_12h\Y_val.npy","data","325040","2026-05-24T19:54:24"
"data\dataset_era5_wave\horizon_1h\sample_times.csv","data","135598","2026-05-24T19:54:24"
"data\dataset_era5_wave\horizon_1h\X_test.npy","data","2604800","2026-05-24T19:54:24"
"data\dataset_era5_wave\horizon_1h\X_train.npy","data","12147200","2026-05-24T19:54:24"
"data\dataset_era5_wave\horizon_1h\X_val.npy","data","2602112","2026-05-24T19:54:24"
"data\dataset_era5_wave\horizon_1h\Y_test.npy","data","27260","2026-05-24T19:54:24"
"data\dataset_era5_wave\horizon_1h\Y_train.npy","data","126660","2026-05-24T19:54:24"
"data\dataset_era5_wave\horizon_1h\Y_val.npy","data","27232","2026-05-24T19:54:24"
"data\dataset_era5_wave\horizon_24h\sample_times.csv","data","135115","2026-05-24T19:54:24"
"data\dataset_era5_wave\horizon_24h\X_test.npy","data","2594048","2026-05-24T19:54:24"
"data\dataset_era5_wave\horizon_24h\X_train.npy","data","12104192","2026-05-24T19:54:24"
"data\dataset_era5_wave\horizon_24h\X_val.npy","data","2594048","2026-05-24T19:54:24"
"data\dataset_era5_wave\horizon_24h\Y_test.npy","data","648608","2026-05-24T19:54:24"
"data\dataset_era5_wave\horizon_24h\Y_train.npy","data","3026144","2026-05-24T19:54:24"
"data\dataset_era5_wave\horizon_24h\Y_val.npy","data","648608","2026-05-24T19:54:24"
"data\dataset_era5_wave\horizon_3h\sample_times.csv","data","135556","2026-05-24T19:54:24"
"data\dataset_era5_wave\horizon_3h\X_test.npy","data","2604800","2026-05-24T19:54:24"
"data\dataset_era5_wave\horizon_3h\X_train.npy","data","12141824","2026-05-24T19:54:24"
"data\dataset_era5_wave\horizon_3h\X_val.npy","data","2602112","2026-05-24T19:54:24"
"data\dataset_era5_wave\horizon_3h\Y_test.npy","data","81524","2026-05-24T19:54:24"
"data\dataset_era5_wave\horizon_3h\Y_train.npy","data","379556","2026-05-24T19:54:24"
"data\dataset_era5_wave\horizon_3h\Y_val.npy","data","81440","2026-05-24T19:54:24"
"data\dataset_era5_wave\horizon_6h\sample_times.csv","data","135493","2026-05-24T19:54:24"
"data\dataset_era5_wave\horizon_6h\X_test.npy","data","2602112","2026-05-24T19:54:24"
"data\dataset_era5_wave\horizon_6h\X_train.npy","data","12136448","2026-05-24T19:54:24"
"data\dataset_era5_wave\horizon_6h\X_val.npy","data","2602112","2026-05-24T19:54:24"
"data\dataset_era5_wave\horizon_6h\Y_test.npy","data","162752","2026-05-24T19:54:24"
"data\dataset_era5_wave\horizon_6h\Y_train.npy","data","758648","2026-05-24T19:54:24"
"data\dataset_era5_wave\horizon_6h\Y_val.npy","data","162752","2026-05-24T19:54:24"
"data\dataset_era5_wave\station_order.csv","data","78","2026-05-24T19:54:24"
"data\dataset_era5_wave_depth\feature_order.csv","data","64","2026-05-24T20:25:50"
"data\dataset_era5_wave_depth\horizon_12h\sample_times.csv","data","135367","2026-05-24T20:25:50"
"data\dataset_era5_wave_depth\horizon_12h\X_test.npy","data","3249248","2026-05-24T20:25:50"
"data\dataset_era5_wave_depth\horizon_12h\X_train.npy","data","15157088","2026-05-24T20:25:50"
"data\dataset_era5_wave_depth\horizon_12h\X_val.npy","data","3249248","2026-05-24T20:25:50"
"data\dataset_era5_wave_depth\horizon_12h\Y_test.npy","data","325040","2026-05-24T20:25:50"
"data\dataset_era5_wave_depth\horizon_12h\Y_train.npy","data","1515824","2026-05-24T20:25:50"
"data\dataset_era5_wave_depth\horizon_12h\Y_val.npy","data","325040","2026-05-24T20:25:50"
"data\dataset_era5_wave_depth\horizon_1h\sample_times.csv","data","135598","2026-05-24T20:25:50"
"data\dataset_era5_wave_depth\horizon_1h\X_test.npy","data","3255968","2026-05-24T20:25:50"
"data\dataset_era5_wave_depth\horizon_1h\X_train.npy","data","15183968","2026-05-24T20:25:50"
"data\dataset_era5_wave_depth\horizon_1h\X_val.npy","data","3252608","2026-05-24T20:25:50"
"data\dataset_era5_wave_depth\horizon_1h\Y_test.npy","data","27260","2026-05-24T20:25:50"
"data\dataset_era5_wave_depth\horizon_1h\Y_train.npy","data","126660","2026-05-24T20:25:50"
"data\dataset_era5_wave_depth\horizon_1h\Y_val.npy","data","27232","2026-05-24T20:25:50"
"data\dataset_era5_wave_depth\horizon_24h\sample_times.csv","data","135115","2026-05-24T20:25:50"
"data\dataset_era5_wave_depth\horizon_24h\X_test.npy","data","3242528","2026-05-24T20:25:50"
"data\dataset_era5_wave_depth\horizon_24h\X_train.npy","data","15130208","2026-05-24T20:25:50"
"data\dataset_era5_wave_depth\horizon_24h\X_val.npy","data","3242528","2026-05-24T20:25:50"
"data\dataset_era5_wave_depth\horizon_24h\Y_test.npy","data","648608","2026-05-24T20:25:50"
"data\dataset_era5_wave_depth\horizon_24h\Y_train.npy","data","3026144","2026-05-24T20:25:50"
"data\dataset_era5_wave_depth\horizon_24h\Y_val.npy","data","648608","2026-05-24T20:25:50"
"data\dataset_era5_wave_depth\horizon_3h\sample_times.csv","data","135556","2026-05-24T20:25:50"
"data\dataset_era5_wave_depth\horizon_3h\X_test.npy","data","3255968","2026-05-24T20:25:50"
"data\dataset_era5_wave_depth\horizon_3h\X_train.npy","data","15177248","2026-05-24T20:25:50"
"data\dataset_era5_wave_depth\horizon_3h\X_val.npy","data","3252608","2026-05-24T20:25:50"
"data\dataset_era5_wave_depth\horizon_3h\Y_test.npy","data","81524","2026-05-24T20:25:50"
"data\dataset_era5_wave_depth\horizon_3h\Y_train.npy","data","379556","2026-05-24T20:25:50"
"data\dataset_era5_wave_depth\horizon_3h\Y_val.npy","data","81440","2026-05-24T20:25:50"
"data\dataset_era5_wave_depth\horizon_6h\sample_times.csv","data","135493","2026-05-24T20:25:50"
"data\dataset_era5_wave_depth\horizon_6h\X_test.npy","data","3252608","2026-05-24T20:25:50"
"data\dataset_era5_wave_depth\horizon_6h\X_train.npy","data","15170528","2026-05-24T20:25:50"
"data\dataset_era5_wave_depth\horizon_6h\X_val.npy","data","3252608","2026-05-24T20:25:50"
"data\dataset_era5_wave_depth\horizon_6h\Y_test.npy","data","162752","2026-05-24T20:25:50"
"data\dataset_era5_wave_depth\horizon_6h\Y_train.npy","data","758648","2026-05-24T20:25:50"
"data\dataset_era5_wave_depth\horizon_6h\Y_val.npy","data","162752","2026-05-24T20:25:50"
"data\dataset_era5_wave_depth\station_order.csv","data","78","2026-05-24T20:25:50"
"data\dataset_era5_wave_depth\tide.npy","data","181568","2026-06-13T23:20:42"
"data\dataset_era5_wave_depth\X.npy","data","907328","2026-06-13T23:20:42"
"data\dataset_era5_wave_depth\Y.npy","data","181568","2026-06-13T23:20:42"
"data\dataset_multi_horizon\horizon_12h\sample_times.csv","data","183247","2026-05-24T15:17:34"
"data\dataset_multi_horizon\horizon_12h\X_test.npy","data","879776","2026-05-24T15:17:34"
"data\dataset_multi_horizon\horizon_12h\X_train.npy","data","4104032","2026-05-24T15:17:34"
"data\dataset_multi_horizon\horizon_12h\X_val.npy","data","879776","2026-05-24T15:17:34"
"data\dataset_multi_horizon\horizon_12h\Y_test.npy","data","439952","2026-05-24T15:17:34"
"data\dataset_multi_horizon\horizon_12h\Y_train.npy","data","2052080","2026-05-24T15:17:34"
"data\dataset_multi_horizon\horizon_12h\Y_val.npy","data","439952","2026-05-24T15:17:34"
"data\dataset_multi_horizon\horizon_1h\sample_times.csv","data","183478","2026-05-24T15:17:34"
"data\dataset_multi_horizon\horizon_1h\X_test.npy","data","881120","2026-05-24T15:17:34"
"data\dataset_multi_horizon\horizon_1h\X_train.npy","data","4109408","2026-05-24T15:17:34"
"data\dataset_multi_horizon\horizon_1h\X_val.npy","data","880448","2026-05-24T15:17:34"
"data\dataset_multi_horizon\horizon_1h\Y_test.npy","data","36836","2026-05-24T15:17:34"
"data\dataset_multi_horizon\horizon_1h\Y_train.npy","data","171348","2026-05-24T15:17:34"
"data\dataset_multi_horizon\horizon_1h\Y_val.npy","data","36808","2026-05-24T15:17:34"
"data\dataset_multi_horizon\horizon_24h\sample_times.csv","data","182995","2026-05-24T15:17:34"
"data\dataset_multi_horizon\horizon_24h\X_test.npy","data","878432","2026-05-24T15:17:34"
"data\dataset_multi_horizon\horizon_24h\X_train.npy","data","4098656","2026-05-24T15:17:34"
"data\dataset_multi_horizon\horizon_24h\X_val.npy","data","878432","2026-05-24T15:17:34"
"data\dataset_multi_horizon\horizon_24h\Y_test.npy","data","878432","2026-05-24T15:17:34"
"data\dataset_multi_horizon\horizon_24h\Y_train.npy","data","4098656","2026-05-24T15:17:34"
"data\dataset_multi_horizon\horizon_24h\Y_val.npy","data","878432","2026-05-24T15:17:34"
"data\dataset_multi_horizon\horizon_3h\sample_times.csv","data","183436","2026-05-24T15:17:34"
"data\dataset_multi_horizon\horizon_3h\X_test.npy","data","881120","2026-05-24T15:17:34"
"data\dataset_multi_horizon\horizon_3h\X_train.npy","data","4108064","2026-05-24T15:17:34"
"data\dataset_multi_horizon\horizon_3h\X_val.npy","data","880448","2026-05-24T15:17:34"
"data\dataset_multi_horizon\horizon_3h\Y_test.npy","data","110252","2026-05-24T15:17:34"
"data\dataset_multi_horizon\horizon_3h\Y_train.npy","data","513620","2026-05-24T15:17:34"
"data\dataset_multi_horizon\horizon_3h\Y_val.npy","data","110168","2026-05-24T15:17:34"
"data\dataset_multi_horizon\horizon_6h\sample_times.csv","data","183373","2026-05-24T15:17:34"
"data\dataset_multi_horizon\horizon_6h\X_test.npy","data","880448","2026-05-24T15:17:34"
"data\dataset_multi_horizon\horizon_6h\X_train.npy","data","4106720","2026-05-24T15:17:34"
"data\dataset_multi_horizon\horizon_6h\X_val.npy","data","880448","2026-05-24T15:17:34"
"data\dataset_multi_horizon\horizon_6h\Y_test.npy","data","220208","2026-05-24T15:17:34"
"data\dataset_multi_horizon\horizon_6h\Y_train.npy","data","1026776","2026-05-24T15:17:34"
"data\dataset_multi_horizon\horizon_6h\Y_val.npy","data","220208","2026-05-24T15:17:34"
"data\dataset_multi_horizon\station_order.csv","data","78","2026-05-24T15:17:34"
"data\dataset_residual_era5_period\horizon_12h\sample_times.csv","data","135367","2026-05-24T19:09:31"
"data\dataset_residual_era5_period\horizon_12h\X_test.npy","data","649952","2026-05-24T19:09:31"
"data\dataset_residual_era5_period\horizon_12h\X_train.npy","data","3031520","2026-05-24T19:09:31"
"data\dataset_residual_era5_period\horizon_12h\X_val.npy","data","649952","2026-05-24T19:09:31"
"data\dataset_residual_era5_period\horizon_12h\Y_test.npy","data","325040","2026-05-24T19:09:31"
"data\dataset_residual_era5_period\horizon_12h\Y_train.npy","data","1515824","2026-05-24T19:09:31"
"data\dataset_residual_era5_period\horizon_12h\Y_val.npy","data","325040","2026-05-24T19:09:31"
"data\dataset_residual_era5_period\horizon_1h\sample_times.csv","data","135598","2026-05-24T19:09:30"
"data\dataset_residual_era5_period\horizon_1h\X_test.npy","data","651296","2026-05-24T19:09:30"
"data\dataset_residual_era5_period\horizon_1h\X_train.npy","data","3036896","2026-05-24T19:09:30"
"data\dataset_residual_era5_period\horizon_1h\X_val.npy","data","650624","2026-05-24T19:09:30"
"data\dataset_residual_era5_period\horizon_1h\Y_test.npy","data","27260","2026-05-24T19:09:30"
"data\dataset_residual_era5_period\horizon_1h\Y_train.npy","data","126660","2026-05-24T19:09:30"
"data\dataset_residual_era5_period\horizon_1h\Y_val.npy","data","27232","2026-05-24T19:09:30"
"data\dataset_residual_era5_period\horizon_24h\sample_times.csv","data","135115","2026-05-24T19:09:31"
"data\dataset_residual_era5_period\horizon_24h\X_test.npy","data","648608","2026-05-24T19:09:31"
"data\dataset_residual_era5_period\horizon_24h\X_train.npy","data","3026144","2026-05-24T19:09:31"
"data\dataset_residual_era5_period\horizon_24h\X_val.npy","data","648608","2026-05-24T19:09:31"
"data\dataset_residual_era5_period\horizon_24h\Y_test.npy","data","648608","2026-05-24T19:09:31"
"data\dataset_residual_era5_period\horizon_24h\Y_train.npy","data","3026144","2026-05-24T19:09:31"
"data\dataset_residual_era5_period\horizon_24h\Y_val.npy","data","648608","2026-05-24T19:09:31"
"data\dataset_residual_era5_period\horizon_3h\sample_times.csv","data","135556","2026-05-24T19:09:30"
"data\dataset_residual_era5_period\horizon_3h\X_test.npy","data","651296","2026-05-24T19:09:30"
"data\dataset_residual_era5_period\horizon_3h\X_train.npy","data","3035552","2026-05-24T19:09:30"
"data\dataset_residual_era5_period\horizon_3h\X_val.npy","data","650624","2026-05-24T19:09:30"
"data\dataset_residual_era5_period\horizon_3h\Y_test.npy","data","81524","2026-05-24T19:09:30"
"data\dataset_residual_era5_period\horizon_3h\Y_train.npy","data","379556","2026-05-24T19:09:30"
"data\dataset_residual_era5_period\horizon_3h\Y_val.npy","data","81440","2026-05-24T19:09:30"
"data\dataset_residual_era5_period\horizon_6h\sample_times.csv","data","135493","2026-05-24T19:09:31"
"data\dataset_residual_era5_period\horizon_6h\X_test.npy","data","650624","2026-05-24T19:09:31"
"data\dataset_residual_era5_period\horizon_6h\X_train.npy","data","3034208","2026-05-24T19:09:31"
"data\dataset_residual_era5_period\horizon_6h\X_val.npy","data","650624","2026-05-24T19:09:31"
"data\dataset_residual_era5_period\horizon_6h\Y_test.npy","data","162752","2026-05-24T19:09:31"
"data\dataset_residual_era5_period\horizon_6h\Y_train.npy","data","758648","2026-05-24T19:09:31"
"data\dataset_residual_era5_period\horizon_6h\Y_val.npy","data","162752","2026-05-24T19:09:31"
"data\dataset_residual_era5_period\station_order.csv","data","78","2026-05-24T19:09:30"
"data\graph\adj_corr.csv","data","952","2026-05-24T20:55:05"
"data\graph\adj_corr.npy","data","324","2026-05-24T20:55:05"
"data\graph\corr_raw.csv","data","952","2026-05-24T20:55:05"
"data\processed\adj_distance.csv","data","614","2026-05-24T15:06:22"
"data\processed\adj_distance.npy","data","324","2026-05-24T15:06:22"
"data\processed\era5_station_hourly.csv","data","5465815","2026-05-24T17:53:45"
"data\processed\gebco_station_depth.csv","data","1082","2026-05-24T20:24:03"
"data\processed\residual_era5_2vars_long.csv","data","2749803","2026-05-24T17:59:33"
"data\processed\residual_era5_wave_depth_long.csv","data","3285301","2026-05-24T20:25:21"
"data\processed\residual_era5_wave_long.csv","data","3097375","2026-05-24T19:53:59"
"data\processed\residual_matrix.csv","data","906274","2026-05-24T14:29:24"
"data\processed\stations.csv","data","421","2026-05-24T15:06:22"
"data\processed\surface_currents_station_daily.csv","data","293836","2026-06-19T22:07:32"
"data\processed\tide_matrix.csv","data","547492","2026-05-24T14:29:24"
"data\processed\water_level_matrix.csv","data","547262","2026-05-24T14:29:24"
"data\processed\water_tide_residual_long.csv","data","4119617","2026-05-24T14:26:48"
"data\processed\wave_direction_speed_station_hourly.csv","data","12839708","2026-06-19T21:09:06"
"data\processed\wave_station_3hourly.csv","data","1926844","2026-05-24T19:51:50"
"data\processed\wave_station_3hourly_valid.csv","data","2495449","2026-05-24T19:53:01"
"data\processed\wave_station_hourly.csv","data","6011022","2026-05-24T19:51:50"
"data\processed\wave_station_hourly_valid.csv","data","8024120","2026-05-24T19:53:02"
"data\processed_multiyear_2023_2025\enhanced_forcing_completeness_summary.csv","data","668","2026-06-21T21:24:40"
"data\processed_multiyear_2023_2025\enhanced_forcing_download_inventory.csv","data","64836","2026-06-21T21:24:40"
"data\processed_multiyear_2023_2025\era5_station_hourly.csv","data","24070321","2026-06-21T01:10:07"
"data\processed_multiyear_2023_2025\era5_station_hourly_summary.csv","data","427","2026-06-21T01:10:07"
"data\processed_multiyear_2023_2025\multiyear_data_completeness_overview.csv","data","544","2026-06-21T01:10:26"
"data\processed_multiyear_2023_2025\ndbc_candidate_buoys_metadata.csv","data","6010","2026-06-21T21:24:39"
"data\processed_multiyear_2023_2025\ndbc_nearest_buoy_station_hourly.csv","data","5339733","2026-06-21T21:24:40"
"data\processed_multiyear_2023_2025\ndbc_stdmet_long.csv","data","2","2026-06-21T21:24:39"
"data\processed_multiyear_2023_2025\noaa_coops_met_long.csv","data","35762553","2026-06-21T21:16:57"
"data\processed_multiyear_2023_2025\noaa_coops_met_station_hourly.csv","data","16893105","2026-06-21T21:17:00"
"data\processed_multiyear_2023_2025\noaa_multiyear_residual_summary.csv","data","435","2026-06-20T22:55:48"
"data\processed_multiyear_2023_2025\residual_matrix.csv","data","3512881","2026-06-20T22:55:48"
"data\processed_multiyear_2023_2025\station_order.csv","data","418","2026-06-20T22:55:48"
"data\processed_multiyear_2023_2025\surface_currents_station_daily.csv","data","1031673","2026-06-20T23:23:05"
"data\processed_multiyear_2023_2025\surface_currents_station_daily_summary.csv","data","369","2026-06-20T23:23:05"
"data\processed_multiyear_2023_2025\tide_matrix.csv","data","1643641","2026-06-20T22:55:47"
"data\processed_multiyear_2023_2025\water_level_matrix.csv","data","1640357","2026-06-20T22:55:47"
"data\processed_multiyear_2023_2025\water_tide_residual_long.csv","data","12302740","2026-06-20T22:55:46"
"data\processed_multiyear_2023_2025\wave_direction_speed_station_3hourly.csv","data","12182236","2026-06-20T23:23:07"
"data\processed_multiyear_2023_2025\wave_direction_speed_station_3hourly_summary.csv","data","491","2026-06-20T23:23:07"
"data\raw\2025 年小时级天文潮\CO-OPS__8461490__pr.csv","data","200787","2026-05-10T14:03:32"
"data\raw\2025 年小时级天文潮\CO-OPS__8510560__pr.csv","data","200753","2026-05-10T14:03:47"
"data\raw\2025 年小时级天文潮\CO-OPS__8516945__pr.csv","data","200995","2026-05-10T14:03:53"
"data\raw\2025 年小时级天文潮\CO-OPS__8518750__pr.csv","data","200887","2026-05-10T14:00:32"
"data\raw\2025 年小时级天文潮\CO-OPS__8531680__pr.csv","data","200895","2026-05-10T14:01:40"
"data\raw\2025 年小时级天文潮\CO-OPS__8534720__pr.csv","data","200922","2026-05-10T14:03:43"
"data\raw\2025 年小时级天文潮\CO-OPS__8536110__pr.csv","data","200818","2026-05-10T14:03:39"
"data\raw\2025小时级实测水位\CO-OPS__8461490__hr.csv","data","287683","2026-05-09T18:35:00"
"data\raw\2025小时级实测水位\CO-OPS__8510560__hr.csv","data","287544","2026-05-09T18:34:19"
"data\raw\2025小时级实测水位\CO-OPS__8516945__hr.csv","data","287770","2026-05-09T18:34:12"
"data\raw\2025小时级实测水位\CO-OPS__8518750__hr.csv","data","287571","2026-05-09T18:33:40"
"data\raw\2025小时级实测水位\CO-OPS__8531680__hr.csv","data","287365","2026-05-09T18:34:04"
"data\raw\2025小时级实测水位\CO-OPS__8534720__hr.csv","data","287406","2026-05-09T18:34:41"
"data\raw\2025小时级实测水位\CO-OPS__8536110__hr.csv","data","287873","2026-05-09T18:34:54"
"data\raw\copernicus_currents\surface_currents_uo_vo_20250401_20251230_2025-04-01T00-00-00_2025-04-30T00-00-00.nc","data","509310","2026-06-19T21:59:11"
"data\raw\copernicus_currents\surface_currents_uo_vo_20250401_20251230_2025-05-01T00-00-00_2025-05-31T00-00-00.nc","data","525370","2026-06-19T21:59:40"
"data\raw\copernicus_currents\surface_currents_uo_vo_20250401_20251230_2025-06-01T00-00-00_2025-06-30T00-00-00.nc","data","509310","2026-06-19T22:00:10"
"data\raw\copernicus_currents\surface_currents_uo_vo_20250401_20251230_2025-07-01T00-00-00_2025-07-31T00-00-00.nc","data","525370","2026-06-19T22:00:36"
"data\raw\copernicus_currents\surface_currents_uo_vo_20250401_20251230_2025-08-01T00-00-00_2025-08-31T00-00-00.nc","data","525370","2026-06-19T22:01:38"
"data\raw\copernicus_currents\surface_currents_uo_vo_20250401_20251230_2025-09-01T00-00-00_2025-09-30T00-00-00.nc","data","509310","2026-06-19T22:02:01"
"data\raw\copernicus_currents\surface_currents_uo_vo_20250401_20251230_2025-10-01T00-00-00_2025-10-31T00-00-00.nc","data","525370","2026-06-19T22:02:33"
"data\raw\copernicus_currents\surface_currents_uo_vo_20250401_20251230_2025-11-01T00-00-00_2025-11-30T00-00-00.nc","data","509310","2026-06-19T22:03:20"
"data\raw\copernicus_currents\surface_currents_uo_vo_20250401_20251230_2025-12-01T00-00-00_2025-12-30T00-00-00.nc","data","509310","2026-06-19T22:03:50"
"data\raw\copernicus_currents_2023_2025\cmems_mod_glo_phy_my_0.083deg_P1D-m_20230101_20251231.nc","data","69472173","2026-06-20T23:12:21"
"data\raw\copernicus_phy_001_030_datasets.json","data","1399008","2026-06-19T21:14:10"
"data\raw\copernicus_waves_2023_2025\cmems_mod_glo_wav_my_0.2deg_PT3H-i_20230101_20251231.nc","data","411499882","2026-06-20T23:17:21"
"data\raw\ERA5_2023_2025\era5_single_levels_u10_v10_msl_202301.nc","data","2271552","2026-06-20T23:37:25"
"data\raw\ERA5_2023_2025\era5_single_levels_u10_v10_msl_202302.nc","data","2068773","2026-06-20T23:39:37"
"data\raw\ERA5_2023_2025\era5_single_levels_u10_v10_msl_202303.nc","data","2285025","2026-06-20T23:41:48"
"data\raw\ERA5_2023_2025\era5_single_levels_u10_v10_msl_202304.nc","data","2203990","2026-06-20T23:43:58"
"data\raw\ERA5_2023_2025\era5_single_levels_u10_v10_msl_202305.nc","data","2262355","2026-06-20T23:46:06"
"data\raw\ERA5_2023_2025\era5_single_levels_u10_v10_msl_202306.nc","data","2207698","2026-06-20T23:48:18"
"data\raw\ERA5_2023_2025\era5_single_levels_u10_v10_msl_202307.nc","data","2262577","2026-06-20T23:51:28"
"data\raw\ERA5_2023_2025\era5_single_levels_u10_v10_msl_202308.nc","data","2265617","2026-06-20T23:53:37"
"data\raw\ERA5_2023_2025\era5_single_levels_u10_v10_msl_202309.nc","data","2194762","2026-06-20T23:55:45"
"data\raw\ERA5_2023_2025\era5_single_levels_u10_v10_msl_202310.nc","data","2243811","2026-06-20T23:57:57"
"data\raw\ERA5_2023_2025\era5_single_levels_u10_v10_msl_202311.nc","data","2185037","2026-06-21T00:00:05"
"data\raw\ERA5_2023_2025\era5_single_levels_u10_v10_msl_202312.nc","data","2259548","2026-06-21T00:02:13"
"data\raw\ERA5_2023_2025\era5_single_levels_u10_v10_msl_202401.nc","data","2268538","2026-06-21T00:05:20"
"data\raw\ERA5_2023_2025\era5_single_levels_u10_v10_msl_202402.nc","data","2113397","2026-06-21T00:08:27"
"data\raw\ERA5_2023_2025\era5_single_levels_u10_v10_msl_202403.nc","data","2294713","2026-06-21T00:11:35"
"data\raw\ERA5_2023_2025\era5_single_levels_u10_v10_msl_202404.nc","data","2215146","2026-06-21T00:13:42"
"data\raw\ERA5_2023_2025\era5_single_levels_u10_v10_msl_202405.nc","data","2272312","2026-06-21T00:16:50"
"data\raw\ERA5_2023_2025\era5_single_levels_u10_v10_msl_202406.nc","data","2193658","2026-06-21T00:19:01"
"data\raw\ERA5_2023_2025\era5_single_levels_u10_v10_msl_202407.nc","data","2273919","2026-06-21T00:22:06"
"data\raw\ERA5_2023_2025\era5_single_levels_u10_v10_msl_202408.nc","data","2249112","2026-06-21T00:25:12"
"data\raw\ERA5_2023_2025\era5_single_levels_u10_v10_msl_202409.nc","data","2169061","2026-06-21T00:27:20"
"data\raw\ERA5_2023_2025\era5_single_levels_u10_v10_msl_202410.nc","data","2244203","2026-06-21T00:29:33"
"data\raw\ERA5_2023_2025\era5_single_levels_u10_v10_msl_202411.nc","data","2173885","2026-06-21T00:34:08"
"data\raw\ERA5_2023_2025\era5_single_levels_u10_v10_msl_202412.nc","data","2254151","2026-06-21T00:37:15"
"data\raw\ERA5_2023_2025\era5_single_levels_u10_v10_msl_202501.nc","data","2245405","2026-06-21T00:39:22"
"data\raw\ERA5_2023_2025\era5_single_levels_u10_v10_msl_202502.nc","data","2049863","2026-06-21T00:42:30"
"data\raw\ERA5_2023_2025\era5_single_levels_u10_v10_msl_202503.nc","data","2281492","2026-06-21T00:45:40"
"data\raw\ERA5_2023_2025\era5_single_levels_u10_v10_msl_202504.nc","data","2203551","2026-06-21T00:47:52"
"data\raw\ERA5_2023_2025\era5_single_levels_u10_v10_msl_202505.nc","data","2274746","2026-06-21T00:50:00"
"data\raw\ERA5_2023_2025\era5_single_levels_u10_v10_msl_202506.nc","data","2170344","2026-06-21T00:52:09"
"data\raw\ERA5_2023_2025\era5_single_levels_u10_v10_msl_202507.nc","data","2244598","2026-06-21T00:54:18"
"data\raw\ERA5_2023_2025\era5_single_levels_u10_v10_msl_202508.nc","data","2246571","2026-06-21T00:56:33"
"data\raw\ERA5_2023_2025\era5_single_levels_u10_v10_msl_202509.nc","data","2172433","2026-06-21T00:59:50"
"data\raw\ERA5_2023_2025\era5_single_levels_u10_v10_msl_202510.nc","data","2248421","2026-06-21T01:02:56"
"data\raw\ERA5_2023_2025\era5_single_levels_u10_v10_msl_202511.nc","data","2187415","2026-06-21T01:06:05"
"data\raw\ERA5_2023_2025\era5_single_levels_u10_v10_msl_202512.nc","data","2273430","2026-06-21T01:08:18"
"data\raw\ERA5气象强迫数据.zip","data","19203210","2026-05-10T15:00:09"
"data\raw\ERA5气象强迫数据\data_stream-oper_stepType-instant.nc","data","19200110","2026-05-24T17:46:42"
"data\raw\GEBCO 水深  海底地形.zip","data","3548104","2026-05-10T14:48:57"
"data\raw\GEBCO_gebco_unzip\gebco_2025_n42.5_s38.0_w-76.0_e-70.0.nc","data","3135768","2026-05-24T20:23:03"
"data\raw\GEBCO_gebco_unzip\GEBCO_Grid_documentation.pdf","data","266395","2026-05-24T20:23:03"
"data\raw\GEBCO_gebco_unzip\GEBCO_Grid_terms_of_use.pdf","data","145503","2026-05-24T20:23:03"
"data\raw\multiyear_raw_data_inventory.csv","data","2229","2026-06-20T22:53:54"
"data\raw\NOAA_hourly_tide_predictions_2023_2025\CO-OPS__8461490__pr_2023_2025.csv","data","602829","2026-06-20T22:39:47"
"data\raw\NOAA_hourly_tide_predictions_2023_2025\CO-OPS__8510560__pr_2023_2025.csv","data","602808","2026-06-20T22:41:13"
"data\raw\NOAA_hourly_tide_predictions_2023_2025\CO-OPS__8516945__pr_2023_2025.csv","data","603400","2026-06-20T22:42:37"
"data\raw\NOAA_hourly_tide_predictions_2023_2025\CO-OPS__8518750__pr_2023_2025.csv","data","603151","2026-06-20T22:43:58"
"data\raw\NOAA_hourly_tide_predictions_2023_2025\CO-OPS__8531680__pr_2023_2025.csv","data","603179","2026-06-20T22:45:16"
"data\raw\NOAA_hourly_tide_predictions_2023_2025\CO-OPS__8534720__pr_2023_2025.csv","data","603188","2026-06-20T22:46:38"
"data\raw\NOAA_hourly_tide_predictions_2023_2025\CO-OPS__8536110__pr_2023_2025.csv","data","602966","2026-06-20T22:47:57"
"data\raw\NOAA_hourly_water_level_2023_2025\CO-OPS__8461490__hr_2023_2025.csv","data","863325","2026-06-20T22:39:06"
"data\raw\NOAA_hourly_water_level_2023_2025\CO-OPS__8510560__hr_2023_2025.csv","data","863037","2026-06-20T22:40:29"
"data\raw\NOAA_hourly_water_level_2023_2025\CO-OPS__8516945__hr_2023_2025.csv","data","863449","2026-06-20T22:41:55"
"data\raw\NOAA_hourly_water_level_2023_2025\CO-OPS__8518750__hr_2023_2025.csv","data","863048","2026-06-20T22:43:17"
"data\raw\NOAA_hourly_water_level_2023_2025\CO-OPS__8531680__hr_2023_2025.csv","data","862267","2026-06-20T22:44:37"
"data\raw\NOAA_hourly_water_level_2023_2025\CO-OPS__8534720__hr_2023_2025.csv","data","862638","2026-06-20T22:45:56"
"data\raw\NOAA_hourly_water_level_2023_2025\CO-OPS__8536110__hr_2023_2025.csv","data","864004","2026-06-20T22:47:18"
"data\raw\NOAA_multiyear_2023_2025_inventory.csv","data","754","2026-06-20T22:48:28"
"data\raw\NOAA_NDBC_enhanced_forcing_2023_2025\coops\COOPS__8461490__air_pressure__2023.csv","data","262270","2026-06-21T21:13:51"
"data\raw\NOAA_NDBC_enhanced_forcing_2023_2025\coops\COOPS__8461490__air_pressure__2024.csv","data","262973","2026-06-21T21:13:53"
"data\raw\NOAA_NDBC_enhanced_forcing_2023_2025\coops\COOPS__8461490__air_pressure__2025.csv","data","262283","2026-06-21T21:13:56"
"data\raw\NOAA_NDBC_enhanced_forcing_2023_2025\coops\COOPS__8461490__air_temperature__2023.csv","data","241861","2026-06-21T21:13:58"
"data\raw\NOAA_NDBC_enhanced_forcing_2023_2025\coops\COOPS__8461490__air_temperature__2024.csv","data","242960","2026-06-21T21:14:02"
"data\raw\NOAA_NDBC_enhanced_forcing_2023_2025\coops\COOPS__8461490__air_temperature__2025.csv","data","242602","2026-06-21T21:14:05"
"data\raw\NOAA_NDBC_enhanced_forcing_2023_2025\coops\COOPS__8461490__water_temperature__2023.csv","data","241877","2026-06-21T21:14:07"
"data\raw\NOAA_NDBC_enhanced_forcing_2023_2025\coops\COOPS__8461490__water_temperature__2024.csv","data","238296","2026-06-21T21:14:09"
"data\raw\NOAA_NDBC_enhanced_forcing_2023_2025\coops\COOPS__8461490__water_temperature__2025.csv","data","241518","2026-06-21T21:14:12"
"data\raw\NOAA_NDBC_enhanced_forcing_2023_2025\coops\COOPS__8461490__wind__2023.csv","data","148","2026-06-21T21:13:47"
"data\raw\NOAA_NDBC_enhanced_forcing_2023_2025\coops\COOPS__8461490__wind__2024.csv","data","148","2026-06-21T21:13:48"
"data\raw\NOAA_NDBC_enhanced_forcing_2023_2025\coops\COOPS__8461490__wind__2025.csv","data","148","2026-06-21T21:13:49"
"data\raw\NOAA_NDBC_enhanced_forcing_2023_2025\coops\COOPS__8510560__air_pressure__2023.csv","data","262407","2026-06-21T21:14:17"
"data\raw\NOAA_NDBC_enhanced_forcing_2023_2025\coops\COOPS__8510560__air_pressure__2024.csv","data","263084","2026-06-21T21:14:20"
"data\raw\NOAA_NDBC_enhanced_forcing_2023_2025\coops\COOPS__8510560__air_pressure__2025.csv","data","262260","2026-06-21T21:14:23"
"data\raw\NOAA_NDBC_enhanced_forcing_2023_2025\coops\COOPS__8510560__air_temperature__2023.csv","data","241731","2026-06-21T21:14:25"
"data\raw\NOAA_NDBC_enhanced_forcing_2023_2025\coops\COOPS__8510560__air_temperature__2024.csv","data","242668","2026-06-21T21:14:27"
"data\raw\NOAA_NDBC_enhanced_forcing_2023_2025\coops\COOPS__8510560__air_temperature__2025.csv","data","242435","2026-06-21T21:14:30"
"data\raw\NOAA_NDBC_enhanced_forcing_2023_2025\coops\COOPS__8510560__water_temperature__2023.csv","data","241576","2026-06-21T21:14:33"
"data\raw\NOAA_NDBC_enhanced_forcing_2023_2025\coops\COOPS__8510560__water_temperature__2024.csv","data","242167","2026-06-21T21:14:35"
"data\raw\NOAA_NDBC_enhanced_forcing_2023_2025\coops\COOPS__8510560__water_temperature__2025.csv","data","238150","2026-06-21T21:14:38"
"data\raw\NOAA_NDBC_enhanced_forcing_2023_2025\coops\COOPS__8510560__wind__2023.csv","data","148","2026-06-21T21:14:13"
"data\raw\NOAA_NDBC_enhanced_forcing_2023_2025\coops\COOPS__8510560__wind__2024.csv","data","148","2026-06-21T21:14:14"
"data\raw\NOAA_NDBC_enhanced_forcing_2023_2025\coops\COOPS__8510560__wind__2025.csv","data","148","2026-06-21T21:14:15"
"data\raw\NOAA_NDBC_enhanced_forcing_2023_2025\coops\COOPS__8516945__air_pressure__2023.csv","data","262538","2026-06-21T21:14:49"
"data\raw\NOAA_NDBC_enhanced_forcing_2023_2025\coops\COOPS__8516945__air_pressure__2024.csv","data","263132","2026-06-21T21:14:51"
"data\raw\NOAA_NDBC_enhanced_forcing_2023_2025\coops\COOPS__8516945__air_pressure__2025.csv","data","262571","2026-06-21T21:14:54"
"data\raw\NOAA_NDBC_enhanced_forcing_2023_2025\coops\COOPS__8516945__air_temperature__2023.csv","data","242066","2026-06-21T21:14:56"
"data\raw\NOAA_NDBC_enhanced_forcing_2023_2025\coops\COOPS__8516945__air_temperature__2024.csv","data","242995","2026-06-21T21:14:58"
"data\raw\NOAA_NDBC_enhanced_forcing_2023_2025\coops\COOPS__8516945__air_temperature__2025.csv","data","242722","2026-06-21T21:15:01"
"data\raw\NOAA_NDBC_enhanced_forcing_2023_2025\coops\COOPS__8516945__water_temperature__2023.csv","data","241997","2026-06-21T21:15:03"
"data\raw\NOAA_NDBC_enhanced_forcing_2023_2025\coops\COOPS__8516945__water_temperature__2024.csv","data","238685","2026-06-21T21:15:05"
"data\raw\NOAA_NDBC_enhanced_forcing_2023_2025\coops\COOPS__8516945__water_temperature__2025.csv","data","241552","2026-06-21T21:15:08"
"data\raw\NOAA_NDBC_enhanced_forcing_2023_2025\coops\COOPS__8516945__wind__2023.csv","data","333058","2026-06-21T21:14:41"
"data\raw\NOAA_NDBC_enhanced_forcing_2023_2025\coops\COOPS__8516945__wind__2024.csv","data","334113","2026-06-21T21:14:43"
"data\raw\NOAA_NDBC_enhanced_forcing_2023_2025\coops\COOPS__8516945__wind__2025.csv","data","334212","2026-06-21T21:14:47"
"data\raw\NOAA_NDBC_enhanced_forcing_2023_2025\coops\COOPS__8518750__air_pressure__2023.csv","data","262582","2026-06-21T21:15:13"
"data\raw\NOAA_NDBC_enhanced_forcing_2023_2025\coops\COOPS__8518750__air_pressure__2024.csv","data","263173","2026-06-21T21:15:15"
"data\raw\NOAA_NDBC_enhanced_forcing_2023_2025\coops\COOPS__8518750__air_pressure__2025.csv","data","262407","2026-06-21T21:15:17"
"data\raw\NOAA_NDBC_enhanced_forcing_2023_2025\coops\COOPS__8518750__air_temperature__2023.csv","data","242325","2026-06-21T21:15:20"
"data\raw\NOAA_NDBC_enhanced_forcing_2023_2025\coops\COOPS__8518750__air_temperature__2024.csv","data","243189","2026-06-21T21:15:22"
"data\raw\NOAA_NDBC_enhanced_forcing_2023_2025\coops\COOPS__8518750__air_temperature__2025.csv","data","242818","2026-06-21T21:15:25"
"data\raw\NOAA_NDBC_enhanced_forcing_2023_2025\coops\COOPS__8518750__water_temperature__2023.csv","data","242033","2026-06-21T21:15:27"
"data\raw\NOAA_NDBC_enhanced_forcing_2023_2025\coops\COOPS__8518750__water_temperature__2024.csv","data","242590","2026-06-21T21:15:29"
"data\raw\NOAA_NDBC_enhanced_forcing_2023_2025\coops\COOPS__8518750__water_temperature__2025.csv","data","241787","2026-06-21T21:15:31"
"data\raw\NOAA_NDBC_enhanced_forcing_2023_2025\coops\COOPS__8518750__wind__2023.csv","data","148","2026-06-21T21:15:09"
"data\raw\NOAA_NDBC_enhanced_forcing_2023_2025\coops\COOPS__8518750__wind__2024.csv","data","148","2026-06-21T21:15:09"
"data\raw\NOAA_NDBC_enhanced_forcing_2023_2025\coops\COOPS__8518750__wind__2025.csv","data","148","2026-06-21T21:15:10"
"data\raw\NOAA_NDBC_enhanced_forcing_2023_2025\coops\COOPS__8531680__air_pressure__2023.csv","data","262264","2026-06-21T21:15:42"
"data\raw\NOAA_NDBC_enhanced_forcing_2023_2025\coops\COOPS__8531680__air_pressure__2024.csv","data","262863","2026-06-21T21:15:44"
"data\raw\NOAA_NDBC_enhanced_forcing_2023_2025\coops\COOPS__8531680__air_pressure__2025.csv","data","262591","2026-06-21T21:15:46"
"data\raw\NOAA_NDBC_enhanced_forcing_2023_2025\coops\COOPS__8531680__air_temperature__2023.csv","data","241925","2026-06-21T21:15:49"
"data\raw\NOAA_NDBC_enhanced_forcing_2023_2025\coops\COOPS__8531680__air_temperature__2024.csv","data","242944","2026-06-21T21:15:51"
"data\raw\NOAA_NDBC_enhanced_forcing_2023_2025\coops\COOPS__8531680__air_temperature__2025.csv","data","242701","2026-06-21T21:15:53"
"data\raw\NOAA_NDBC_enhanced_forcing_2023_2025\coops\COOPS__8531680__water_temperature__2023.csv","data","241854","2026-06-21T21:15:56"
"data\raw\NOAA_NDBC_enhanced_forcing_2023_2025\coops\COOPS__8531680__water_temperature__2024.csv","data","242558","2026-06-21T21:15:58"
"data\raw\NOAA_NDBC_enhanced_forcing_2023_2025\coops\COOPS__8531680__water_temperature__2025.csv","data","241891","2026-06-21T21:16:00"
"data\raw\NOAA_NDBC_enhanced_forcing_2023_2025\coops\COOPS__8531680__wind__2023.csv","data","333089","2026-06-21T21:15:34"
"data\raw\NOAA_NDBC_enhanced_forcing_2023_2025\coops\COOPS__8531680__wind__2024.csv","data","335599","2026-06-21T21:15:36"
"data\raw\NOAA_NDBC_enhanced_forcing_2023_2025\coops\COOPS__8531680__wind__2025.csv","data","336213","2026-06-21T21:15:39"
"data\raw\NOAA_NDBC_enhanced_forcing_2023_2025\coops\COOPS__8534720__air_pressure__2023.csv","data","262496","2026-06-21T21:16:05"
"data\raw\NOAA_NDBC_enhanced_forcing_2023_2025\coops\COOPS__8534720__air_pressure__2024.csv","data","263231","2026-06-21T21:16:07"
"data\raw\NOAA_NDBC_enhanced_forcing_2023_2025\coops\COOPS__8534720__air_pressure__2025.csv","data","262525","2026-06-21T21:16:09"
"data\raw\NOAA_NDBC_enhanced_forcing_2023_2025\coops\COOPS__8534720__air_temperature__2023.csv","data","242355","2026-06-21T21:16:12"
"data\raw\NOAA_NDBC_enhanced_forcing_2023_2025\coops\COOPS__8534720__air_temperature__2024.csv","data","243067","2026-06-21T21:16:14"
"data\raw\NOAA_NDBC_enhanced_forcing_2023_2025\coops\COOPS__8534720__air_temperature__2025.csv","data","242664","2026-06-21T21:16:16"
"data\raw\NOAA_NDBC_enhanced_forcing_2023_2025\coops\COOPS__8534720__water_temperature__2023.csv","data","242253","2026-06-21T21:16:19"
"data\raw\NOAA_NDBC_enhanced_forcing_2023_2025\coops\COOPS__8534720__water_temperature__2024.csv","data","242716","2026-06-21T21:16:21"
"data\raw\NOAA_NDBC_enhanced_forcing_2023_2025\coops\COOPS__8534720__water_temperature__2025.csv","data","241865","2026-06-21T21:16:23"
"data\raw\NOAA_NDBC_enhanced_forcing_2023_2025\coops\COOPS__8534720__wind__2023.csv","data","148","2026-06-21T21:16:01"
"data\raw\NOAA_NDBC_enhanced_forcing_2023_2025\coops\COOPS__8534720__wind__2024.csv","data","148","2026-06-21T21:16:02"
"data\raw\NOAA_NDBC_enhanced_forcing_2023_2025\coops\COOPS__8534720__wind__2025.csv","data","148","2026-06-21T21:16:03"
"data\raw\NOAA_NDBC_enhanced_forcing_2023_2025\coops\COOPS__8536110__air_pressure__2023.csv","data","262647","2026-06-21T21:16:34"
"data\raw\NOAA_NDBC_enhanced_forcing_2023_2025\coops\COOPS__8536110__air_pressure__2024.csv","data","263144","2026-06-21T21:16:36"
"data\raw\NOAA_NDBC_enhanced_forcing_2023_2025\coops\COOPS__8536110__air_pressure__2025.csv","data","262652","2026-06-21T21:16:38"
"data\raw\NOAA_NDBC_enhanced_forcing_2023_2025\coops\COOPS__8536110__air_temperature__2023.csv","data","242471","2026-06-21T21:16:41"
"data\raw\NOAA_NDBC_enhanced_forcing_2023_2025\coops\COOPS__8536110__air_temperature__2024.csv","data","243165","2026-06-21T21:16:43"
"data\raw\NOAA_NDBC_enhanced_forcing_2023_2025\coops\COOPS__8536110__air_temperature__2025.csv","data","242793","2026-06-21T21:16:45"
"data\raw\NOAA_NDBC_enhanced_forcing_2023_2025\coops\COOPS__8536110__water_temperature__2023.csv","data","211233","2026-06-21T21:16:47"
"data\raw\NOAA_NDBC_enhanced_forcing_2023_2025\coops\COOPS__8536110__water_temperature__2024.csv","data","239442","2026-06-21T21:16:50"
"data\raw\NOAA_NDBC_enhanced_forcing_2023_2025\coops\COOPS__8536110__water_temperature__2025.csv","data","242421","2026-06-21T21:16:52"
"data\raw\NOAA_NDBC_enhanced_forcing_2023_2025\coops\COOPS__8536110__wind__2023.csv","data","334268","2026-06-21T21:16:26"
"data\raw\NOAA_NDBC_enhanced_forcing_2023_2025\coops\COOPS__8536110__wind__2024.csv","data","334453","2026-06-21T21:16:28"
"data\raw\NOAA_NDBC_enhanced_forcing_2023_2025\coops\COOPS__8536110__wind__2025.csv","data","334440","2026-06-21T21:16:31"
"data\raw\NOAA_NDBC_enhanced_forcing_2023_2025\ndbc_activestations.xml","data","274171","2026-06-21T21:17:03"
"data\raw\NOAA_NDBC_enhanced_forcing_2023_2025\ndbc_stdmet\44009h2023.txt.gz","data","720602","2026-06-21T21:17:10"
"data\raw\NOAA_NDBC_enhanced_forcing_2023_2025\ndbc_stdmet\44009h2024.txt.gz","data","774747","2026-06-21T21:17:14"
"data\raw\NOAA_NDBC_enhanced_forcing_2023_2025\ndbc_stdmet\44009h2025.txt.gz","data","740612","2026-06-21T21:17:19"
"data\raw\NOAA_NDBC_enhanced_forcing_2023_2025\ndbc_stdmet\44017h2023.txt.gz","data","44723","2026-06-21T21:17:22"
"data\raw\NOAA_NDBC_enhanced_forcing_2023_2025\ndbc_stdmet\44022h2023.txt.gz","data","212172","2026-06-21T21:17:24"
"data\raw\NOAA_NDBC_enhanced_forcing_2023_2025\ndbc_stdmet\44022h2024.txt.gz","data","135556","2026-06-21T21:17:27"
"data\raw\NOAA_NDBC_enhanced_forcing_2023_2025\ndbc_stdmet\44025h2023.txt.gz","data","495648","2026-06-21T21:17:30"
"data\raw\NOAA_NDBC_enhanced_forcing_2023_2025\ndbc_stdmet\44025h2024.txt.gz","data","503101","2026-06-21T21:17:34"
"data\raw\NOAA_NDBC_enhanced_forcing_2023_2025\ndbc_stdmet\44025h2025.txt.gz","data","697114","2026-06-21T21:17:37"
"data\raw\NOAA_NDBC_enhanced_forcing_2023_2025\ndbc_stdmet\44039h2023.txt.gz","data","87588","2026-06-21T21:17:40"
"data\raw\NOAA_NDBC_enhanced_forcing_2023_2025\ndbc_stdmet\44039h2024.txt.gz","data","12674","2026-06-21T21:17:42"
"data\raw\NOAA_NDBC_enhanced_forcing_2023_2025\ndbc_stdmet\44040h2023.txt.gz","data","42942","2026-06-21T21:17:43"
"data\raw\NOAA_NDBC_enhanced_forcing_2023_2025\ndbc_stdmet\44065h2023.txt.gz","data","605618","2026-06-21T21:17:46"
"data\raw\NOAA_NDBC_enhanced_forcing_2023_2025\ndbc_stdmet\44065h2024.txt.gz","data","572293","2026-06-21T21:17:50"
"data\raw\NOAA_NDBC_enhanced_forcing_2023_2025\ndbc_stdmet\44065h2025.txt.gz","data","799630","2026-06-21T21:17:54"
"data\raw\NOAA_NDBC_enhanced_forcing_2023_2025\ndbc_stdmet\44066h2023.txt.gz","data","533417","2026-06-21T21:17:58"
"data\raw\NOAA_NDBC_enhanced_forcing_2023_2025\ndbc_stdmet\44069h2023.txt.gz","data","105677","2026-06-21T21:18:01"
"data\raw\NOAA_NDBC_enhanced_forcing_2023_2025\ndbc_stdmet\44069h2024.txt.gz","data","12641","2026-06-21T21:18:03"
"data\raw\NOAA_NDBC_enhanced_forcing_2023_2025\ndbc_stdmet\44084h2023.txt.gz","data","187421","2026-06-21T21:18:04"
"data\raw\NOAA_NDBC_enhanced_forcing_2023_2025\ndbc_stdmet\44084h2024.txt.gz","data","189578","2026-06-21T21:18:06"
"data\raw\NOAA_NDBC_enhanced_forcing_2023_2025\ndbc_stdmet\44084h2025.txt.gz","data","188117","2026-06-21T21:18:08"
"data\raw\NOAA_NDBC_enhanced_forcing_2023_2025\ndbc_stdmet\44085h2023.txt.gz","data","202400","2026-06-21T21:18:10"
"data\raw\NOAA_NDBC_enhanced_forcing_2023_2025\ndbc_stdmet\44085h2024.txt.gz","data","209351","2026-06-21T21:18:12"
"data\raw\NOAA_NDBC_enhanced_forcing_2023_2025\ndbc_stdmet\44085h2025.txt.gz","data","222588","2026-06-21T21:18:14"
"data\raw\NOAA_NDBC_enhanced_forcing_2023_2025\ndbc_stdmet\44091h2023.txt.gz","data","188490","2026-06-21T21:18:16"
"data\raw\NOAA_NDBC_enhanced_forcing_2023_2025\ndbc_stdmet\44091h2024.txt.gz","data","186936","2026-06-21T21:18:18"
"data\raw\NOAA_NDBC_enhanced_forcing_2023_2025\ndbc_stdmet\44091h2025.txt.gz","data","205227","2026-06-21T21:18:20"
"data\raw\NOAA_NDBC_enhanced_forcing_2023_2025\ndbc_stdmet\44097h2023.txt.gz","data","188825","2026-06-21T21:18:22"
"data\raw\NOAA_NDBC_enhanced_forcing_2023_2025\ndbc_stdmet\44097h2024.txt.gz","data","186713","2026-06-21T21:18:24"
"data\raw\NOAA_NDBC_enhanced_forcing_2023_2025\ndbc_stdmet\44097h2025.txt.gz","data","188452","2026-06-21T21:18:26"
"data\raw\NOAA_NDBC_enhanced_forcing_2023_2025\ndbc_stdmet\acyn4h2023.txt.gz","data","530247","2026-06-21T21:18:29"
"data\raw\NOAA_NDBC_enhanced_forcing_2023_2025\ndbc_stdmet\acyn4h2024.txt.gz","data","532863","2026-06-21T21:18:32"
"data\raw\NOAA_NDBC_enhanced_forcing_2023_2025\ndbc_stdmet\acyn4h2025.txt.gz","data","527043","2026-06-21T21:18:36"
"data\raw\NOAA_NDBC_enhanced_forcing_2023_2025\ndbc_stdmet\batn6h2023.txt.gz","data","565892","2026-06-21T21:18:40"
"data\raw\NOAA_NDBC_enhanced_forcing_2023_2025\ndbc_stdmet\batn6h2024.txt.gz","data","551690","2026-06-21T21:18:44"
"data\raw\NOAA_NDBC_enhanced_forcing_2023_2025\ndbc_stdmet\batn6h2025.txt.gz","data","541333","2026-06-21T21:18:47"
"data\raw\NOAA_NDBC_enhanced_forcing_2023_2025\ndbc_stdmet\bdrn4h2023.txt.gz","data","946610","2026-06-21T21:18:51"
"data\raw\NOAA_NDBC_enhanced_forcing_2023_2025\ndbc_stdmet\bdrn4h2024.txt.gz","data","943511","2026-06-21T21:18:55"
"data\raw\NOAA_NDBC_enhanced_forcing_2023_2025\ndbc_stdmet\bdrn4h2025.txt.gz","data","939541","2026-06-21T21:18:59"
"data\raw\NOAA_NDBC_enhanced_forcing_2023_2025\ndbc_stdmet\bdsp1h2023.txt.gz","data","586522","2026-06-21T21:19:03"
"data\raw\NOAA_NDBC_enhanced_forcing_2023_2025\ndbc_stdmet\bdsp1h2024.txt.gz","data","567958","2026-06-21T21:19:07"
"data\raw\NOAA_NDBC_enhanced_forcing_2023_2025\ndbc_stdmet\bdsp1h2025.txt.gz","data","558249","2026-06-21T21:19:11"
"data\raw\NOAA_NDBC_enhanced_forcing_2023_2025\ndbc_stdmet\bhbm3h2023.txt.gz","data","507588","2026-06-21T21:19:16"
"data\raw\NOAA_NDBC_enhanced_forcing_2023_2025\ndbc_stdmet\bhbm3h2024.txt.gz","data","503569","2026-06-21T21:19:20"
"data\raw\NOAA_NDBC_enhanced_forcing_2023_2025\ndbc_stdmet\bhbm3h2025.txt.gz","data","505198","2026-06-21T21:19:24"
"data\raw\NOAA_NDBC_enhanced_forcing_2023_2025\ndbc_stdmet\bltm3h2023.txt.gz","data","936307","2026-06-21T21:19:28"
"data\raw\NOAA_NDBC_enhanced_forcing_2023_2025\ndbc_stdmet\bltm3h2024.txt.gz","data","905140","2026-06-21T21:19:32"
"data\raw\NOAA_NDBC_enhanced_forcing_2023_2025\ndbc_stdmet\bltm3h2025.txt.gz","data","913626","2026-06-21T21:19:36"
"data\raw\NOAA_NDBC_enhanced_forcing_2023_2025\ndbc_stdmet\brhc3h2023.txt.gz","data","977915","2026-06-21T21:19:40"
"data\raw\NOAA_NDBC_enhanced_forcing_2023_2025\ndbc_stdmet\brhc3h2024.txt.gz","data","967287","2026-06-21T21:19:44"
"data\raw\NOAA_NDBC_enhanced_forcing_2023_2025\ndbc_stdmet\brhc3h2025.txt.gz","data","939553","2026-06-21T21:19:48"
"data\raw\NOAA_NDBC_enhanced_forcing_2023_2025\ndbc_stdmet\brnd1h2023.txt.gz","data","432034","2026-06-21T21:19:52"
"data\raw\NOAA_NDBC_enhanced_forcing_2023_2025\ndbc_stdmet\brnd1h2024.txt.gz","data","728868","2026-06-21T21:19:56"
"data\raw\NOAA_NDBC_enhanced_forcing_2023_2025\ndbc_stdmet\brnd1h2025.txt.gz","data","898054","2026-06-21T21:19:59"
"data\raw\NOAA_NDBC_enhanced_forcing_2023_2025\ndbc_stdmet\buzm3h2023.txt.gz","data","106090","2026-06-21T21:20:02"
"data\raw\NOAA_NDBC_enhanced_forcing_2023_2025\ndbc_stdmet\buzm3h2024.txt.gz","data","107002","2026-06-21T21:20:04"
"data\raw\NOAA_NDBC_enhanced_forcing_2023_2025\ndbc_stdmet\buzm3h2025.txt.gz","data","96133","2026-06-21T21:20:05"
"data\raw\NOAA_NDBC_enhanced_forcing_2023_2025\ndbc_stdmet\chcm2h2023.txt.gz","data","979383","2026-06-21T21:20:08"
"data\raw\NOAA_NDBC_enhanced_forcing_2023_2025\ndbc_stdmet\chcm2h2024.txt.gz","data","969100","2026-06-21T21:20:11"
"data\raw\NOAA_NDBC_enhanced_forcing_2023_2025\ndbc_stdmet\chcm2h2025.txt.gz","data","944624","2026-06-21T21:20:14"
"data\raw\NOAA_NDBC_enhanced_forcing_2023_2025\ndbc_stdmet\cman4h2023.txt.gz","data","934942","2026-06-21T21:20:18"
"data\raw\NOAA_NDBC_enhanced_forcing_2023_2025\ndbc_stdmet\cman4h2024.txt.gz","data","963302","2026-06-21T21:20:21"
"data\raw\NOAA_NDBC_enhanced_forcing_2023_2025\ndbc_stdmet\cman4h2025.txt.gz","data","949285","2026-06-21T21:20:24"
"data\raw\NOAA_NDBC_enhanced_forcing_2023_2025\ndbc_stdmet\cptr1h2023.txt.gz","data","900927","2026-06-21T21:20:28"
"data\raw\NOAA_NDBC_enhanced_forcing_2023_2025\ndbc_stdmet\cptr1h2024.txt.gz","data","992493","2026-06-21T21:20:31"
"data\raw\NOAA_NDBC_enhanced_forcing_2023_2025\ndbc_stdmet\cptr1h2025.txt.gz","data","978208","2026-06-21T21:20:34"
"data\raw\NOAA_NDBC_enhanced_forcing_2023_2025\ndbc_stdmet\cxhn6h2025.txt.gz","data","412859","2026-06-21T21:20:37"
"data\raw\NOAA_NDBC_enhanced_forcing_2023_2025\ndbc_stdmet\deld1h2023.txt.gz","data","894732","2026-06-21T21:20:40"
"data\raw\NOAA_NDBC_enhanced_forcing_2023_2025\ndbc_stdmet\deld1h2024.txt.gz","data","936504","2026-06-21T21:20:43"
"data\raw\NOAA_NDBC_enhanced_forcing_2023_2025\ndbc_stdmet\deld1h2025.txt.gz","data","921762","2026-06-21T21:20:46"
"data\raw\NOAA_NDBC_enhanced_forcing_2023_2025\ndbc_stdmet\foxr1h2023.txt.gz","data","988257","2026-06-21T21:20:50"
"data\raw\NOAA_NDBC_enhanced_forcing_2023_2025\ndbc_stdmet\foxr1h2024.txt.gz","data","983679","2026-06-21T21:20:53"
"data\raw\NOAA_NDBC_enhanced_forcing_2023_2025\ndbc_stdmet\foxr1h2025.txt.gz","data","972198","2026-06-21T21:20:56"
"data\raw\NOAA_NDBC_enhanced_forcing_2023_2025\ndbc_stdmet\frvm3h2023.txt.gz","data","563991","2026-06-21T21:21:00"
"data\raw\NOAA_NDBC_enhanced_forcing_2023_2025\ndbc_stdmet\frvm3h2024.txt.gz","data","559550","2026-06-21T21:21:03"
"data\raw\NOAA_NDBC_enhanced_forcing_2023_2025\ndbc_stdmet\frvm3h2025.txt.gz","data","553215","2026-06-21T21:21:06"
"data\raw\NOAA_NDBC_enhanced_forcing_2023_2025\ndbc_stdmet\frxm3h2023.txt.gz","data","500989","2026-06-21T21:21:09"
"data\raw\NOAA_NDBC_enhanced_forcing_2023_2025\ndbc_stdmet\frxm3h2024.txt.gz","data","481824","2026-06-21T21:21:12"
"data\raw\NOAA_NDBC_enhanced_forcing_2023_2025\ndbc_stdmet\frxm3h2025.txt.gz","data","515513","2026-06-21T21:21:15"
"data\raw\NOAA_NDBC_enhanced_forcing_2023_2025\ndbc_stdmet\kptn6h2023.txt.gz","data","980570","2026-06-21T21:21:18"
"data\raw\NOAA_NDBC_enhanced_forcing_2023_2025\ndbc_stdmet\kptn6h2024.txt.gz","data","977630","2026-06-21T21:21:21"
"data\raw\NOAA_NDBC_enhanced_forcing_2023_2025\ndbc_stdmet\kptn6h2025.txt.gz","data","974161","2026-06-21T21:21:25"
"data\raw\NOAA_NDBC_enhanced_forcing_2023_2025\ndbc_stdmet\ldlc3h2023.txt.gz","data","156606","2026-06-21T21:21:27"
"data\raw\NOAA_NDBC_enhanced_forcing_2023_2025\ndbc_stdmet\ldlc3h2024.txt.gz","data","95519","2026-06-21T21:21:29"
"data\raw\NOAA_NDBC_enhanced_forcing_2023_2025\ndbc_stdmet\lwsd1h2023.txt.gz","data","970833","2026-06-21T21:21:31"
"data\raw\NOAA_NDBC_enhanced_forcing_2023_2025\ndbc_stdmet\lwsd1h2024.txt.gz","data","973055","2026-06-21T21:21:35"
"data\raw\NOAA_NDBC_enhanced_forcing_2023_2025\ndbc_stdmet\lwsd1h2025.txt.gz","data","881594","2026-06-21T21:21:38"
"data\raw\NOAA_NDBC_enhanced_forcing_2023_2025\ndbc_stdmet\mhrn6h2023.txt.gz","data","678892","2026-06-21T21:21:41"
"data\raw\NOAA_NDBC_enhanced_forcing_2023_2025\ndbc_stdmet\mhrn6h2024.txt.gz","data","679954","2026-06-21T21:21:44"
"data\raw\NOAA_NDBC_enhanced_forcing_2023_2025\ndbc_stdmet\mhrn6h2025.txt.gz","data","679887","2026-06-21T21:21:47"
"data\raw\NOAA_NDBC_enhanced_forcing_2023_2025\ndbc_stdmet\mrcp1h2023.txt.gz","data","569282","2026-06-21T21:21:50"
"data\raw\NOAA_NDBC_enhanced_forcing_2023_2025\ndbc_stdmet\mrcp1h2024.txt.gz","data","563712","2026-06-21T21:21:54"
"data\raw\NOAA_NDBC_enhanced_forcing_2023_2025\ndbc_stdmet\mrcp1h2025.txt.gz","data","547705","2026-06-21T21:21:57"
"data\raw\NOAA_NDBC_enhanced_forcing_2023_2025\ndbc_stdmet\mtkn6h2023.txt.gz","data","519098","2026-06-21T21:22:00"
"data\raw\NOAA_NDBC_enhanced_forcing_2023_2025\ndbc_stdmet\mtkn6h2024.txt.gz","data","521611","2026-06-21T21:22:04"
"data\raw\NOAA_NDBC_enhanced_forcing_2023_2025\ndbc_stdmet\mtkn6h2025.txt.gz","data","532089","2026-06-21T21:22:07"
"data\raw\NOAA_NDBC_enhanced_forcing_2023_2025\ndbc_stdmet\nblp1h2023.txt.gz","data","954791","2026-06-21T21:22:10"
"data\raw\NOAA_NDBC_enhanced_forcing_2023_2025\ndbc_stdmet\nblp1h2024.txt.gz","data","936239","2026-06-21T21:22:14"
"data\raw\NOAA_NDBC_enhanced_forcing_2023_2025\ndbc_stdmet\nblp1h2025.txt.gz","data","931632","2026-06-21T21:22:17"
"data\raw\NOAA_NDBC_enhanced_forcing_2023_2025\ndbc_stdmet\nlhc3h2023.txt.gz","data","232970","2026-06-21T21:22:20"
"data\raw\NOAA_NDBC_enhanced_forcing_2023_2025\ndbc_stdmet\nlhc3h2024.txt.gz","data","569733","2026-06-21T21:22:23"
"data\raw\NOAA_NDBC_enhanced_forcing_2023_2025\ndbc_stdmet\nlhc3h2025.txt.gz","data","579431","2026-06-21T21:22:26"
"data\raw\NOAA_NDBC_enhanced_forcing_2023_2025\ndbc_stdmet\nlnc3h2023.txt.gz","data","363097","2026-06-21T21:22:29"
"data\raw\NOAA_NDBC_enhanced_forcing_2023_2025\ndbc_stdmet\nwhc3h2023.txt.gz","data","979926","2026-06-21T21:22:32"
"data\raw\NOAA_NDBC_enhanced_forcing_2023_2025\ndbc_stdmet\nwhc3h2024.txt.gz","data","974037","2026-06-21T21:22:35"
"data\raw\NOAA_NDBC_enhanced_forcing_2023_2025\ndbc_stdmet\nwhc3h2025.txt.gz","data","963088","2026-06-21T21:22:39"
"data\raw\NOAA_NDBC_enhanced_forcing_2023_2025\ndbc_stdmet\nwpr1h2023.txt.gz","data","956384","2026-06-21T21:22:43"
"data\raw\NOAA_NDBC_enhanced_forcing_2023_2025\ndbc_stdmet\nwpr1h2024.txt.gz","data","955726","2026-06-21T21:22:47"
"data\raw\NOAA_NDBC_enhanced_forcing_2023_2025\ndbc_stdmet\nwpr1h2025.txt.gz","data","938613","2026-06-21T21:22:50"
"data\raw\NOAA_NDBC_enhanced_forcing_2023_2025\ndbc_stdmet\ocim2h2023.txt.gz","data","949680","2026-06-21T21:22:54"
"data\raw\NOAA_NDBC_enhanced_forcing_2023_2025\ndbc_stdmet\ocim2h2024.txt.gz","data","957127","2026-06-21T21:22:57"
"data\raw\NOAA_NDBC_enhanced_forcing_2023_2025\ndbc_stdmet\ocim2h2025.txt.gz","data","949303","2026-06-21T21:23:02"
"data\raw\NOAA_NDBC_enhanced_forcing_2023_2025\ndbc_stdmet\pdvr1h2023.txt.gz","data","968832","2026-06-21T21:23:05"
"data\raw\NOAA_NDBC_enhanced_forcing_2023_2025\ndbc_stdmet\pdvr1h2024.txt.gz","data","1058270","2026-06-21T21:23:09"
"data\raw\NOAA_NDBC_enhanced_forcing_2023_2025\ndbc_stdmet\pdvr1h2025.txt.gz","data","1030118","2026-06-21T21:23:12"
"data\raw\NOAA_NDBC_enhanced_forcing_2023_2025\ndbc_stdmet\phbp1h2023.txt.gz","data","529983","2026-06-21T21:23:16"
"data\raw\NOAA_NDBC_enhanced_forcing_2023_2025\ndbc_stdmet\phbp1h2024.txt.gz","data","517410","2026-06-21T21:23:19"
"data\raw\NOAA_NDBC_enhanced_forcing_2023_2025\ndbc_stdmet\phbp1h2025.txt.gz","data","520190","2026-06-21T21:23:22"
"data\raw\NOAA_NDBC_enhanced_forcing_2023_2025\ndbc_stdmet\prur1h2023.txt.gz","data","440175","2026-06-21T21:23:25"
"data\raw\NOAA_NDBC_enhanced_forcing_2023_2025\ndbc_stdmet\prur1h2024.txt.gz","data","242817","2026-06-21T21:23:28"
"data\raw\NOAA_NDBC_enhanced_forcing_2023_2025\ndbc_stdmet\ptcr1h2023.txt.gz","data","928160","2026-06-21T21:23:31"
"data\raw\NOAA_NDBC_enhanced_forcing_2023_2025\ndbc_stdmet\ptcr1h2024.txt.gz","data","921185","2026-06-21T21:23:35"
"data\raw\NOAA_NDBC_enhanced_forcing_2023_2025\ndbc_stdmet\ptcr1h2025.txt.gz","data","907863","2026-06-21T21:23:38"
"data\raw\NOAA_NDBC_enhanced_forcing_2023_2025\ndbc_stdmet\pvdr1h2023.txt.gz","data","994989","2026-06-21T21:23:42"
"data\raw\NOAA_NDBC_enhanced_forcing_2023_2025\ndbc_stdmet\pvdr1h2024.txt.gz","data","1018482","2026-06-21T21:23:45"
"data\raw\NOAA_NDBC_enhanced_forcing_2023_2025\ndbc_stdmet\pvdr1h2025.txt.gz","data","938110","2026-06-21T21:23:49"
"data\raw\NOAA_NDBC_enhanced_forcing_2023_2025\ndbc_stdmet\qptr1h2023.txt.gz","data","976199","2026-06-21T21:23:53"
"data\raw\NOAA_NDBC_enhanced_forcing_2023_2025\ndbc_stdmet\qptr1h2024.txt.gz","data","930435","2026-06-21T21:23:56"
"data\raw\NOAA_NDBC_enhanced_forcing_2023_2025\ndbc_stdmet\qptr1h2025.txt.gz","data","774747","2026-06-21T21:24:00"
"data\raw\NOAA_NDBC_enhanced_forcing_2023_2025\ndbc_stdmet\rdyd1h2023.txt.gz","data","542946","2026-06-21T21:24:03"
"data\raw\NOAA_NDBC_enhanced_forcing_2023_2025\ndbc_stdmet\rdyd1h2024.txt.gz","data","525088","2026-06-21T21:24:06"
"data\raw\NOAA_NDBC_enhanced_forcing_2023_2025\ndbc_stdmet\rdyd1h2025.txt.gz","data","515698","2026-06-21T21:24:09"
"data\raw\NOAA_NDBC_enhanced_forcing_2023_2025\ndbc_stdmet\robn4h2023.txt.gz","data","933284","2026-06-21T21:24:13"
"data\raw\NOAA_NDBC_enhanced_forcing_2023_2025\ndbc_stdmet\robn4h2024.txt.gz","data","937564","2026-06-21T21:24:16"
"data\raw\NOAA_NDBC_enhanced_forcing_2023_2025\ndbc_stdmet\robn4h2025.txt.gz","data","925563","2026-06-21T21:24:20"
"data\raw\NOAA_NDBC_enhanced_forcing_2023_2025\ndbc_stdmet\sdhn4h2023.txt.gz","data","957105","2026-06-21T21:24:23"
"data\raw\NOAA_NDBC_enhanced_forcing_2023_2025\ndbc_stdmet\sdhn4h2024.txt.gz","data","964837","2026-06-21T21:24:27"
"data\raw\NOAA_NDBC_enhanced_forcing_2023_2025\ndbc_stdmet\sdhn4h2025.txt.gz","data","952356","2026-06-21T21:24:31"
"data\raw\NOAA_NDBC_enhanced_forcing_2023_2025\ndbc_stdmet\sjsn4h2023.txt.gz","data","632174","2026-06-21T21:24:34"
"data\raw\NOAA_NDBC_enhanced_forcing_2023_2025\ndbc_stdmet\sjsn4h2024.txt.gz","data","600605","2026-06-21T21:24:37"
"data\raw\NOAA_NDBC_enhanced_forcing_2023_2025\ndbc_stdmet\sjsn4h2025.txt.gz","data","145909","2026-06-21T21:24:39"
"data\raw\NOAA_NDBC_enhanced_forcing_2023_2025\ndbc_stdmet_index.html","data","3717747","2026-06-21T21:17:07"
"data\raw\海浪数据.nc","data","32276146","2026-05-10T15:22:54"
"data\raw\台风数据.csv","data","57074222","2026-05-10T15:19:00"
"data\raw\站台元数据\8461490.json","data","2610","2026-05-10T14:21:42"
"data\raw\站台元数据\8510560.json","data","2605","2026-05-10T14:20:29"
"data\raw\站台元数据\8516945.json","data","2606","2026-05-10T14:19:58"
"data\raw\站台元数据\8518750.json","data","2609","2026-05-10T14:19:18"
"data\raw\站台元数据\8531680.json","data","2605","2026-05-10T14:19:39"
"data\raw\站台元数据\8534720.json","data","2609","2026-05-10T14:20:52"
"data\raw\站台元数据\8536110.json","data","2601","2026-05-10T14:21:26"
"project_handoff\00_START_HERE_CN.md","handoff_docs","14041","2026-08-17T20:41:45"
"project_handoff\01_RESEARCH_STORY_CN.md","handoff_docs","4888","2026-07-28T01:30:04"
"project_handoff\02_FILE_MAP_CN.md","handoff_docs","7095","2026-07-28T01:30:04"
"project_handoff\03_EXPERIMENT_REGISTRY_CN.md","handoff_docs","42342","2026-08-17T20:41:45"
"project_handoff\04_DATA_PREPROCESSING_CN.md","handoff_docs","3458","2026-07-19T16:09:48"
"project_handoff\05_NEW_CONVERSATION_PROMPT_CN.md","handoff_docs","2110","2026-07-19T16:09:48"
"project_handoff\06_CLEANUP_LOG_CN.md","handoff_docs","2327","2026-07-19T16:19:53"
"project_handoff\FILE_MANIFEST.csv","handoff_docs","543824","2026-07-28T01:33:49"
"paper_revision\build_final_publication_figures.py","paper_drafts","16917","2026-07-11T21:18:10"
"paper_revision\figures\fig1_framework.png","paper_drafts","236341","2026-07-08T17:57:56"
"paper_revision\figures\fig2_horizon_performance.png","paper_drafts","307545","2026-07-08T17:57:56"
"paper_revision\figures\fig3_24h_multiseed_comparison.png","paper_drafts","97955","2026-07-08T17:57:57"
"paper_revision\figures\fig4_cycle_component_ablation.png","paper_drafts","91381","2026-07-08T17:57:57"
"paper_revision\figures\fig5_trajectory_case.png","paper_drafts","167416","2026-07-08T17:57:58"
"paper_revision\figures\fig6_data_variable_groups.png","paper_drafts","367346","2026-07-08T18:11:57"
"paper_revision\figures\fig7_simple_baseline_comparison.png","paper_drafts","120230","2026-07-08T18:11:58"
"paper_revision\figures\fig8_causal_robustness.png","paper_drafts","83240","2026-07-08T18:11:58"
"paper_revision\overleaf_complete_revised_main.tex","paper_drafts","66935","2026-07-08T19:15:09"
"paper_revision\overleaf_data_section_precise.tex","paper_drafts","10856","2026-07-08T19:07:19"
"paper_revision\overleaf_full_paper_lit_data.tex","paper_drafts","66255","2026-07-08T19:11:53"
"paper_revision\paper_experiment_summary.docx","paper_drafts","1307248","2026-07-08T18:33:18"
"paper_revision\paper_experiment_summary.md","paper_drafts","8555","2026-07-08T18:32:50"
"paper_revision\publication_readiness_report.docx","paper_drafts","1100829","2026-07-08T18:29:00"
"paper_revision\publication_readiness_report.md","paper_drafts","14071","2026-07-08T18:27:45"
"paper_revision\publication_strategy_and_required_experiments_2026-07-11.md","paper_drafts","14514","2026-07-11T17:15:05"
"paper_revision\results_reconciliation_and_update_plan_2026-07-11.md","paper_drafts","9793","2026-07-11T15:53:43"
"paper_revision\revised_detailed_main.tex","paper_drafts","51983","2026-07-08T18:15:47"
"paper_revision\revised_main.tex","paper_drafts","24300","2026-07-08T18:01:13"
"publication_final\build_updated_publication_assets.py","publication_delivery","15480","2026-07-12T16:22:36"
"publication_final\current_delivery\code\101_priority1_publication_experiments.py","publication_delivery","24747","2026-07-12T08:19:02"
"publication_final\current_delivery\code\102_priority2_publication_experiments.py","publication_delivery","19419","2026-07-12T10:10:00"
"publication_final\current_delivery\code\87_cycle_consistent_gnn_bigru.py","publication_delivery","19604","2026-07-05T11:03:01"
"publication_final\current_delivery\code\88_cycle_paper_longrun_experiments.py","publication_delivery","16433","2026-07-07T19:45:30"
"publication_final\current_delivery\code\89_cycle_component_ablation.py","publication_delivery","7303","2026-07-08T08:32:24"
"publication_final\current_delivery\code\92_autoregressive_rolling_baseline.py","publication_delivery","18425","2026-07-12T16:20:25"
"publication_final\current_delivery\code\99_prepare_autodl_bundle.py","publication_delivery","2360","2026-07-12T08:51:21"
"publication_final\current_delivery\code\AUTODL_RUNBOOK_CN.md","publication_delivery","5468","2026-07-12T12:26:30"
"publication_final\current_delivery\code\build_updated_documents.py","publication_delivery","20605","2026-07-12T16:30:06"
"publication_final\current_delivery\code\build_updated_pdf_previews.py","publication_delivery","9422","2026-07-12T16:39:05"
"publication_final\current_delivery\code\build_updated_publication_assets.py","publication_delivery","15480","2026-07-12T16:22:36"
"publication_final\current_delivery\code\run_priority2_sensitivity_worker.sh","publication_delivery","1350","2026-07-12T12:13:28"
"publication_final\current_delivery\evidence\cycle_autoregressive\autoregressive_rolling_metrics.csv","publication_delivery","1963","2026-07-11T12:31:48"
"publication_final\current_delivery\evidence\cycle_autoregressive\autoregressive_vs_direct_comparison.csv","publication_delivery","2787","2026-07-11T12:31:48"
"publication_final\current_delivery\evidence\cycle_autoregressive\cycle_component_ablation_mean_std.csv","publication_delivery","1581","2026-07-08T17:37:59"
"publication_final\current_delivery\evidence\cycle_autoregressive\cycle_component_ablation_table.csv","publication_delivery","920","2026-07-08T17:37:59"
"publication_final\current_delivery\evidence\cycle_autoregressive\cycle_horizons_multiseed_table.csv","publication_delivery","952","2026-07-08T14:27:58"
"publication_final\current_delivery\evidence\cycle_autoregressive\main_24h_multiseed_comparison_with_cycle.csv","publication_delivery","634","2026-07-08T14:27:58"
"publication_final\current_delivery\evidence\expanded_six_model_all_runs.csv","publication_delivery","3275","2026-07-12T10:18:02"
"publication_final\current_delivery\evidence\expanded_six_model_mean_std.csv","publication_delivery","1487","2026-07-12T10:18:02"
"publication_final\current_delivery\evidence\priority1_event_pr_auc_tolerant.csv","publication_delivery","2863","2026-07-12T08:40:01"
"publication_final\current_delivery\evidence\priority1_model_mean_std.csv","publication_delivery","487","2026-07-12T08:40:03"
"publication_final\current_delivery\evidence\priority2_learned_graph_weights_mean_std.csv","publication_delivery","689","2026-07-12T10:11:07"
"publication_final\current_delivery\evidence\priority2_missing_data_source_summary.csv","publication_delivery","454","2026-07-12T10:10:52"
"publication_final\current_delivery\evidence\priority2_paired_physics_attribution.csv","publication_delivery","1132","2026-07-12T10:18:02"
"publication_final\current_delivery\evidence\PRIORITY2_README.md","publication_delivery","892","2026-07-12T12:19:38"
"publication_final\current_delivery\evidence\priority2_sensitivity_verified_mean_std.csv","publication_delivery","3483","2026-07-12T10:18:02"
"publication_final\current_delivery\explanation\paper_story_and_evidence_guide_cn.docx","publication_delivery","2071823","2026-07-12T16:36:36"
"publication_final\current_delivery\explanation\paper_story_and_evidence_guide_cn.pdf","publication_delivery","1881310","2026-07-12T16:39:23"
"publication_final\current_delivery\paper\overleaf_submission.zip","publication_delivery","5114285","2026-07-12T16:45:05"
"publication_final\current_delivery\paper\paper_main_33pages.pdf","publication_delivery","2607392","2026-07-12T10:23:57"
"publication_final\current_delivery\paper\paper_main_36pages.pdf","publication_delivery","2848886","2026-07-12T16:44:24"
"publication_final\current_delivery\presentation\presentation_speech_script_cn.docx","publication_delivery","143476","2026-07-12T16:36:36"
"publication_final\current_delivery\presentation\presentation_speech_script_cn.pdf","publication_delivery","243699","2026-07-12T16:39:19"
"publication_final\current_delivery\presentation\sea_level_research_presentation.pptx","publication_delivery","2342207","2026-07-12T16:32:01"
"publication_final\current_delivery\PROJECT_INDEX_CN.md","publication_delivery","3180","2026-07-12T16:41:31"
"publication_final\current_delivery\README_CN.md","publication_delivery","3107","2026-07-12T16:42:13"
"publication_final\delivery_package\applied_ocean_research_15page.pdf","publication_delivery","1709778","2026-07-11T23:04:05"
"publication_final\delivery_package\DELIVERY_README_CN.md","publication_delivery","3209","2026-07-12T16:41:29"
"publication_final\delivery_package\main.pdf","publication_delivery","2848616","2026-07-12T16:25:39"
"publication_final\delivery_package\main_15page.tex","publication_delivery","28215","2026-07-11T23:03:04"
"publication_final\delivery_package\overleaf_submission.zip","publication_delivery","5114285","2026-07-12T16:45:05"
"publication_final\delivery_package\paper_main_29pages.pdf","publication_delivery","1754648","2026-07-11T22:26:21"
"publication_final\delivery_package\paper_main_33pages.pdf","publication_delivery","2607392","2026-07-12T10:23:57"
"publication_final\delivery_package\paper_main_36pages.pdf","publication_delivery","2848886","2026-07-12T16:44:24"
"publication_final\delivery_package\paper_story_and_evidence_guide_cn.docx","publication_delivery","2071823","2026-07-12T16:36:36"
"publication_final\delivery_package\paper_story_and_evidence_guide_cn.pdf","publication_delivery","1881310","2026-07-12T16:39:23"
"publication_final\delivery_package\presentation_speech_script_cn.docx","publication_delivery","143476","2026-07-12T16:36:36"
"publication_final\delivery_package\presentation_speech_script_cn.pdf","publication_delivery","243699","2026-07-12T16:39:19"
"publication_final\delivery_package\sea_level_research_presentation.pptx","publication_delivery","2342207","2026-07-12T16:32:01"
"publication_final\DELIVERY_README_CN.md","publication_delivery","3209","2026-07-12T16:41:29"
"publication_final\documents\build_documents.py","publication_delivery","34346","2026-07-11T22:11:56"
"publication_final\documents\build_updated_documents.py","publication_delivery","20605","2026-07-12T16:30:06"
"publication_final\documents\build_updated_pdf_previews.py","publication_delivery","9422","2026-07-12T16:39:05"
"publication_final\documents\paper_story_and_evidence_guide_cn.docx","publication_delivery","2071823","2026-07-12T16:36:36"
"publication_final\documents\paper_story_and_evidence_guide_cn.pdf","publication_delivery","1881310","2026-07-12T16:39:23"
"publication_final\documents\presentation_speech_script_cn.docx","publication_delivery","143476","2026-07-12T16:36:36"
"publication_final\documents\presentation_speech_script_cn.pdf","publication_delivery","243699","2026-07-12T16:39:19"
"publication_final\documents\priority12_final_results_cn.md","publication_delivery","6704","2026-07-14T02:50:38"
"publication_final\documents\sea_level_presentation_bilingual_script_and_qa.docx","publication_delivery","59455","2026-07-14T23:40:13"
"publication_final\overleaf_sea_level_clean_submission.zip","publication_delivery","1002092","2026-07-28T01:32:58"
"publication_final\overleaf_sea_level_clean_submission\figures\clean_evidence_summary.png","publication_delivery","125909","2026-07-27T21:07:33"
"publication_final\overleaf_sea_level_clean_submission\figures\corrected_bigru_ladder_comparison.png","publication_delivery","148430","2026-07-28T01:21:40"
"publication_final\overleaf_sea_level_clean_submission\figures\corrected_bigru_ladder_prediction_example.png","publication_delivery","411668","2026-07-28T01:21:46"
"publication_final\overleaf_sea_level_clean_submission\figures\matched_fs_gwn_per_horizon.png","publication_delivery","230573","2026-07-27T21:07:34"
"publication_final\overleaf_sea_level_clean_submission\figures\station_network.png","publication_delivery","130503","2026-07-11T21:29:45"
"publication_final\overleaf_sea_level_clean_submission\main.pdf","publication_delivery","1118439","2026-07-28T01:24:08"
"publication_final\overleaf_sea_level_clean_submission\main.tex","publication_delivery","31177","2026-07-28T01:23:06"
"publication_final\overleaf_sea_level_clean_submission\README.md","publication_delivery","1016","2026-07-28T01:30:04"
"publication_final\overleaf_sea_level_clean_submission\references.bib","publication_delivery","4551","2026-07-11T22:25:01"
"publication_final\overleaf_sea_level_clean_submission\supplementary_results\architecture_baselines_clean.csv","publication_delivery","483","2026-07-27T21:15:01"
"publication_final\overleaf_sea_level_clean_submission\supplementary_results\corrected_bigru_ladder_all_runs.csv","publication_delivery","17441","2026-07-28T01:21:38"
"publication_final\overleaf_sea_level_clean_submission\supplementary_results\corrected_bigru_ladder_mean_std.csv","publication_delivery","1129","2026-07-28T01:21:38"
"publication_final\overleaf_sea_level_clean_submission\supplementary_results\corrected_bigru_ladder_paired.csv","publication_delivery","1678","2026-07-28T01:21:38"
"publication_final\overleaf_sea_level_clean_submission\supplementary_results\corrected_bigru_ladder_table.tex","publication_delivery","998","2026-07-28T01:21:46"
"publication_final\overleaf_sea_level_clean_submission\supplementary_results\main_metrics_all_seeds.csv","publication_delivery","10306","2026-07-27T20:57:10"
"publication_final\overleaf_sea_level_clean_submission\supplementary_results\main_metrics_mean_std.csv","publication_delivery","3124","2026-07-27T20:57:10"
"publication_final\overleaf_sea_level_clean_submission\supplementary_results\matched_fs_gwn_per_horizon.csv","publication_delivery","31518","2026-07-14T02:31:24"
"publication_final\overleaf_sea_level_clean_submission\supplementary_results\monthly_terminal_metrics_all_seeds.csv","publication_delivery","13867","2026-07-27T20:57:11"
"publication_final\overleaf_sea_level_clean_submission\supplementary_results\monthly_terminal_metrics_mean_std.csv","publication_delivery","4315","2026-07-27T20:57:11"
"publication_final\overleaf_sea_level_clean_submission\supplementary_results\moving_block_bootstrap.csv","publication_delivery","937","2026-07-27T20:57:11"
"publication_final\overleaf_sea_level_clean_submission\supplementary_results\prediction_example_selection.json","publication_delivery","193","2026-07-28T01:21:46"
"publication_final\overleaf_sea_level_clean_submission\supplementary_results\station_paired_effects.csv","publication_delivery","1183","2026-07-27T20:57:11"
"publication_final\overleaf_sea_level_clean_submission\supplementary_results\test_time_alignment.csv","publication_delivery","159895","2026-07-27T20:57:11"
"publication_final\overleaf_sea_level_clean_submission\supplementary_results\train_defined_strata_all_seeds.csv","publication_delivery","12094","2026-07-27T20:57:11"
"publication_final\overleaf_sea_level_clean_submission\supplementary_results\train_defined_strata_mean_std.csv","publication_delivery","3944","2026-07-27T20:57:11"
"publication_final\overleaf_submission.zip","publication_delivery","5114285","2026-07-12T16:45:05"
"publication_final\overleaf_submission\build\main.aux","publication_delivery","22048","2026-07-14T02:52:06"
"publication_final\overleaf_submission\build\main.bbl","publication_delivery","7365","2026-07-14T02:52:06"
"publication_final\overleaf_submission\build\main.blg","publication_delivery","297","2026-07-14T02:52:06"
"publication_final\overleaf_submission\build\main.log","publication_delivery","21619","2026-07-14T02:52:06"
"publication_final\overleaf_submission\build\main.out","publication_delivery","9362","2026-07-14T02:52:06"
"publication_final\overleaf_submission\build\main.pdf","publication_delivery","3535532","2026-07-14T02:52:06"
"publication_final\overleaf_submission\build_cycle\.gitkeep","publication_delivery","1","2026-07-12T16:25:02"
"publication_final\overleaf_submission\build_cycle\main.aux","publication_delivery","17811","2026-07-12T16:44:24"
"publication_final\overleaf_submission\build_cycle\main.bbl","publication_delivery","7365","2026-07-12T16:44:24"
"publication_final\overleaf_submission\build_cycle\main.blg","publication_delivery","297","2026-07-12T16:44:24"
"publication_final\overleaf_submission\build_cycle\main.log","publication_delivery","21136","2026-07-12T16:44:24"
"publication_final\overleaf_submission\build_cycle\main.out","publication_delivery","8501","2026-07-12T16:44:24"
"publication_final\overleaf_submission\build_cycle\main.pdf","publication_delivery","2848886","2026-07-12T16:44:24"
"publication_final\overleaf_submission\build_updated\main.aux","publication_delivery","16597","2026-07-12T10:23:57"
"publication_final\overleaf_submission\build_updated\main.bbl","publication_delivery","7365","2026-07-12T10:23:57"
"publication_final\overleaf_submission\build_updated\main.blg","publication_delivery","297","2026-07-12T10:23:57"
"publication_final\overleaf_submission\build_updated\main.log","publication_delivery","21009","2026-07-12T10:23:57"
"publication_final\overleaf_submission\build_updated\main.out","publication_delivery","7776","2026-07-12T10:23:57"
"publication_final\overleaf_submission\build_updated\main.pdf","publication_delivery","2607392","2026-07-12T10:23:57"
"publication_final\overleaf_submission\figures\fig1_problem_story.png","publication_delivery","122991","2026-07-11T21:29:42"
"publication_final\overleaf_submission\figures\fig10_trajectory_case.png","publication_delivery","219973","2026-07-11T21:30:01"
"publication_final\overleaf_submission\figures\fig11_six_model_benchmark.png","publication_delivery","215059","2026-07-12T16:22:56"
"publication_final\overleaf_submission\figures\fig12_loss_attribution_sensitivity.png","publication_delivery","225495","2026-07-12T16:22:57"
"publication_final\overleaf_submission\figures\fig13_six_model_per_horizon_r2.png","publication_delivery","412761","2026-07-12T16:22:58"
"publication_final\overleaf_submission\figures\fig14_cycle_autoregressive.png","publication_delivery","244151","2026-07-12T16:23:00"
"publication_final\overleaf_submission\figures\fig15_physics_coefficient_stability.png","publication_delivery","122594","2026-07-13T15:40:00"
"publication_final\overleaf_submission\figures\fig16_station_physics_heterogeneity.png","publication_delivery","86159","2026-07-13T15:39:59"
"publication_final\overleaf_submission\figures\fig17_matched_gwn_attribution.png","publication_delivery","166709","2026-07-14T02:25:08"
"publication_final\overleaf_submission\figures\fig18_matched_gwn_paired_physics.png","publication_delivery","122293","2026-07-14T02:25:09"
"publication_final\overleaf_submission\figures\fig19_matched_gwn_per_horizon.png","publication_delivery","266626","2026-07-14T02:25:09"
"publication_final\overleaf_submission\figures\fig2_station_network.png","publication_delivery","130503","2026-07-11T21:29:45"
"publication_final\overleaf_submission\figures\fig3_lambda_selection.png","publication_delivery","142218","2026-07-11T21:29:47"
"publication_final\overleaf_submission\figures\fig3_model_ladder.png","publication_delivery","125165","2026-07-11T21:29:43"
"publication_final\overleaf_submission\figures\fig4_main_results.png","publication_delivery","192473","2026-07-11T21:29:50"
"publication_final\overleaf_submission\figures\fig5_seed_pairing.png","publication_delivery","243643","2026-07-11T21:29:52"
"publication_final\overleaf_submission\figures\fig6_physics_ablation.png","publication_delivery","138549","2026-07-11T21:29:54"
"publication_final\overleaf_submission\figures\fig7_event_metrics.png","publication_delivery","129986","2026-07-11T21:29:56"
"publication_final\overleaf_submission\figures\fig8_causal_rolling.png","publication_delivery","103675","2026-07-11T21:29:57"
"publication_final\overleaf_submission\figures\fig9_baselines.png","publication_delivery","147397","2026-07-11T21:29:59"
"publication_final\overleaf_submission\main.pdf","publication_delivery","3535532","2026-07-14T02:52:06"
"publication_final\overleaf_submission\main.tex","publication_delivery","59182","2026-07-14T02:48:48"
"publication_final\overleaf_submission\README.md","publication_delivery","2451","2026-07-14T02:50:36"
"publication_final\overleaf_submission\references.bib","publication_delivery","4551","2026-07-11T22:25:01"
"publication_final\overleaf_submission\supplementary_results\block_bootstrap\block_bootstrap_by_seed.csv","publication_delivery","5043","2026-07-11T20:37:28"
"publication_final\overleaf_submission\supplementary_results\block_bootstrap\block_bootstrap_summary.csv","publication_delivery","849","2026-07-11T20:37:28"
"publication_final\overleaf_submission\supplementary_results\cycle_autoregressive\autoregressive_rolling_metrics.csv","publication_delivery","1963","2026-07-11T12:31:48"
"publication_final\overleaf_submission\supplementary_results\cycle_autoregressive\autoregressive_vs_direct_comparison.csv","publication_delivery","2787","2026-07-11T12:31:48"
"publication_final\overleaf_submission\supplementary_results\cycle_autoregressive\cycle_component_ablation_mean_std.csv","publication_delivery","1581","2026-07-08T17:37:59"
"publication_final\overleaf_submission\supplementary_results\cycle_autoregressive\cycle_component_ablation_table.csv","publication_delivery","920","2026-07-08T17:37:59"
"publication_final\overleaf_submission\supplementary_results\cycle_autoregressive\cycle_horizons_multiseed_table.csv","publication_delivery","952","2026-07-08T14:27:58"
"publication_final\overleaf_submission\supplementary_results\cycle_autoregressive\main_24h_multiseed_comparison_with_cycle.csv","publication_delivery","634","2026-07-08T14:27:58"
"publication_final\overleaf_submission\supplementary_results\event_metrics\event_metrics_all_runs.csv","publication_delivery","8793","2026-07-11T20:35:35"
"publication_final\overleaf_submission\supplementary_results\event_metrics\event_metrics_by_station.csv","publication_delivery","23011","2026-07-11T20:35:35"
"publication_final\overleaf_submission\supplementary_results\event_metrics\event_metrics_mean_std.csv","publication_delivery","1681","2026-07-11T20:35:35"
"publication_final\overleaf_submission\supplementary_results\expanded_six_model_all_runs.csv","publication_delivery","3275","2026-07-12T16:22:54"
"publication_final\overleaf_submission\supplementary_results\expanded_six_model_mean_std.csv","publication_delivery","1487","2026-07-12T16:22:54"
"publication_final\overleaf_submission\supplementary_results\expanded_six_model_per_horizon.csv","publication_delivery","31285","2026-07-12T16:22:54"
"publication_final\overleaf_submission\supplementary_results\final_four_models_all_runs.csv","publication_delivery","16341","2026-07-11T20:35:23"
"publication_final\overleaf_submission\supplementary_results\final_four_models_mean_std.csv","publication_delivery","1194","2026-07-11T20:35:23"
"publication_final\overleaf_submission\supplementary_results\lambda_search_all.csv","publication_delivery","6985","2026-07-11T20:35:23"
"publication_final\overleaf_submission\supplementary_results\paired_seed_statistical_tests.csv","publication_delivery","1626","2026-07-11T21:30:01"
"publication_final\overleaf_submission\supplementary_results\physics_ablation_all_runs.csv","publication_delivery","20948","2026-07-11T20:35:23"
"publication_final\overleaf_submission\supplementary_results\physics_ablation_mean_std.csv","publication_delivery","1125","2026-07-11T20:35:23"
"publication_final\overleaf_submission\supplementary_results\priority1\priority1_event_pr_auc_tolerant.csv","publication_delivery","2863","2026-07-12T08:40:01"
"publication_final\overleaf_submission\supplementary_results\priority1\priority1_model_mean_std.csv","publication_delivery","487","2026-07-12T08:40:03"
"publication_final\overleaf_submission\supplementary_results\priority1\priority1_per_horizon_metrics.csv","publication_delivery","38517","2026-07-12T08:40:01"
"publication_final\overleaf_submission\supplementary_results\priority1\priority1_per_station_metrics.csv","publication_delivery","11836","2026-07-12T08:40:01"
"publication_final\overleaf_submission\supplementary_results\priority1\priority1_prediction_summary.csv","publication_delivery","2304","2026-07-12T08:40:01"
"publication_final\overleaf_submission\supplementary_results\priority1_model_complexity_and_cpu_inference.csv","publication_delivery","651","2026-07-13T15:40:44"
"publication_final\overleaf_submission\supplementary_results\priority1_physics_coefficient_stability_summary.csv","publication_delivery","1394","2026-07-13T15:40:00"
"publication_final\overleaf_submission\supplementary_results\priority1_physics_state_scale_and_units.csv","publication_delivery","787","2026-07-13T15:40:44"
"publication_final\overleaf_submission\supplementary_results\priority1_station_paired_physics_deltas_mean_std.csv","publication_delivery","940","2026-07-13T15:39:58"
"publication_final\overleaf_submission\supplementary_results\priority2\priority2_failure_cases_top_by_model.csv","publication_delivery","18638","2026-07-12T10:11:26"
"publication_final\overleaf_submission\supplementary_results\priority2\priority2_learned_graph_weights_all.csv","publication_delivery","166150","2026-07-12T10:11:07"
"publication_final\overleaf_submission\supplementary_results\priority2\priority2_learned_graph_weights_mean_std.csv","publication_delivery","689","2026-07-12T10:11:07"
"publication_final\overleaf_submission\supplementary_results\priority2\priority2_missing_data_by_source_column.csv","publication_delivery","6224","2026-07-12T10:10:52"
"publication_final\overleaf_submission\supplementary_results\priority2\priority2_missing_data_source_summary.csv","publication_delivery","454","2026-07-12T10:10:52"
"publication_final\overleaf_submission\supplementary_results\priority2\priority2_sensitivity_all_runs.csv","publication_delivery","70009","2026-07-12T10:10:46"
"publication_final\overleaf_submission\supplementary_results\priority2\priority2_sensitivity_mean_std.csv","publication_delivery","3803","2026-07-12T10:10:46"
"publication_final\overleaf_submission\supplementary_results\priority2\README.md","publication_delivery","892","2026-07-12T12:19:38"
"publication_final\overleaf_submission\supplementary_results\priority2_paired_physics_attribution.csv","publication_delivery","1132","2026-07-12T16:22:54"
"publication_final\overleaf_submission\supplementary_results\priority2_physics_gwn_all_runs.csv","publication_delivery","16041","2026-07-14T02:31:21"
"publication_final\overleaf_submission\supplementary_results\priority2_physics_gwn_mean_std.csv","publication_delivery","2281","2026-07-14T02:31:21"
"publication_final\overleaf_submission\supplementary_results\priority2_physics_gwn_paired_deltas.csv","publication_delivery","11709","2026-07-14T02:31:21"
"publication_final\overleaf_submission\supplementary_results\priority2_physics_gwn_paired_tests.csv","publication_delivery","3308","2026-07-14T02:31:21"
"publication_final\overleaf_submission\supplementary_results\priority2_physics_gwn_per_horizon.csv","publication_delivery","31518","2026-07-14T02:31:24"
"publication_final\overleaf_submission\supplementary_results\priority2_physics_gwn_per_station.csv","publication_delivery","9820","2026-07-14T02:31:24"
"publication_final\overleaf_submission\supplementary_results\PRIORITY2_PHYSICS_GWN_SUMMARY.md","publication_delivery","4380","2026-07-14T02:31:26"
"publication_final\overleaf_submission\supplementary_results\priority2_sensitivity_verified_mean_std.csv","publication_delivery","3483","2026-07-12T16:22:54"
"publication_final\overleaf_submission\supplementary_results\rolling_origin_all_runs.csv","publication_delivery","11158","2026-07-11T20:35:23"
"publication_final\overleaf_submission\supplementary_results\rolling_origin_mean_std.csv","publication_delivery","1207","2026-07-11T20:35:23"
"publication_final\overleaf_submission\supplementary_results\simple_baselines_all.csv","publication_delivery","8349","2026-07-11T20:35:23"
"publication_final\overleaf_submission\supplementary_results\validation_locked_lambda.csv","publication_delivery","2478","2026-07-11T20:35:23"
"publication_final\presentation\sea_level_research_presentation.pptx","publication_delivery","2342207","2026-07-12T16:32:01"
"publication_final\presentation\sea_level_research_presentation.pptx.inspect.ndjson","publication_delivery","37639","2026-07-12T16:32:01"
"publication_final\presentation\sea_level_research_presentation\slide-1.png","publication_delivery","69019","2026-07-12T16:34:44"
"publication_final\presentation\sea_level_research_presentation\slide-10.png","publication_delivery","113553","2026-07-12T16:34:45"
"publication_final\presentation\sea_level_research_presentation\slide-11.png","publication_delivery","111839","2026-07-12T16:34:46"
"publication_final\presentation\sea_level_research_presentation\slide-12.png","publication_delivery","91331","2026-07-12T16:34:46"
"publication_final\presentation\sea_level_research_presentation\slide-13.png","publication_delivery","105081","2026-07-12T16:34:46"
"publication_final\presentation\sea_level_research_presentation\slide-14.png","publication_delivery","71944","2026-07-12T16:34:46"
"publication_final\presentation\sea_level_research_presentation\slide-15.png","publication_delivery","83486","2026-07-12T16:34:46"
"publication_final\presentation\sea_level_research_presentation\slide-16.png","publication_delivery","88052","2026-07-12T16:34:46"
"publication_final\presentation\sea_level_research_presentation\slide-17.png","publication_delivery","127409","2026-07-12T16:34:47"
"publication_final\presentation\sea_level_research_presentation\slide-18.png","publication_delivery","70574","2026-07-12T16:34:47"
"publication_final\presentation\sea_level_research_presentation\slide-19.png","publication_delivery","63373","2026-07-12T16:34:47"
"publication_final\presentation\sea_level_research_presentation\slide-2.png","publication_delivery","79438","2026-07-12T16:34:44"
"publication_final\presentation\sea_level_research_presentation\slide-20.png","publication_delivery","54008","2026-07-12T16:34:47"
"publication_final\presentation\sea_level_research_presentation\slide-3.png","publication_delivery","70015","2026-07-12T16:34:44"
"publication_final\presentation\sea_level_research_presentation\slide-4.png","publication_delivery","71247","2026-07-12T16:34:44"
"publication_final\presentation\sea_level_research_presentation\slide-5.png","publication_delivery","73509","2026-07-12T16:34:44"
"publication_final\presentation\sea_level_research_presentation\slide-6.png","publication_delivery","65748","2026-07-12T16:34:45"
"publication_final\presentation\sea_level_research_presentation\slide-7.png","publication_delivery","113268","2026-07-12T16:34:45"
"publication_final\presentation\sea_level_research_presentation\slide-8.png","publication_delivery","170475","2026-07-12T16:34:45"
"publication_final\presentation\sea_level_research_presentation\slide-9.png","publication_delivery","148227","2026-07-12T16:34:45"
"publication_final\qa\make_contact_sheet.py","publication_delivery","1285","2026-07-12T10:27:17"
"publication_final\qa\make_doc_contact_sheets.py","publication_delivery","1027","2026-07-11T22:17:45"
"publication_final\qa\make_slide_contact_sheet.py","publication_delivery","965","2026-07-11T22:06:47"
"publication_final\qa\paper_contact_sheet.png","publication_delivery","924781","2026-07-11T21:42:45"
"publication_final\qa\paper_cycle_contact_sheet.png","publication_delivery","1202699","2026-07-12T16:27:08"
"publication_final\qa\paper_cycle_pages\page-01.png","publication_delivery","158636","2026-07-12T16:26:43"
"publication_final\qa\paper_cycle_pages\page-02.png","publication_delivery","154955","2026-07-12T16:26:43"
"publication_final\qa\paper_cycle_pages\page-03.png","publication_delivery","150999","2026-07-12T16:26:43"
"publication_final\qa\paper_cycle_pages\page-04.png","publication_delivery","129469","2026-07-12T16:26:43"
"publication_final\qa\paper_cycle_pages\page-05.png","publication_delivery","125535","2026-07-12T16:26:43"
"publication_final\qa\paper_cycle_pages\page-06.png","publication_delivery","150731","2026-07-12T16:26:43"
"publication_final\qa\paper_cycle_pages\page-07.png","publication_delivery","154198","2026-07-12T16:26:43"
"publication_final\qa\paper_cycle_pages\page-08.png","publication_delivery","96263","2026-07-12T16:26:43"
"publication_final\qa\paper_cycle_pages\page-09.png","publication_delivery","152166","2026-07-12T16:26:43"
"publication_final\qa\paper_cycle_pages\page-10.png","publication_delivery","112256","2026-07-12T16:26:43"
"publication_final\qa\paper_cycle_pages\page-11.png","publication_delivery","106910","2026-07-12T16:26:43"
"publication_final\qa\paper_cycle_pages\page-12.png","publication_delivery","140901","2026-07-12T16:26:43"
"publication_final\qa\paper_cycle_pages\page-13.png","publication_delivery","133405","2026-07-12T16:26:43"
"publication_final\qa\paper_cycle_pages\page-14.png","publication_delivery","109981","2026-07-12T16:26:44"
"publication_final\qa\paper_cycle_pages\page-15.png","publication_delivery","143947","2026-07-12T16:26:44"
"publication_final\qa\paper_cycle_pages\page-16.png","publication_delivery","137418","2026-07-12T16:26:44"
"publication_final\qa\paper_cycle_pages\page-17.png","publication_delivery","149904","2026-07-12T16:26:44"
"publication_final\qa\paper_cycle_pages\page-18.png","publication_delivery","143366","2026-07-12T16:26:44"
"publication_final\qa\paper_cycle_pages\page-19.png","publication_delivery","145060","2026-07-12T16:26:44"
"publication_final\qa\paper_cycle_pages\page-20.png","publication_delivery","135100","2026-07-12T16:26:44"
"publication_final\qa\paper_cycle_pages\page-21.png","publication_delivery","147931","2026-07-12T16:26:45"
"publication_final\qa\paper_cycle_pages\page-22.png","publication_delivery","127405","2026-07-12T16:26:45"
"publication_final\qa\paper_cycle_pages\page-23.png","publication_delivery","123480","2026-07-12T16:26:45"
"publication_final\qa\paper_cycle_pages\page-24.png","publication_delivery","137902","2026-07-12T16:26:45"
"publication_final\qa\paper_cycle_pages\page-25.png","publication_delivery","107870","2026-07-12T16:26:45"
"publication_final\qa\paper_cycle_pages\page-26.png","publication_delivery","144031","2026-07-12T16:26:45"
"publication_final\qa\paper_cycle_pages\page-27.png","publication_delivery","150835","2026-07-12T16:26:45"
"publication_final\qa\paper_cycle_pages\page-28.png","publication_delivery","145224","2026-07-12T16:26:45"
"publication_final\qa\paper_cycle_pages\page-29.png","publication_delivery","158253","2026-07-12T16:26:45"
"publication_final\qa\paper_cycle_pages\page-30.png","publication_delivery","158397","2026-07-12T16:26:45"
"publication_final\qa\paper_cycle_pages\page-31.png","publication_delivery","109461","2026-07-12T16:26:45"
"publication_final\qa\paper_cycle_pages\page-32.png","publication_delivery","139032","2026-07-12T16:26:46"
"publication_final\qa\paper_cycle_pages\page-33.png","publication_delivery","141880","2026-07-12T16:26:46"
"publication_final\qa\paper_cycle_pages\page-34.png","publication_delivery","25958","2026-07-12T16:26:46"
"publication_final\qa\paper_cycle_pages\page-35.png","publication_delivery","105065","2026-07-12T16:26:46"
"publication_final\qa\paper_cycle_pages\page-36.png","publication_delivery","87921","2026-07-12T16:26:46"
"publication_final\qa\paper_pages\page-01.png","publication_delivery","172951","2026-07-11T21:40:54"
"publication_final\qa\paper_pages\page-02.png","publication_delivery","147874","2026-07-11T21:40:54"
"publication_final\qa\paper_pages\page-03.png","publication_delivery","161903","2026-07-11T21:40:55"
"publication_final\qa\paper_pages\page-04.png","publication_delivery","107909","2026-07-11T21:40:56"
"publication_final\qa\paper_pages\page-05.png","publication_delivery","156938","2026-07-11T21:40:56"
"publication_final\qa\paper_pages\page-06.png","publication_delivery","154318","2026-07-11T21:40:56"
"publication_final\qa\paper_pages\page-07.png","publication_delivery","155440","2026-07-11T21:40:57"
"publication_final\qa\paper_pages\page-08.png","publication_delivery","101337","2026-07-11T21:40:58"
"publication_final\qa\paper_pages\page-09.png","publication_delivery","138018","2026-07-11T21:40:58"
"publication_final\qa\paper_pages\page-10.png","publication_delivery","111782","2026-07-11T21:40:59"
"publication_final\qa\paper_pages\page-11.png","publication_delivery","138188","2026-07-11T21:40:59"
"publication_final\qa\paper_pages\page-12.png","publication_delivery","118280","2026-07-11T21:41:00"
"publication_final\qa\paper_pages\page-13.png","publication_delivery","151081","2026-07-11T21:41:00"
"publication_final\qa\paper_pages\page-14.png","publication_delivery","155607","2026-07-11T21:41:01"
"publication_final\qa\paper_pages\page-15.png","publication_delivery","151667","2026-07-11T21:41:02"
"publication_final\qa\paper_pages\page-16.png","publication_delivery","144613","2026-07-11T21:41:03"
"publication_final\qa\paper_pages\page-17.png","publication_delivery","129286","2026-07-11T21:41:03"
"publication_final\qa\paper_pages\page-18.png","publication_delivery","132182","2026-07-11T21:41:04"
"publication_final\qa\paper_pages\page-19.png","publication_delivery","111300","2026-07-11T21:41:05"
"publication_final\qa\paper_pages\page-20.png","publication_delivery","136868","2026-07-11T21:41:06"
"publication_final\qa\paper_pages\page-21.png","publication_delivery","157240","2026-07-11T21:41:06"
"publication_final\qa\paper_pages\page-22.png","publication_delivery","153345","2026-07-11T21:41:06"
"publication_final\qa\paper_pages\page-23.png","publication_delivery","156863","2026-07-11T21:41:07"
"publication_final\qa\paper_pages\page-24.png","publication_delivery","131176","2026-07-11T21:41:07"
"publication_final\qa\paper_pages\page-25.png","publication_delivery","120170","2026-07-11T21:41:08"
"publication_final\qa\paper_pages\page-26.png","publication_delivery","147131","2026-07-11T21:41:08"
"publication_final\qa\paper_pages\page-27.png","publication_delivery","61984","2026-07-11T21:41:08"
"publication_final\qa\paper_pages\page-28.png","publication_delivery","112011","2026-07-11T21:41:09"
"publication_final\qa\paper_pages\page-29.png","publication_delivery","43542","2026-07-11T21:41:09"
"publication_final\qa\paper_story_and_evidence_guide_cn_cycle_pages\page-01.png","publication_delivery","122626","2026-07-12T16:39:43"
"publication_final\qa\paper_story_and_evidence_guide_cn_cycle_pages\page-02.png","publication_delivery","108964","2026-07-12T16:39:43"
"publication_final\qa\paper_story_and_evidence_guide_cn_cycle_pages\page-03.png","publication_delivery","181546","2026-07-12T16:39:44"
"publication_final\qa\paper_story_and_evidence_guide_cn_cycle_pages\page-04.png","publication_delivery","131808","2026-07-12T16:39:44"
"publication_final\qa\paper_story_and_evidence_guide_cn_cycle_pages\page-05.png","publication_delivery","81632","2026-07-12T16:39:44"
"publication_final\qa\paper_story_cycle_contact_sheet.png","publication_delivery","167722","2026-07-12T16:40:01"
"publication_final\qa\paper_updated_contact_sheet.png","publication_delivery","1077242","2026-07-12T10:27:45"
"publication_final\qa\paper_updated_pages\page-01.png","publication_delivery","166546","2026-07-12T10:25:56"
"publication_final\qa\paper_updated_pages\page-02.png","publication_delivery","150817","2026-07-12T10:25:57"
"publication_final\qa\paper_updated_pages\page-03.png","publication_delivery","157838","2026-07-12T10:25:58"
"publication_final\qa\paper_updated_pages\page-04.png","publication_delivery","135218","2026-07-12T10:25:58"
"publication_final\qa\paper_updated_pages\page-05.png","publication_delivery","120208","2026-07-12T10:25:59"
"publication_final\qa\paper_updated_pages\page-06.png","publication_delivery","162712","2026-07-12T10:26:00"
"publication_final\qa\paper_updated_pages\page-07.png","publication_delivery","143836","2026-07-12T10:26:00"
"publication_final\qa\paper_updated_pages\page-08.png","publication_delivery","111800","2026-07-12T10:26:02"
"publication_final\qa\paper_updated_pages\page-09.png","publication_delivery","148995","2026-07-12T10:26:02"
"publication_final\qa\paper_updated_pages\page-10.png","publication_delivery","113971","2026-07-12T10:26:04"
"publication_final\qa\paper_updated_pages\page-11.png","publication_delivery","152614","2026-07-12T10:26:04"
"publication_final\qa\paper_updated_pages\page-12.png","publication_delivery","131706","2026-07-12T10:26:05"
"publication_final\qa\paper_updated_pages\page-13.png","publication_delivery","108907","2026-07-12T10:26:06"
"publication_final\qa\paper_updated_pages\page-14.png","publication_delivery","158793","2026-07-12T10:26:06"
"publication_final\qa\paper_updated_pages\page-15.png","publication_delivery","139970","2026-07-12T10:26:07"
"publication_final\qa\paper_updated_pages\page-16.png","publication_delivery","166180","2026-07-12T10:26:09"
"publication_final\qa\paper_updated_pages\page-17.png","publication_delivery","150438","2026-07-12T10:26:10"
"publication_final\qa\paper_updated_pages\page-18.png","publication_delivery","151308","2026-07-12T10:26:11"
"publication_final\qa\paper_updated_pages\page-19.png","publication_delivery","146022","2026-07-12T10:26:12"
"publication_final\qa\paper_updated_pages\page-20.png","publication_delivery","155879","2026-07-12T10:26:13"
"publication_final\qa\paper_updated_pages\page-21.png","publication_delivery","116936","2026-07-12T10:26:14"
"publication_final\qa\paper_updated_pages\page-22.png","publication_delivery","114463","2026-07-12T10:26:15"
"publication_final\qa\paper_updated_pages\page-23.png","publication_delivery","123254","2026-07-12T10:26:15"
"publication_final\qa\paper_updated_pages\page-24.png","publication_delivery","145073","2026-07-12T10:26:16"
"publication_final\qa\paper_updated_pages\page-25.png","publication_delivery","152934","2026-07-12T10:26:17"
"publication_final\qa\paper_updated_pages\page-26.png","publication_delivery","170628","2026-07-12T10:26:18"
"publication_final\qa\paper_updated_pages\page-27.png","publication_delivery","164263","2026-07-12T10:26:18"
"publication_final\qa\paper_updated_pages\page-28.png","publication_delivery","113940","2026-07-12T10:26:19"
"publication_final\qa\paper_updated_pages\page-29.png","publication_delivery","146471","2026-07-12T10:26:19"
"publication_final\qa\paper_updated_pages\page-30.png","publication_delivery","148941","2026-07-12T10:26:20"
"publication_final\qa\paper_updated_pages\page-31.png","publication_delivery","25065","2026-07-12T10:26:20"
"publication_final\qa\paper_updated_pages\page-32.png","publication_delivery","111979","2026-07-12T10:26:20"
"publication_final\qa\paper_updated_pages\page-33.png","publication_delivery","92479","2026-07-12T10:26:21"
"publication_final\qa\pdf_priority12\audit-24.png","publication_delivery","144456","2026-07-14T02:47:21"
"publication_final\qa\pdf_priority12\audit-25.png","publication_delivery","129599","2026-07-14T02:47:21"
"publication_final\qa\pdf_priority12\audit-26.png","publication_delivery","125153","2026-07-14T02:47:22"
"publication_final\qa\pdf_priority12\page-16.png","publication_delivery","147462","2026-07-14T02:39:50"
"publication_final\qa\pdf_priority12\page-17.png","publication_delivery","162375","2026-07-14T02:39:50"
"publication_final\qa\pdf_priority12\page-18.png","publication_delivery","161335","2026-07-14T02:39:51"
"publication_final\qa\pdf_priority12\page-19.png","publication_delivery","147472","2026-07-14T02:39:52"
"publication_final\qa\pdf_priority12\page-20.png","publication_delivery","142771","2026-07-14T02:39:53"
"publication_final\qa\pdf_priority12\page-21.png","publication_delivery","146158","2026-07-14T02:39:53"
"publication_final\qa\pdf_priority12\page-22.png","publication_delivery","157827","2026-07-14T02:39:54"
"publication_final\qa\pdf_priority12\page-23.png","publication_delivery","149127","2026-07-14T02:39:54"
"publication_final\qa\pdf_priority12\page-24.png","publication_delivery","162244","2026-07-14T02:39:55"
"publication_final\qa\pdf_priority12\page-25.png","publication_delivery","129889","2026-07-14T02:39:56"
"publication_final\qa\pdf_priority12\updated-17.png","publication_delivery","152223","2026-07-14T02:43:56"
"publication_final\qa\pdf_priority12\updated-18.png","publication_delivery","142665","2026-07-14T02:43:57"
"publication_final\qa\pdf_priority12\updated-19.png","publication_delivery","158993","2026-07-14T02:43:58"
"publication_final\qa\pdf_priority12\updated-20.png","publication_delivery","154678","2026-07-14T02:43:59"
"publication_final\qa\pdf_priority12\updated-21.png","publication_delivery","154925","2026-07-14T02:44:00"
"publication_final\qa\physics_regularization_ppt_review\montage.png","publication_delivery","1270037","2026-07-15T20:11:20"
"publication_final\qa\physics_regularization_ppt_review\slides\slide-1.png","publication_delivery","1350102","2026-07-15T20:05:06"
"publication_final\qa\physics_regularization_ppt_review\slides\slide-10.png","publication_delivery","1458118","2026-07-15T20:05:32"
"publication_final\qa\physics_regularization_ppt_review\slides\slide-11.png","publication_delivery","1642437","2026-07-15T20:05:33"
"publication_final\qa\physics_regularization_ppt_review\slides\slide-12.png","publication_delivery","1260136","2026-07-15T20:05:35"
"publication_final\qa\physics_regularization_ppt_review\slides\slide-13.png","publication_delivery","1271824","2026-07-15T20:05:36"
"publication_final\qa\physics_regularization_ppt_review\slides\slide-14.png","publication_delivery","1253228","2026-07-15T20:05:38"
"publication_final\qa\physics_regularization_ppt_review\slides\slide-2.png","publication_delivery","2096718","2026-07-15T20:05:09"
"publication_final\qa\physics_regularization_ppt_review\slides\slide-3.png","publication_delivery","2074780","2026-07-15T20:05:12"
"publication_final\qa\physics_regularization_ppt_review\slides\slide-4.png","publication_delivery","1491438","2026-07-15T20:05:15"
"publication_final\qa\physics_regularization_ppt_review\slides\slide-5.png","publication_delivery","1557060","2026-07-15T20:05:19"
"publication_final\qa\physics_regularization_ppt_review\slides\slide-6.png","publication_delivery","1961018","2026-07-15T20:05:23"
"publication_final\qa\physics_regularization_ppt_review\slides\slide-7.png","publication_delivery","1811690","2026-07-15T20:05:26"
"publication_final\qa\physics_regularization_ppt_review\slides\slide-8.png","publication_delivery","1858593","2026-07-15T20:05:28"
"publication_final\qa\physics_regularization_ppt_review\slides\slide-9.png","publication_delivery","2154453","2026-07-15T20:05:30"
"publication_final\qa\presentation_speech_script_cn_cycle_pages\page-01.png","publication_delivery","229537","2026-07-12T16:39:44"
"publication_final\qa\presentation_speech_script_cn_cycle_pages\page-02.png","publication_delivery","238941","2026-07-12T16:39:44"
"publication_final\qa\presentation_speech_script_cn_cycle_pages\page-03.png","publication_delivery","271264","2026-07-12T16:39:44"
"publication_final\qa\presentation_speech_script_cn_cycle_pages\page-04.png","publication_delivery","193726","2026-07-12T16:39:44"
"publication_final\qa\presentation1_review\montage.png","publication_delivery","552683","2026-07-14T23:30:12"
"publication_final\qa\presentation1_review\slides\slide-1.png","publication_delivery","69019","2026-07-14T23:28:59"
"publication_final\qa\presentation1_review\slides\slide-10.png","publication_delivery","113553","2026-07-14T23:29:01"
"publication_final\qa\presentation1_review\slides\slide-11.png","publication_delivery","111839","2026-07-14T23:29:01"
"publication_final\qa\presentation1_review\slides\slide-12.png","publication_delivery","91331","2026-07-14T23:29:01"
"publication_final\qa\presentation1_review\slides\slide-13.png","publication_delivery","105081","2026-07-14T23:29:01"
"publication_final\qa\presentation1_review\slides\slide-14.png","publication_delivery","71944","2026-07-14T23:29:02"
"publication_final\qa\presentation1_review\slides\slide-15.png","publication_delivery","83486","2026-07-14T23:29:02"
"publication_final\qa\presentation1_review\slides\slide-16.png","publication_delivery","88052","2026-07-14T23:29:02"
"publication_final\qa\presentation1_review\slides\slide-17.png","publication_delivery","127409","2026-07-14T23:29:02"
"publication_final\qa\presentation1_review\slides\slide-18.png","publication_delivery","70574","2026-07-14T23:29:02"
"publication_final\qa\presentation1_review\slides\slide-19.png","publication_delivery","63373","2026-07-14T23:29:02"
"publication_final\qa\presentation1_review\slides\slide-2.png","publication_delivery","79438","2026-07-14T23:29:00"
"publication_final\qa\presentation1_review\slides\slide-20.png","publication_delivery","54008","2026-07-14T23:29:02"
"publication_final\qa\presentation1_review\slides\slide-3.png","publication_delivery","70015","2026-07-14T23:29:00"
"publication_final\qa\presentation1_review\slides\slide-4.png","publication_delivery","71247","2026-07-14T23:29:00"
"publication_final\qa\presentation1_review\slides\slide-5.png","publication_delivery","73509","2026-07-14T23:29:00"
"publication_final\qa\presentation1_review\slides\slide-6.png","publication_delivery","65748","2026-07-14T23:29:00"
"publication_final\qa\presentation1_review\slides\slide-7.png","publication_delivery","113268","2026-07-14T23:29:00"
"publication_final\qa\presentation1_review\slides\slide-8.png","publication_delivery","170475","2026-07-14T23:29:00"
"publication_final\qa\presentation1_review\slides\slide-9.png","publication_delivery","148227","2026-07-14T23:29:01"
"publication_final\qa\slides_contact_sheet.png","publication_delivery","391471","2026-07-12T16:35:23"
"publication_final\qa\speech_cycle_contact_sheet.png","publication_delivery","195568","2026-07-12T16:40:01"
"publication_final\qa\speech_doc\page-1.png","publication_delivery","69986","2026-07-11T22:16:48"
"publication_final\qa\speech_doc\page-2.png","publication_delivery","252216","2026-07-11T22:16:49"
"publication_final\qa\speech_doc\page-3.png","publication_delivery","289346","2026-07-11T22:16:49"
"publication_final\qa\speech_doc\page-4.png","publication_delivery","242653","2026-07-11T22:16:50"
"publication_final\qa\speech_doc\page-5.png","publication_delivery","221970","2026-07-11T22:16:50"
"publication_final\qa\speech_doc\page-6.png","publication_delivery","241844","2026-07-11T22:16:51"
"publication_final\qa\speech_doc\page-7.png","publication_delivery","132021","2026-07-11T22:16:51"
"publication_final\qa\speech_doc\presentation_speech_script_cn.pdf","publication_delivery","641692","2026-07-11T22:15:11"
"publication_final\qa\speech_doc_contact_sheet.png","publication_delivery","317222","2026-07-11T22:18:04"
"publication_final\qa\speech_pdf_updated\page-1.png","publication_delivery","223763","2026-07-12T12:03:54"
"publication_final\qa\speech_pdf_updated\page-2.png","publication_delivery","225079","2026-07-12T12:03:55"
"publication_final\qa\speech_pdf_updated\page-3.png","publication_delivery","232358","2026-07-12T12:03:55"
"publication_final\qa\speech_pdf_updated\page-4.png","publication_delivery","73049","2026-07-12T12:03:56"
"publication_final\qa\story_doc\page-01.png","publication_delivery","70392","2026-07-11T22:16:52"
"publication_final\qa\story_doc\page-02.png","publication_delivery","196036","2026-07-11T22:16:52"
"publication_final\qa\story_doc\page-03.png","publication_delivery","173671","2026-07-11T22:16:53"
"publication_final\qa\story_doc\page-04.png","publication_delivery","184613","2026-07-11T22:16:53"
"publication_final\qa\story_doc\page-05.png","publication_delivery","199019","2026-07-11T22:16:54"
"publication_final\qa\story_doc\page-06.png","publication_delivery","124537","2026-07-11T22:16:54"
"publication_final\qa\story_doc\page-07.png","publication_delivery","208981","2026-07-11T22:16:54"
"publication_final\qa\story_doc\page-08.png","publication_delivery","198498","2026-07-11T22:16:55"
"publication_final\qa\story_doc\page-09.png","publication_delivery","170241","2026-07-11T22:16:56"
"publication_final\qa\story_doc\page-10.png","publication_delivery","197677","2026-07-11T22:16:56"
"publication_final\qa\story_doc\page-11.png","publication_delivery","172889","2026-07-11T22:16:57"
"publication_final\qa\story_doc\page-12.png","publication_delivery","254784","2026-07-11T22:16:57"
"publication_final\qa\story_doc\paper_story_and_evidence_guide_cn.pdf","publication_delivery","2640345","2026-07-11T22:16:16"
"publication_final\qa\story_doc_contact_sheet.png","publication_delivery","468644","2026-07-11T22:18:04"
"publication_final\qa\story_pdf_updated\page-1.png","publication_delivery","119702","2026-07-12T12:03:48"
"publication_final\qa\story_pdf_updated\page-2.png","publication_delivery","106631","2026-07-12T12:03:50"
"publication_final\qa\story_pdf_updated\page-3.png","publication_delivery","152281","2026-07-12T12:03:52"
"publication_final\qa\story_pdf_updated\page-4.png","publication_delivery","144421","2026-07-12T12:03:53"
"publication_final\scripts\build_bilingual_presentation_guide.py","publication_delivery","53197","2026-07-14T23:39:32"
"publication_final\sea_level_clean_manuscript_preview.pdf","publication_delivery","1118439","2026-07-28T01:24:08"
"publication_final\sea_level_paper_priority12_final_15pages.pdf","publication_delivery","3481965","2026-07-14T09:59:08"
"publication_final\sea_level_paper_updated_15pages.pdf","publication_delivery","2802982","2026-07-12T23:12:00"
"publication_final\sea_level_publication_complete_package.zip","publication_delivery","16129546","2026-07-12T16:45:10"
"publication_final\SEA_LEVEL_PUBLICATION_EXPERIMENT_AUDIT_CN.md","publication_delivery","4020","2026-07-28T01:30:04"
"publication_final\SeaLevel_Overleaf_Priority12_20260714.zip","publication_delivery","6372414","2026-07-14T02:52:55"
"publication_final\SeaLevel_Overleaf_Priority12_20260714_final.zip","publication_delivery","6372414","2026-07-14T02:55:11"
"publication_final\submission_15page\build\main_15page.aux","publication_delivery","5629","2026-07-11T23:04:05"
"publication_final\submission_15page\build\main_15page.log","publication_delivery","17429","2026-07-11T23:04:05"
"publication_final\submission_15page\build\main_15page.out","publication_delivery","3458","2026-07-11T23:04:05"
"publication_final\submission_15page\build\main_15page.pdf","publication_delivery","1709778","2026-07-11T23:04:05"
"publication_final\submission_15page\main_15page.tex","publication_delivery","28215","2026-07-11T23:03:04"
"publication_final\submission_15page\qa\applied_ocean_research_15page.pdf","publication_delivery","1709778","2026-07-11T23:04:05"
"publication_final\submission_15page\qa\contact.png","publication_delivery","449930","2026-07-11T23:05:07"
"publication_final\submission_15page\qa\make_contact.py","publication_delivery","867","2026-07-11T22:55:47"
"publication_final\submission_15page\qa\page-01.png","publication_delivery","121746","2026-07-11T23:04:57"
"publication_final\submission_15page\qa\page-02.png","publication_delivery","134358","2026-07-11T23:04:57"
"publication_final\submission_15page\qa\page-03.png","publication_delivery","148974","2026-07-11T23:04:58"
"publication_final\submission_15page\qa\page-04.png","publication_delivery","106219","2026-07-11T23:04:58"
"publication_final\submission_15page\qa\page-05.png","publication_delivery","146458","2026-07-11T23:04:59"
"publication_final\submission_15page\qa\page-06.png","publication_delivery","101935","2026-07-11T23:04:59"
"publication_final\submission_15page\qa\page-07.png","publication_delivery","158622","2026-07-11T23:05:00"
"publication_final\submission_15page\qa\page-08.png","publication_delivery","194179","2026-07-11T23:05:01"
"publication_final\submission_15page\qa\page-09.png","publication_delivery","141992","2026-07-11T23:05:02"
"publication_final\submission_15page\qa\page-10.png","publication_delivery","125582","2026-07-11T23:05:04"
"publication_final\submission_15page\qa\page-11.png","publication_delivery","103771","2026-07-11T23:05:04"
"publication_final\submission_15page\qa\page-12.png","publication_delivery","108474","2026-07-11T23:05:04"
"publication_final\submission_15page\qa\page-13.png","publication_delivery","106376","2026-07-11T23:05:05"
"publication_final\submission_15page\qa\page-14.png","publication_delivery","127888","2026-07-11T23:05:05"
"publication_final\submission_15page\qa\page-15.png","publication_delivery","207359","2026-07-11T23:05:06"
"publication_final\submission_15page_priority12\build\main_15page_priority12.aux","publication_delivery","22017","2026-07-14T09:59:08"
"publication_final\submission_15page_priority12\build\main_15page_priority12.bbl","publication_delivery","7365","2026-07-14T09:59:08"
"publication_final\submission_15page_priority12\build\main_15page_priority12.blg","publication_delivery","338","2026-07-14T09:59:08"
"publication_final\submission_15page_priority12\build\main_15page_priority12.log","publication_delivery","50539","2026-07-14T09:59:08"
"publication_final\submission_15page_priority12\build\main_15page_priority12.out","publication_delivery","9362","2026-07-14T09:59:08"
"publication_final\submission_15page_priority12\build\main_15page_priority12.pdf","publication_delivery","3481965","2026-07-14T09:59:08"
"publication_final\submission_15page_priority12\main_15page_priority12.tex","publication_delivery","59556","2026-07-14T09:57:50"
"publication_final\submission_15page_priority12\qa\contact.png","publication_delivery","807506","2026-07-14T09:48:03"
"publication_final\submission_15page_priority12\qa\final-contact.png","publication_delivery","808475","2026-07-14T10:04:23"
"publication_final\submission_15page_priority12\qa\final-page-01.png","publication_delivery","316682","2026-07-14T10:02:26"
"publication_final\submission_15page_priority12\qa\final-page-02.png","publication_delivery","372632","2026-07-14T10:02:28"
"publication_final\submission_15page_priority12\qa\final-page-03.png","publication_delivery","355812","2026-07-14T10:02:29"
"publication_final\submission_15page_priority12\qa\final-page-04.png","publication_delivery","376465","2026-07-14T10:02:30"
"publication_final\submission_15page_priority12\qa\final-page-05.png","publication_delivery","357490","2026-07-14T10:02:32"
"publication_final\submission_15page_priority12\qa\final-page-06.png","publication_delivery","350154","2026-07-14T10:02:33"
"publication_final\submission_15page_priority12\qa\final-page-07.png","publication_delivery","407790","2026-07-14T10:02:35"
"publication_final\submission_15page_priority12\qa\final-page-08.png","publication_delivery","380213","2026-07-14T10:02:37"
"publication_final\submission_15page_priority12\qa\final-page-09.png","publication_delivery","386149","2026-07-14T10:02:39"
"publication_final\submission_15page_priority12\qa\final-page-10.png","publication_delivery","351269","2026-07-14T10:02:41"
"publication_final\submission_15page_priority12\qa\final-page-11.png","publication_delivery","391185","2026-07-14T10:02:43"
"publication_final\submission_15page_priority12\qa\final-page-12.png","publication_delivery","381679","2026-07-14T10:02:44"
"publication_final\submission_15page_priority12\qa\final-page-13.png","publication_delivery","383271","2026-07-14T10:02:45"
"publication_final\submission_15page_priority12\qa\final-page-14.png","publication_delivery","369494","2026-07-14T10:02:46"
"publication_final\submission_15page_priority12\qa\final-page-15.png","publication_delivery","205020","2026-07-14T10:02:47"
"publication_final\submission_15page_priority12\qa\make_contact.py","publication_delivery","879","2026-07-14T10:03:54"
"publication_final\submission_15page_priority12\qa\page-01.png","publication_delivery","313975","2026-07-14T09:44:46"
"publication_final\submission_15page_priority12\qa\page-02.png","publication_delivery","371730","2026-07-14T09:44:47"
"publication_final\submission_15page_priority12\qa\page-03.png","publication_delivery","357477","2026-07-14T09:44:48"
"publication_final\submission_15page_priority12\qa\page-04.png","publication_delivery","372632","2026-07-14T09:44:49"
"publication_final\submission_15page_priority12\qa\page-05.png","publication_delivery","353145","2026-07-14T09:44:50"
"publication_final\submission_15page_priority12\qa\page-06.png","publication_delivery","350573","2026-07-14T09:44:51"
"publication_final\submission_15page_priority12\qa\page-07.png","publication_delivery","393150","2026-07-14T09:44:53"
"publication_final\submission_15page_priority12\qa\page-08.png","publication_delivery","397075","2026-07-14T09:44:54"
"publication_final\submission_15page_priority12\qa\page-09.png","publication_delivery","374540","2026-07-14T09:44:57"
"publication_final\submission_15page_priority12\qa\page-10.png","publication_delivery","337144","2026-07-14T09:44:58"
"publication_final\submission_15page_priority12\qa\page-11.png","publication_delivery","368931","2026-07-14T09:45:00"
"publication_final\submission_15page_priority12\qa\page-12.png","publication_delivery","375798","2026-07-14T09:45:01"
"publication_final\submission_15page_priority12\qa\page-13.png","publication_delivery","379665","2026-07-14T09:45:02"
"publication_final\submission_15page_priority12\qa\page-14.png","publication_delivery","365480","2026-07-14T09:45:03"
"publication_final\submission_15page_priority12\qa\page-15.png","publication_delivery","238122","2026-07-14T09:45:04"
"publication_final\submission_15page_updated\build\main_15page_updated.aux","publication_delivery","17790","2026-07-12T23:12:00"
"publication_final\submission_15page_updated\build\main_15page_updated.bbl","publication_delivery","7365","2026-07-12T23:12:00"
"publication_final\submission_15page_updated\build\main_15page_updated.blg","publication_delivery","335","2026-07-12T23:12:00"
"publication_final\submission_15page_updated\build\main_15page_updated.log","publication_delivery","50080","2026-07-12T23:12:00"
"publication_final\submission_15page_updated\build\main_15page_updated.out","publication_delivery","8501","2026-07-12T23:12:00"
"publication_final\submission_15page_updated\build\main_15page_updated.pdf","publication_delivery","2802982","2026-07-12T23:12:00"
"publication_final\submission_15page_updated\main_15page_updated.tex","publication_delivery","49376","2026-07-12T23:11:22"
"publication_final\submission_15page_updated\qa\contact_sheet.png","publication_delivery","942387","2026-07-12T23:04:05"
"publication_final\submission_15page_updated\qa\page-01.png","publication_delivery","280963","2026-07-12T23:03:41"
"publication_final\submission_15page_updated\qa\page-02.png","publication_delivery","316926","2026-07-12T23:03:41"
"publication_final\submission_15page_updated\qa\page-03.png","publication_delivery","327698","2026-07-12T23:03:41"
"publication_final\submission_15page_updated\qa\page-04.png","publication_delivery","306764","2026-07-12T23:03:41"
"publication_final\submission_15page_updated\qa\page-04-final.png","publication_delivery","306908","2026-07-12T23:10:07"
"publication_final\submission_15page_updated\qa\page-04-final2.png","publication_delivery","303026","2026-07-12T23:12:26"
"publication_final\submission_15page_updated\qa\page-05.png","publication_delivery","306327","2026-07-12T23:03:42"
"publication_final\submission_15page_updated\qa\page-06.png","publication_delivery","327483","2026-07-12T23:03:42"
"publication_final\submission_15page_updated\qa\page-06-final.png","publication_delivery","315697","2026-07-12T23:07:17"
"publication_final\submission_15page_updated\qa\page-07.png","publication_delivery","314485","2026-07-12T23:03:42"
"publication_final\submission_15page_updated\qa\page-08.png","publication_delivery","343831","2026-07-12T23:03:42"
"publication_final\submission_15page_updated\qa\page-09.png","publication_delivery","334435","2026-07-12T23:03:42"
"publication_final\submission_15page_updated\qa\page-10.png","publication_delivery","319558","2026-07-12T23:03:43"
"publication_final\submission_15page_updated\qa\page-11.png","publication_delivery","313818","2026-07-12T23:03:43"
"publication_final\submission_15page_updated\qa\page-12.png","publication_delivery","331860","2026-07-12T23:03:43"
"publication_final\submission_15page_updated\qa\page-13.png","publication_delivery","305079","2026-07-12T23:03:43"
"publication_final\submission_15page_updated\qa\page-14.png","publication_delivery","386520","2026-07-12T23:03:43"
"publication_final\submission_15page_updated\qa\page-15.png","publication_delivery","67578","2026-07-12T23:03:43"
"publication_final\templates\Scientific_Reports\source\jabbrv.sty","publication_delivery","15480","2026-07-17T13:00:38"
"publication_final\templates\Scientific_Reports\source\jabbrv-ltwa-all.ldf","publication_delivery","49107","2026-07-17T13:00:38"
"publication_final\templates\Scientific_Reports\source\jabbrv-ltwa-en.ldf","publication_delivery","268657","2026-07-17T13:00:38"
"publication_final\templates\Scientific_Reports\source\main.tex","publication_delivery","30674","2026-07-17T13:00:38"
"publication_final\templates\Scientific_Reports\source\naturemag-doi.bst","publication_delivery","36153","2026-07-17T13:00:38"
"publication_final\templates\Scientific_Reports\source\sample.bib","publication_delivery","9847","2026-07-17T13:00:38"
"publication_final\templates\Scientific_Reports\source\stream.jpg","publication_delivery","379752","2026-07-17T13:00:38"
"publication_final\templates\Scientific_Reports\source\wlscirep.cls","publication_delivery","5824","2026-07-17T13:00:38"
"publication_final\templates\Scientific_Reports\Template_for_submissions_to_Scientific_Reports__New_.zip","publication_delivery","476823","2026-07-17T21:00:39"
"results\ablation\seed_123\shard_w2\coops_features_used.csv","results","227","2026-07-11T18:19:07"
"results\ablation\seed_123\shard_w2\horizon_24h\eta_only\metrics.csv","results","1908","2026-07-11T18:19:59"
"results\ablation\seed_123\shard_w2\horizon_24h\eta_only\per_lead_metrics.csv","results","2035","2026-07-11T18:19:59"
"results\ablation\seed_123\shard_w2\horizon_24h\eta_only\predictions.npz","results","10145460","2026-07-11T18:20:00"
"results\ablation\seed_123\shard_w2\horizon_24h\eta_only\training_log.csv","results","104317","2026-07-11T18:19:59"
"results\ablation\seed_123\shard_w2\horizon_24h\no_physics\metrics.csv","results","1906","2026-07-11T18:19:32"
"results\ablation\seed_123\shard_w2\horizon_24h\no_physics\per_lead_metrics.csv","results","2036","2026-07-11T18:19:32"
"results\ablation\seed_123\shard_w2\horizon_24h\no_physics\predictions.npz","results","10144037","2026-07-11T18:19:33"
"results\ablation\seed_123\shard_w2\horizon_24h\no_physics\training_log.csv","results","63753","2026-07-11T18:19:32"
"results\ablation\seed_123\shard_w2\station_meta_used.csv","results","255","2026-07-11T18:19:07"
"results\ablation\seed_123\shard_w2\v3_ablation_key_metrics.csv","results","680","2026-07-11T18:20:00"
"results\ablation\seed_123\shard_w2\v3_ablation_last_step_comparison.png","results","116073","2026-07-11T18:20:01"
"results\ablation\seed_123\shard_w2\v3_ablation_metrics.csv","results","2883","2026-07-11T18:20:00"
"results\ablation\seed_123\shard_w3\coops_features_used.csv","results","227","2026-07-11T18:25:02"
"results\ablation\seed_123\shard_w3\horizon_24h\eta_uv\metrics.csv","results","1901","2026-07-11T18:25:28"
"results\ablation\seed_123\shard_w3\horizon_24h\eta_uv\per_lead_metrics.csv","results","2032","2026-07-11T18:25:28"
"results\ablation\seed_123\shard_w3\horizon_24h\eta_uv\predictions.npz","results","10146505","2026-07-11T18:25:28"
"results\ablation\seed_123\shard_w3\horizon_24h\eta_uv\training_log.csv","results","153234","2026-07-11T18:25:28"
"results\ablation\seed_123\shard_w3\horizon_24h\eta_uvW\metrics.csv","results","1908","2026-07-11T18:25:58"
"results\ablation\seed_123\shard_w3\horizon_24h\eta_uvW\per_lead_metrics.csv","results","2044","2026-07-11T18:25:58"
"results\ablation\seed_123\shard_w3\horizon_24h\eta_uvW\predictions.npz","results","10136621","2026-07-11T18:25:59"
"results\ablation\seed_123\shard_w3\horizon_24h\eta_uvW\training_log.csv","results","222588","2026-07-11T18:25:58"
"results\ablation\seed_123\shard_w3\station_meta_used.csv","results","255","2026-07-11T18:25:02"
"results\ablation\seed_123\shard_w3\v3_ablation_key_metrics.csv","results","669","2026-07-11T18:25:59"
"results\ablation\seed_123\shard_w3\v3_ablation_last_step_comparison.png","results","102632","2026-07-11T18:25:59"
"results\ablation\seed_123\shard_w3\v3_ablation_metrics.csv","results","2878","2026-07-11T18:25:59"
"results\ablation\seed_2024\shard_w4\coops_features_used.csv","results","227","2026-07-11T18:46:22"
"results\ablation\seed_2024\shard_w4\horizon_24h\eta_only\metrics.csv","results","1907","2026-07-11T18:47:13"
"results\ablation\seed_2024\shard_w4\horizon_24h\eta_only\per_lead_metrics.csv","results","2031","2026-07-11T18:47:13"
"results\ablation\seed_2024\shard_w4\horizon_24h\eta_only\predictions.npz","results","10139320","2026-07-11T18:47:14"
"results\ablation\seed_2024\shard_w4\horizon_24h\eta_only\training_log.csv","results","102874","2026-07-11T18:47:13"
"results\ablation\seed_2024\shard_w4\horizon_24h\no_physics\metrics.csv","results","1903","2026-07-11T18:46:45"
"results\ablation\seed_2024\shard_w4\horizon_24h\no_physics\per_lead_metrics.csv","results","2031","2026-07-11T18:46:45"
"results\ablation\seed_2024\shard_w4\horizon_24h\no_physics\predictions.npz","results","10141508","2026-07-11T18:46:46"
"results\ablation\seed_2024\shard_w4\horizon_24h\no_physics\training_log.csv","results","57821","2026-07-11T18:46:45"
"results\ablation\seed_2024\shard_w4\station_meta_used.csv","results","255","2026-07-11T18:46:22"
"results\ablation\seed_2024\shard_w4\v3_ablation_key_metrics.csv","results","677","2026-07-11T18:47:14"
"results\ablation\seed_2024\shard_w4\v3_ablation_last_step_comparison.png","results","118258","2026-07-11T18:47:14"
"results\ablation\seed_2024\shard_w4\v3_ablation_metrics.csv","results","2879","2026-07-11T18:47:14"
"results\ablation\seed_2024\shard_w5\coops_features_used.csv","results","227","2026-07-11T18:45:57"
"results\ablation\seed_2024\shard_w5\horizon_24h\eta_uv\metrics.csv","results","1904","2026-07-11T18:46:21"
"results\ablation\seed_2024\shard_w5\horizon_24h\eta_uv\per_lead_metrics.csv","results","2031","2026-07-11T18:46:22"
"results\ablation\seed_2024\shard_w5\horizon_24h\eta_uv\predictions.npz","results","10141793","2026-07-11T18:46:22"
"results\ablation\seed_2024\shard_w5\horizon_24h\eta_uv\training_log.csv","results","137719","2026-07-11T18:46:21"
"results\ablation\seed_2024\shard_w5\horizon_24h\eta_uvW\metrics.csv","results","1906","2026-07-11T18:46:51"
"results\ablation\seed_2024\shard_w5\horizon_24h\eta_uvW\per_lead_metrics.csv","results","2033","2026-07-11T18:46:51"
"results\ablation\seed_2024\shard_w5\horizon_24h\eta_uvW\predictions.npz","results","10139114","2026-07-11T18:46:52"
"results\ablation\seed_2024\shard_w5\horizon_24h\eta_uvW\training_log.csv","results","197617","2026-07-11T18:46:51"
"results\ablation\seed_2024\shard_w5\station_meta_used.csv","results","255","2026-07-11T18:45:57"
"results\ablation\seed_2024\shard_w5\v3_ablation_key_metrics.csv","results","676","2026-07-11T18:46:52"
"results\ablation\seed_2024\shard_w5\v3_ablation_last_step_comparison.png","results","116287","2026-07-11T18:46:52"
"results\ablation\seed_2024\shard_w5\v3_ablation_metrics.csv","results","2879","2026-07-11T18:46:52"
"results\ablation\seed_2025\shard_w5\coops_features_used.csv","results","227","2026-07-11T18:47:05"
"results\ablation\seed_2025\shard_w5\horizon_24h\no_physics\metrics.csv","results","1907","2026-07-11T18:47:39"
"results\ablation\seed_2025\shard_w5\horizon_24h\no_physics\per_lead_metrics.csv","results","2040","2026-07-11T18:47:39"
"results\ablation\seed_2025\shard_w5\horizon_24h\no_physics\predictions.npz","results","10142246","2026-07-11T18:47:40"
"results\ablation\seed_2025\shard_w5\horizon_24h\no_physics\training_log.csv","results","70721","2026-07-11T18:47:39"
"results\ablation\seed_2025\shard_w5\station_meta_used.csv","results","255","2026-07-11T18:47:05"
"results\ablation\seed_2025\shard_w5\v3_ablation_key_metrics.csv","results","456","2026-07-11T18:47:40"
"results\ablation\seed_2025\shard_w5\v3_ablation_last_step_comparison.png","results","98237","2026-07-11T18:47:40"
"results\ablation\seed_2025\shard_w5\v3_ablation_metrics.csv","results","1907","2026-07-11T18:47:40"
"results\ablation\seed_2025\shard_w6\coops_features_used.csv","results","227","2026-07-11T19:46:04"
"results\ablation\seed_2025\shard_w6\horizon_24h\eta_only\metrics.csv","results","1909","2026-07-11T19:46:33"
"results\ablation\seed_2025\shard_w6\horizon_24h\eta_only\per_lead_metrics.csv","results","2031","2026-07-11T19:46:33"
"results\ablation\seed_2025\shard_w6\horizon_24h\eta_only\predictions.npz","results","10141659","2026-07-11T19:46:34"
"results\ablation\seed_2025\shard_w6\horizon_24h\eta_only\training_log.csv","results","106021","2026-07-11T19:46:33"
"results\ablation\seed_2025\shard_w6\horizon_24h\eta_uv\metrics.csv","results","1906","2026-07-11T19:47:01"
"results\ablation\seed_2025\shard_w6\horizon_24h\eta_uv\per_lead_metrics.csv","results","2032","2026-07-11T19:47:01"
"results\ablation\seed_2025\shard_w6\horizon_24h\eta_uv\predictions.npz","results","10139049","2026-07-11T19:47:02"
"results\ablation\seed_2025\shard_w6\horizon_24h\eta_uv\training_log.csv","results","164190","2026-07-11T19:47:01"
"results\ablation\seed_2025\shard_w6\horizon_24h\eta_uvW\metrics.csv","results","1912","2026-07-11T19:47:27"
"results\ablation\seed_2025\shard_w6\horizon_24h\eta_uvW\per_lead_metrics.csv","results","2032","2026-07-11T19:47:27"
"results\ablation\seed_2025\shard_w6\horizon_24h\eta_uvW\predictions.npz","results","10142668","2026-07-11T19:47:27"
"results\ablation\seed_2025\shard_w6\horizon_24h\eta_uvW\training_log.csv","results","169953","2026-07-11T19:47:27"
"results\ablation\seed_2025\shard_w6\station_meta_used.csv","results","255","2026-07-11T19:46:04"
"results\ablation\seed_2025\shard_w6\v3_ablation_key_metrics.csv","results","904","2026-07-11T19:47:27"
"results\ablation\seed_2025\shard_w6\v3_ablation_last_step_comparison.png","results","109547","2026-07-11T19:47:28"
"results\ablation\seed_2025\shard_w6\v3_ablation_metrics.csv","results","3865","2026-07-11T19:47:27"
"results\ablation\seed_3407\shard_w7\coops_features_used.csv","results","227","2026-07-11T19:45:54"
"results\ablation\seed_3407\shard_w7\horizon_24h\eta_only\metrics.csv","results","1903","2026-07-11T19:47:06"
"results\ablation\seed_3407\shard_w7\horizon_24h\eta_only\per_lead_metrics.csv","results","2016","2026-07-11T19:47:06"
"results\ablation\seed_3407\shard_w7\horizon_24h\eta_only\predictions.npz","results","10150131","2026-07-11T19:47:07"
"results\ablation\seed_3407\shard_w7\horizon_24h\eta_only\training_log.csv","results","107663","2026-07-11T19:47:06"
"results\ablation\seed_3407\shard_w7\horizon_24h\eta_uv\metrics.csv","results","1905","2026-07-11T19:47:42"
"results\ablation\seed_3407\shard_w7\horizon_24h\eta_uv\per_lead_metrics.csv","results","2033","2026-07-11T19:47:42"
"results\ablation\seed_3407\shard_w7\horizon_24h\eta_uv\predictions.npz","results","10150605","2026-07-11T19:47:43"
"results\ablation\seed_3407\shard_w7\horizon_24h\eta_uv\training_log.csv","results","218777","2026-07-11T19:47:42"
"results\ablation\seed_3407\shard_w7\horizon_24h\eta_uvW\metrics.csv","results","1906","2026-07-11T19:48:11"
"results\ablation\seed_3407\shard_w7\horizon_24h\eta_uvW\per_lead_metrics.csv","results","2033","2026-07-11T19:48:11"
"results\ablation\seed_3407\shard_w7\horizon_24h\eta_uvW\predictions.npz","results","10128047","2026-07-11T19:48:12"
"results\ablation\seed_3407\shard_w7\horizon_24h\eta_uvW\training_log.csv","results","200848","2026-07-11T19:48:11"
"results\ablation\seed_3407\shard_w7\horizon_24h\no_physics\metrics.csv","results","1904","2026-07-11T19:46:35"
"results\ablation\seed_3407\shard_w7\horizon_24h\no_physics\per_lead_metrics.csv","results","2030","2026-07-11T19:46:35"
"results\ablation\seed_3407\shard_w7\horizon_24h\no_physics\predictions.npz","results","10132725","2026-07-11T19:46:35"
"results\ablation\seed_3407\shard_w7\horizon_24h\no_physics\training_log.csv","results","91521","2026-07-11T19:46:35"
"results\ablation\seed_3407\shard_w7\station_meta_used.csv","results","255","2026-07-11T19:45:54"
"results\ablation\seed_3407\shard_w7\v3_ablation_key_metrics.csv","results","1123","2026-07-11T19:48:12"
"results\ablation\seed_3407\shard_w7\v3_ablation_last_step_comparison.png","results","124463","2026-07-11T19:48:12"
"results\ablation\seed_3407\shard_w7\v3_ablation_metrics.csv","results","4825","2026-07-11T19:48:12"
"results\ablation\seed_3407\shard_w7\v3_physics_gain_summary.csv","results","108","2026-07-11T19:48:12"
"results\ablation\seed_42\shard_w0\coops_features_used.csv","results","227","2026-07-11T18:11:33"
"results\ablation\seed_42\shard_w0\horizon_24h\eta_only\metrics.csv","results","1908","2026-07-11T18:12:24"
"results\ablation\seed_42\shard_w0\horizon_24h\eta_only\per_lead_metrics.csv","results","2032","2026-07-11T18:12:24"
"results\ablation\seed_42\shard_w0\horizon_24h\eta_only\predictions.npz","results","10158217","2026-07-11T18:12:25"
"results\ablation\seed_42\shard_w0\horizon_24h\eta_only\training_log.csv","results","87345","2026-07-11T18:12:24"
"results\ablation\seed_42\shard_w0\horizon_24h\no_physics\metrics.csv","results","1909","2026-07-11T18:12:01"
"results\ablation\seed_42\shard_w0\horizon_24h\no_physics\per_lead_metrics.csv","results","2032","2026-07-11T18:12:01"
"results\ablation\seed_42\shard_w0\horizon_24h\no_physics\predictions.npz","results","10138664","2026-07-11T18:12:02"
"results\ablation\seed_42\shard_w0\horizon_24h\no_physics\training_log.csv","results","72672","2026-07-11T18:12:01"
"results\ablation\seed_42\shard_w0\station_meta_used.csv","results","255","2026-07-11T18:11:33"
"results\ablation\seed_42\shard_w0\v3_ablation_key_metrics.csv","results","682","2026-07-11T18:12:25"
"results\ablation\seed_42\shard_w0\v3_ablation_last_step_comparison.png","results","108713","2026-07-11T18:12:25"
"results\ablation\seed_42\shard_w0\v3_ablation_metrics.csv","results","2886","2026-07-11T18:12:25"
"results\ablation\seed_42\shard_w1\coops_features_used.csv","results","227","2026-07-11T18:15:51"
"results\ablation\seed_42\shard_w1\horizon_24h\eta_uv\metrics.csv","results","1908","2026-07-11T18:16:19"
"results\ablation\seed_42\shard_w1\horizon_24h\eta_uv\per_lead_metrics.csv","results","2028","2026-07-11T18:16:19"
"results\ablation\seed_42\shard_w1\horizon_24h\eta_uv\predictions.npz","results","10138231","2026-07-11T18:16:20"
"results\ablation\seed_42\shard_w1\horizon_24h\eta_uv\training_log.csv","results","176794","2026-07-11T18:16:19"
"results\ablation\seed_42\shard_w1\horizon_24h\eta_uvW\metrics.csv","results","1904","2026-07-11T18:16:42"
"results\ablation\seed_42\shard_w1\horizon_24h\eta_uvW\per_lead_metrics.csv","results","2042","2026-07-11T18:16:42"
"results\ablation\seed_42\shard_w1\horizon_24h\eta_uvW\predictions.npz","results","10156845","2026-07-11T18:16:43"
"results\ablation\seed_42\shard_w1\horizon_24h\eta_uvW\training_log.csv","results","166302","2026-07-11T18:16:42"
"results\ablation\seed_42\shard_w1\station_meta_used.csv","results","255","2026-07-11T18:15:51"
"results\ablation\seed_42\shard_w1\v3_ablation_key_metrics.csv","results","673","2026-07-11T18:16:43"
"results\ablation\seed_42\shard_w1\v3_ablation_last_step_comparison.png","results","109580","2026-07-11T18:16:43"
"results\ablation\seed_42\shard_w1\v3_ablation_metrics.csv","results","2881","2026-07-11T18:16:43"
"results\adaptive_multiscale_gwn\config_screen.json","results","1064","2026-07-14T12:24:10"
"results\adaptive_multiscale_gwn\screen\seed_42\adaptive_multiscale_ms\last_epoch_checkpoint.pt","results","2358277","2026-07-14T13:07:03"
"results\adaptive_multiscale_gwn\screen\seed_42\adaptive_multiscale_ms\learned_adaptive_adjacency.csv","results","485","2026-07-14T13:07:23"
"results\adaptive_multiscale_gwn\screen\seed_42\adaptive_multiscale_ms\learned_fusion_weights.json","results","731","2026-07-14T13:07:23"
"results\adaptive_multiscale_gwn\screen\seed_42\adaptive_multiscale_ms\training_log.csv","results","9944","2026-07-14T13:07:23"
"results\adaptive_multiscale_gwn\screen\seed_42\adaptive_multiscale_ms\validation_metrics.csv","results","2369","2026-07-14T13:07:23"
"results\adaptive_multiscale_gwn\screen\seed_42\adaptive_single_ms\last_epoch_checkpoint.pt","results","1120933","2026-07-14T12:49:23"
"results\adaptive_multiscale_gwn\screen\seed_42\adaptive_single_ms\learned_adaptive_adjacency.csv","results","479","2026-07-14T12:49:37"
"results\adaptive_multiscale_gwn\screen\seed_42\adaptive_single_ms\learned_fusion_weights.json","results","447","2026-07-14T12:49:37"
"results\adaptive_multiscale_gwn\screen\seed_42\adaptive_single_ms\training_log.csv","results","9953","2026-07-14T12:49:37"
"results\adaptive_multiscale_gwn\screen\seed_42\adaptive_single_ms\validation_metrics.csv","results","2362","2026-07-14T12:49:37"
"results\adaptive_multiscale_gwn\screen\seed_42\fixed_multiscale_ms\last_epoch_checkpoint.pt","results","2142167","2026-07-14T12:38:41"
"results\adaptive_multiscale_gwn\screen\seed_42\fixed_multiscale_ms\learned_fusion_weights.json","results","558","2026-07-14T12:38:59"
"results\adaptive_multiscale_gwn\screen\seed_42\fixed_multiscale_ms\training_log.csv","results","9955","2026-07-14T12:38:59"
"results\adaptive_multiscale_gwn\screen\seed_42\fixed_multiscale_ms\validation_metrics.csv","results","2351","2026-07-14T12:38:59"
"results\adaptive_multiscale_gwn\screen_all_runs.csv","results","4367","2026-07-14T13:07:23"
"results\adaptive_multiscale_gwn\screen_mean_std.csv","results","1297","2026-07-14T13:07:23"
"results\adaptive_multiscale_gwn\screen_partial.csv","results","4558","2026-07-14T13:07:23"
"results\adaptive_residual_gwn_adapter\adaptive_residual_gwn_comparison.png","results","50963","2026-07-14T13:32:29"
"results\adaptive_residual_gwn_adapter\all_runs.csv","results","2316","2026-07-14T13:32:29"
"results\adaptive_residual_gwn_adapter\experiment_config.json","results","1044","2026-07-14T13:29:57"
"results\adaptive_residual_gwn_adapter\mean_std_and_paired_tests.csv","results","425","2026-07-14T13:32:29"
"results\adaptive_residual_gwn_adapter\paired_seed_deltas.csv","results","157","2026-07-14T13:32:29"
"results\adaptive_residual_gwn_adapter\seed_42\last_epoch_checkpoint.pt","results","2868219","2026-07-14T13:32:16"
"results\adaptive_residual_gwn_adapter\seed_42\learned_adaptive_adjacency.csv","results","487","2026-07-14T13:32:27"
"results\adaptive_residual_gwn_adapter\seed_42\metrics.csv","results","2350","2026-07-14T13:32:27"
"results\adaptive_residual_gwn_adapter\seed_42\predictions.npz","results","10258089","2026-07-14T13:32:28"
"results\adaptive_residual_gwn_adapter\seed_42\training_log.csv","results","3347","2026-07-14T13:32:27"
"results\adaptive_residual_gwn_adapter_v2\adaptive_residual_gwn_comparison.png","results","50844","2026-07-14T13:48:50"
"results\adaptive_residual_gwn_adapter_v2\all_runs.csv","results","6962","2026-07-14T13:48:50"
"results\adaptive_residual_gwn_adapter_v2\experiment_config.json","results","1114","2026-07-14T13:40:53"
"results\adaptive_residual_gwn_adapter_v2\mean_std_and_paired_tests.csv","results","741","2026-07-14T13:48:50"
"results\adaptive_residual_gwn_adapter_v2\paired_seed_deltas.csv","results","800","2026-07-14T13:48:50"
"results\adaptive_residual_gwn_adapter_v2\seed_123\last_epoch_checkpoint.pt","results","2781611","2026-07-14T13:42:34"
"results\adaptive_residual_gwn_adapter_v2\seed_123\learned_adaptive_adjacency.csv","results","490","2026-07-14T13:42:42"
"results\adaptive_residual_gwn_adapter_v2\seed_123\metrics.csv","results","2359","2026-07-14T13:42:42"
"results\adaptive_residual_gwn_adapter_v2\seed_123\predictions.npz","results","10248490","2026-07-14T13:42:43"
"results\adaptive_residual_gwn_adapter_v2\seed_123\training_log.csv","results","3368","2026-07-14T13:42:42"
"results\adaptive_residual_gwn_adapter_v2\seed_2024\last_epoch_checkpoint.pt","results","2781611","2026-07-14T13:44:37"
"results\adaptive_residual_gwn_adapter_v2\seed_2024\learned_adaptive_adjacency.csv","results","485","2026-07-14T13:44:44"
"results\adaptive_residual_gwn_adapter_v2\seed_2024\metrics.csv","results","2360","2026-07-14T13:44:44"
"results\adaptive_residual_gwn_adapter_v2\seed_2024\predictions.npz","results","10248021","2026-07-14T13:44:46"
"results\adaptive_residual_gwn_adapter_v2\seed_2024\training_log.csv","results","3351","2026-07-14T13:44:44"
"results\adaptive_residual_gwn_adapter_v2\seed_2025\last_epoch_checkpoint.pt","results","2781611","2026-07-14T13:46:39"
"results\adaptive_residual_gwn_adapter_v2\seed_2025\learned_adaptive_adjacency.csv","results","504","2026-07-14T13:46:46"
"results\adaptive_residual_gwn_adapter_v2\seed_2025\metrics.csv","results","2352","2026-07-14T13:46:46"
"results\adaptive_residual_gwn_adapter_v2\seed_2025\predictions.npz","results","10226219","2026-07-14T13:46:48"
"results\adaptive_residual_gwn_adapter_v2\seed_2025\training_log.csv","results","3355","2026-07-14T13:46:46"
"results\adaptive_residual_gwn_adapter_v2\seed_3407\last_epoch_checkpoint.pt","results","2781611","2026-07-14T13:48:41"
"results\adaptive_residual_gwn_adapter_v2\seed_3407\learned_adaptive_adjacency.csv","results","491","2026-07-14T13:48:48"
"results\adaptive_residual_gwn_adapter_v2\seed_3407\metrics.csv","results","2358","2026-07-14T13:48:48"
"results\adaptive_residual_gwn_adapter_v2\seed_3407\predictions.npz","results","10227567","2026-07-14T13:48:50"
"results\adaptive_residual_gwn_adapter_v2\seed_3407\training_log.csv","results","3370","2026-07-14T13:48:48"
"results\adaptive_residual_gwn_adapter_v2\seed_42\last_epoch_checkpoint.pt","results","2786539","2026-07-14T13:39:39"
"results\adaptive_residual_gwn_adapter_v2\seed_42\learned_adaptive_adjacency.csv","results","490","2026-07-14T13:39:47"
"results\adaptive_residual_gwn_adapter_v2\seed_42\metrics.csv","results","2463","2026-07-14T13:39:47"
"results\adaptive_residual_gwn_adapter_v2\seed_42\predictions.npz","results","10258470","2026-07-14T13:39:49"
"results\adaptive_residual_gwn_adapter_v2\seed_42\training_log.csv","results","6107","2026-07-14T13:39:47"
"results\baselines\horizon_12\horizon_12h\bigru_only\metrics.csv","results","1283","2026-07-11T18:58:47"
"results\baselines\horizon_12\horizon_12h\bigru_only\training_log.csv","results","3622","2026-07-11T18:58:47"
"results\baselines\horizon_12\horizon_12h\random_forest\metrics.csv","results","1260","2026-07-11T19:26:51"
"results\baselines\horizon_12\simple_baselines_key_metrics.csv","results","698","2026-07-11T19:26:51"
"results\baselines\horizon_12\simple_baselines_metrics.csv","results","3091","2026-07-11T19:26:51"
"results\baselines\horizon_12\simple_baselines_metrics_partial.csv","results","3091","2026-07-11T19:26:51"
"results\baselines\horizon_24\horizon_24h\bigru_only\metrics.csv","results","1279","2026-07-11T19:00:03"
"results\baselines\horizon_24\horizon_24h\bigru_only\training_log.csv","results","3576","2026-07-11T19:00:03"
"results\baselines\horizon_24\horizon_24h\random_forest\metrics.csv","results","1259","2026-07-11T19:33:52"
"results\baselines\horizon_24\simple_baselines_key_metrics.csv","results","704","2026-07-11T19:33:52"
"results\baselines\horizon_24\simple_baselines_metrics.csv","results","3084","2026-07-11T19:33:52"
"results\baselines\horizon_24\simple_baselines_metrics_partial.csv","results","3084","2026-07-11T19:33:52"
"results\baselines\horizon_6\horizon_6h\bigru_only\metrics.csv","results","1281","2026-07-11T18:00:48"
"results\baselines\horizon_6\horizon_6h\bigru_only\training_log.csv","results","3615","2026-07-11T18:00:48"
"results\baselines\horizon_6\horizon_6h\random_forest\metrics.csv","results","1261","2026-07-11T18:28:11"
"results\baselines\horizon_6\simple_baselines_key_metrics.csv","results","695","2026-07-11T18:28:11"
"results\baselines\horizon_6\simple_baselines_metrics.csv","results","3086","2026-07-11T18:28:11"
"results\baselines\horizon_6\simple_baselines_metrics_partial.csv","results","3086","2026-07-11T18:28:11"
"results\corrected_bigru_ladder\merged\corrected_bigru_ladder_all_runs.csv","results","17441","2026-07-28T01:21:38"
"results\corrected_bigru_ladder\merged\corrected_bigru_ladder_comparison.png","results","148430","2026-07-28T01:21:40"
"results\corrected_bigru_ladder\merged\corrected_bigru_ladder_mean_std.csv","results","1129","2026-07-28T01:21:38"
"results\corrected_bigru_ladder\merged\corrected_bigru_ladder_paired.csv","results","1678","2026-07-28T01:21:38"
"results\corrected_bigru_ladder\merged\corrected_bigru_ladder_prediction_example.png","results","411668","2026-07-28T01:21:46"
"results\corrected_bigru_ladder\merged\CORRECTED_BIGRU_LADDER_REPORT_CN.md","results","1416","2026-07-28T01:21:46"
"results\corrected_bigru_ladder\merged\corrected_bigru_ladder_table.tex","results","998","2026-07-28T01:21:46"
"results\corrected_bigru_ladder\merged\merge_config.json","results","295","2026-07-28T01:21:46"
"results\corrected_bigru_ladder\merged\prediction_example_selection.json","results","193","2026-07-28T01:21:46"
"results\corrected_bigru_ladder\remaining_processes.csv","results","182","2026-07-27T22:55:15"
"results\corrected_bigru_ladder\seed_123\experiment_config.json","results","1083","2026-07-27T22:18:20"
"results\corrected_bigru_ladder\seed_123\final_four_models_enhanced_24h.png","results","75085","2026-07-28T01:12:25"
"results\corrected_bigru_ladder\seed_123\final_four_models_enhanced_key_metrics.csv","results","925","2026-07-28T01:12:24"
"results\corrected_bigru_ladder\seed_123\final_four_models_enhanced_metrics.csv","results","3980","2026-07-28T01:12:24"
"results\corrected_bigru_ladder\seed_123\final_four_models_enhanced_metrics_partial.csv","results","3980","2026-07-28T01:12:24"
"results\corrected_bigru_ladder\seed_123\horizon_24h\gnn_bigru\metrics.csv","results","1393","2026-07-27T22:53:36"
"results\corrected_bigru_ladder\seed_123\horizon_24h\gnn_bigru\predictions.npz","results","2527381","2026-07-27T22:53:37"
"results\corrected_bigru_ladder\seed_123\horizon_24h\gnn_bigru\training_log.csv","results","4249","2026-07-27T22:53:36"
"results\corrected_bigru_ladder\seed_123\horizon_24h\learnable_graph\metrics.csv","results","1472","2026-07-27T23:45:28"
"results\corrected_bigru_ladder\seed_123\horizon_24h\learnable_graph\predictions.npz","results","2534218","2026-07-27T23:45:28"
"results\corrected_bigru_ladder\seed_123\horizon_24h\learnable_graph\training_log.csv","results","7529","2026-07-27T23:45:28"
"results\corrected_bigru_ladder\seed_123\horizon_24h\ode_based_learnable\metrics.csv","results","1475","2026-07-28T00:31:37"
"results\corrected_bigru_ladder\seed_123\horizon_24h\ode_based_learnable\predictions.npz","results","2539502","2026-07-28T00:31:37"
"results\corrected_bigru_ladder\seed_123\horizon_24h\ode_based_learnable\training_log.csv","results","7626","2026-07-28T00:31:37"
"results\corrected_bigru_ladder\seed_123\horizon_24h\physical_loss\metrics.csv","results","1866","2026-07-28T01:12:22"
"results\corrected_bigru_ladder\seed_123\horizon_24h\physical_loss\predictions.npz","results","10125529","2026-07-28T01:12:24"
"results\corrected_bigru_ladder\seed_123\horizon_24h\physical_loss\training_log.csv","results","236032","2026-07-28T01:12:22"
"results\corrected_bigru_ladder\seed_123\stderr.log","results","0","2026-07-27T22:17:55"
"results\corrected_bigru_ladder\seed_123\stdout.log","results","6420","2026-07-28T01:12:25"
"results\corrected_bigru_ladder\seed_2024\experiment_config.json","results","1085","2026-07-27T22:56:00"
"results\corrected_bigru_ladder\seed_2024\final_four_models_enhanced_24h.png","results","74060","2026-07-28T01:20:09"
"results\corrected_bigru_ladder\seed_2024\final_four_models_enhanced_key_metrics.csv","results","927","2026-07-28T01:20:09"
"results\corrected_bigru_ladder\seed_2024\final_four_models_enhanced_metrics.csv","results","3983","2026-07-28T01:20:09"
"results\corrected_bigru_ladder\seed_2024\final_four_models_enhanced_metrics_partial.csv","results","3983","2026-07-28T01:20:09"
"results\corrected_bigru_ladder\seed_2024\horizon_24h\gnn_bigru\metrics.csv","results","1393","2026-07-27T23:44:38"
"results\corrected_bigru_ladder\seed_2024\horizon_24h\gnn_bigru\predictions.npz","results","2513725","2026-07-27T23:44:39"
"results\corrected_bigru_ladder\seed_2024\horizon_24h\gnn_bigru\training_log.csv","results","4109","2026-07-27T23:44:38"
"results\corrected_bigru_ladder\seed_2024\horizon_24h\learnable_graph\metrics.csv","results","1468","2026-07-28T00:25:20"
"results\corrected_bigru_ladder\seed_2024\horizon_24h\learnable_graph\predictions.npz","results","2525370","2026-07-28T00:25:20"
"results\corrected_bigru_ladder\seed_2024\horizon_24h\learnable_graph\training_log.csv","results","9301","2026-07-28T00:25:20"
"results\corrected_bigru_ladder\seed_2024\horizon_24h\ode_based_learnable\metrics.csv","results","1475","2026-07-28T00:53:45"
"results\corrected_bigru_ladder\seed_2024\horizon_24h\ode_based_learnable\predictions.npz","results","2531374","2026-07-28T00:53:46"
"results\corrected_bigru_ladder\seed_2024\horizon_24h\ode_based_learnable\training_log.csv","results","8487","2026-07-28T00:53:45"
"results\corrected_bigru_ladder\seed_2024\horizon_24h\physical_loss\metrics.csv","results","1873","2026-07-28T01:20:07"
"results\corrected_bigru_ladder\seed_2024\horizon_24h\physical_loss\predictions.npz","results","10117694","2026-07-28T01:20:09"
"results\corrected_bigru_ladder\seed_2024\horizon_24h\physical_loss\training_log.csv","results","232496","2026-07-28T01:20:07"
"results\corrected_bigru_ladder\seed_2024\stderr.log","results","0","2026-07-27T22:55:15"
"results\corrected_bigru_ladder\seed_2024\stdout.log","results","6474","2026-07-28T01:20:09"
"results\corrected_bigru_ladder\seed_2025\experiment_config.json","results","1085","2026-07-27T22:56:00"
"results\corrected_bigru_ladder\seed_2025\final_four_models_enhanced_24h.png","results","74558","2026-07-28T01:17:10"
"results\corrected_bigru_ladder\seed_2025\final_four_models_enhanced_key_metrics.csv","results","929","2026-07-28T01:17:09"
"results\corrected_bigru_ladder\seed_2025\final_four_models_enhanced_metrics.csv","results","3976","2026-07-28T01:17:09"
"results\corrected_bigru_ladder\seed_2025\final_four_models_enhanced_metrics_partial.csv","results","3976","2026-07-28T01:17:09"
"results\corrected_bigru_ladder\seed_2025\horizon_24h\gnn_bigru\metrics.csv","results","1394","2026-07-27T23:40:09"
"results\corrected_bigru_ladder\seed_2025\horizon_24h\gnn_bigru\predictions.npz","results","2527583","2026-07-27T23:40:10"
"results\corrected_bigru_ladder\seed_2025\horizon_24h\gnn_bigru\training_log.csv","results","3720","2026-07-27T23:40:09"
"results\corrected_bigru_ladder\seed_2025\horizon_24h\learnable_graph\metrics.csv","results","1469","2026-07-28T00:15:02"
"results\corrected_bigru_ladder\seed_2025\horizon_24h\learnable_graph\predictions.npz","results","2535039","2026-07-28T00:15:03"
"results\corrected_bigru_ladder\seed_2025\horizon_24h\learnable_graph\training_log.csv","results","7534","2026-07-28T00:15:02"
"results\corrected_bigru_ladder\seed_2025\horizon_24h\ode_based_learnable\metrics.csv","results","1470","2026-07-28T00:43:40"
"results\corrected_bigru_ladder\seed_2025\horizon_24h\ode_based_learnable\predictions.npz","results","2538111","2026-07-28T00:43:41"
"results\corrected_bigru_ladder\seed_2025\horizon_24h\ode_based_learnable\training_log.csv","results","7957","2026-07-28T00:43:40"
"results\corrected_bigru_ladder\seed_2025\horizon_24h\physical_loss\metrics.csv","results","1869","2026-07-28T01:17:07"
"results\corrected_bigru_ladder\seed_2025\horizon_24h\physical_loss\predictions.npz","results","10144730","2026-07-28T01:17:08"
"results\corrected_bigru_ladder\seed_2025\horizon_24h\physical_loss\training_log.csv","results","238767","2026-07-28T01:17:07"
"results\corrected_bigru_ladder\seed_2025\stderr.log","results","0","2026-07-27T22:55:15"
"results\corrected_bigru_ladder\seed_2025\stdout.log","results","6384","2026-07-28T01:17:10"
"results\corrected_bigru_ladder\seed_3407\experiment_config.json","results","1085","2026-07-27T22:56:00"
"results\corrected_bigru_ladder\seed_3407\final_four_models_enhanced_24h.png","results","74133","2026-07-28T01:14:52"
"results\corrected_bigru_ladder\seed_3407\final_four_models_enhanced_key_metrics.csv","results","932","2026-07-28T01:14:51"
"results\corrected_bigru_ladder\seed_3407\final_four_models_enhanced_metrics.csv","results","3974","2026-07-28T01:14:51"
"results\corrected_bigru_ladder\seed_3407\final_four_models_enhanced_metrics_partial.csv","results","3974","2026-07-28T01:14:51"
"results\corrected_bigru_ladder\seed_3407\horizon_24h\gnn_bigru\metrics.csv","results","1389","2026-07-27T23:44:45"
"results\corrected_bigru_ladder\seed_3407\horizon_24h\gnn_bigru\predictions.npz","results","2518569","2026-07-27T23:44:46"
"results\corrected_bigru_ladder\seed_3407\horizon_24h\gnn_bigru\training_log.csv","results","4116","2026-07-27T23:44:45"
"results\corrected_bigru_ladder\seed_3407\horizon_24h\learnable_graph\metrics.csv","results","1468","2026-07-28T00:20:36"
"results\corrected_bigru_ladder\seed_3407\horizon_24h\learnable_graph\predictions.npz","results","2530262","2026-07-28T00:20:36"
"results\corrected_bigru_ladder\seed_3407\horizon_24h\learnable_graph\training_log.csv","results","7813","2026-07-28T00:20:36"
"results\corrected_bigru_ladder\seed_3407\horizon_24h\ode_based_learnable\metrics.csv","results","1473","2026-07-28T00:46:44"
"results\corrected_bigru_ladder\seed_3407\horizon_24h\ode_based_learnable\predictions.npz","results","2533439","2026-07-28T00:46:45"
"results\corrected_bigru_ladder\seed_3407\horizon_24h\ode_based_learnable\training_log.csv","results","7754","2026-07-28T00:46:44"
"results\corrected_bigru_ladder\seed_3407\horizon_24h\physical_loss\metrics.csv","results","1870","2026-07-28T01:14:49"
"results\corrected_bigru_ladder\seed_3407\horizon_24h\physical_loss\predictions.npz","results","10132784","2026-07-28T01:14:51"
"results\corrected_bigru_ladder\seed_3407\horizon_24h\physical_loss\training_log.csv","results","204138","2026-07-28T01:14:49"
"results\corrected_bigru_ladder\seed_3407\stderr.log","results","0","2026-07-27T22:55:15"
"results\corrected_bigru_ladder\seed_3407\stdout.log","results","6195","2026-07-28T01:14:52"
"results\corrected_bigru_ladder\seed_42\experiment_config.json","results","1081","2026-07-27T22:18:20"
"results\corrected_bigru_ladder\seed_42\final_four_models_enhanced_24h.png","results","74370","2026-07-28T01:10:11"
"results\corrected_bigru_ladder\seed_42\final_four_models_enhanced_key_metrics.csv","results","935","2026-07-28T01:07:37"
"results\corrected_bigru_ladder\seed_42\final_four_models_enhanced_metrics.csv","results","3989","2026-07-28T01:07:37"
"results\corrected_bigru_ladder\seed_42\final_four_models_enhanced_metrics_partial.csv","results","3989","2026-07-28T01:07:37"
"results\corrected_bigru_ladder\seed_42\horizon_24h\gnn_bigru\metrics.csv","results","1391","2026-07-27T22:44:09"
"results\corrected_bigru_ladder\seed_42\horizon_24h\gnn_bigru\predictions.npz","results","2514988","2026-07-27T22:44:10"
"results\corrected_bigru_ladder\seed_42\horizon_24h\gnn_bigru\training_log.csv","results","2981","2026-07-27T22:44:09"
"results\corrected_bigru_ladder\seed_42\horizon_24h\learnable_graph\metrics.csv","results","1472","2026-07-27T23:40:13"
"results\corrected_bigru_ladder\seed_42\horizon_24h\learnable_graph\predictions.npz","results","2532378","2026-07-27T23:40:13"
"results\corrected_bigru_ladder\seed_42\horizon_24h\learnable_graph\training_log.csv","results","9745","2026-07-27T23:40:13"
"results\corrected_bigru_ladder\seed_42\horizon_24h\ode_based_learnable\metrics.csv","results","1476","2026-07-28T00:36:54"
"results\corrected_bigru_ladder\seed_42\horizon_24h\ode_based_learnable\predictions.npz","results","2533787","2026-07-28T00:36:55"
"results\corrected_bigru_ladder\seed_42\horizon_24h\ode_based_learnable\training_log.csv","results","9441","2026-07-28T00:36:54"
"results\corrected_bigru_ladder\seed_42\horizon_24h\physical_loss\metrics.csv","results","1876","2026-07-28T01:07:35"
"results\corrected_bigru_ladder\seed_42\horizon_24h\physical_loss\predictions.npz","results","10144492","2026-07-28T01:07:37"
"results\corrected_bigru_ladder\seed_42\horizon_24h\physical_loss\training_log.csv","results","172804","2026-07-28T01:07:35"
"results\corrected_bigru_ladder\seed_42\stderr.log","results","0","2026-07-27T22:17:55"
"results\corrected_bigru_ladder\seed_42\stdout.log","results","6007","2026-07-28T01:10:11"
"results\final\seed_123\final_four_models_enhanced_24h.png","results","79892","2026-07-11T18:15:40"
"results\final\seed_123\final_four_models_enhanced_key_metrics.csv","results","927","2026-07-11T18:15:39"
"results\final\seed_123\final_four_models_enhanced_metrics.csv","results","3814","2026-07-11T18:15:39"
"results\final\seed_123\final_four_models_enhanced_metrics_partial.csv","results","3814","2026-07-11T18:15:39"
"results\final\seed_123\horizon_24h\gnn_bigru\metrics.csv","results","1332","2026-07-11T18:14:11"
"results\final\seed_123\horizon_24h\gnn_bigru\predictions.npz","results","2521294","2026-07-11T18:14:11"
"results\final\seed_123\horizon_24h\gnn_bigru\training_log.csv","results","3615","2026-07-11T18:14:11"
"results\final\seed_123\horizon_24h\learnable_graph\metrics.csv","results","1408","2026-07-11T18:14:35"
"results\final\seed_123\horizon_24h\learnable_graph\predictions.npz","results","2531628","2026-07-11T18:14:35"
"results\final\seed_123\horizon_24h\learnable_graph\training_log.csv","results","6624","2026-07-11T18:14:35"
"results\final\seed_123\horizon_24h\ode_based_learnable\metrics.csv","results","1417","2026-07-11T18:15:03"
"results\final\seed_123\horizon_24h\ode_based_learnable\predictions.npz","results","2529666","2026-07-11T18:15:04"
"results\final\seed_123\horizon_24h\ode_based_learnable\training_log.csv","results","8487","2026-07-11T18:15:03"
"results\final\seed_123\horizon_24h\physical_loss\metrics.csv","results","1811","2026-07-11T18:15:39"
"results\final\seed_123\horizon_24h\physical_loss\predictions.npz","results","10127723","2026-07-11T18:15:39"
"results\final\seed_123\horizon_24h\physical_loss\training_log.csv","results","203959","2026-07-11T18:15:39"
"results\final\seed_2024\final_four_models_enhanced_24h.png","results","79440","2026-07-11T18:18:56"
"results\final\seed_2024\final_four_models_enhanced_key_metrics.csv","results","925","2026-07-11T18:18:56"
"results\final\seed_2024\final_four_models_enhanced_metrics.csv","results","3811","2026-07-11T18:18:56"
"results\final\seed_2024\final_four_models_enhanced_metrics_partial.csv","results","3811","2026-07-11T18:18:56"
"results\final\seed_2024\horizon_24h\gnn_bigru\metrics.csv","results","1325","2026-07-11T18:17:31"
"results\final\seed_2024\horizon_24h\gnn_bigru\predictions.npz","results","2511663","2026-07-11T18:17:31"
"results\final\seed_2024\horizon_24h\gnn_bigru\training_log.csv","results","2728","2026-07-11T18:17:31"
"results\final\seed_2024\horizon_24h\learnable_graph\metrics.csv","results","1409","2026-07-11T18:17:54"
"results\final\seed_2024\horizon_24h\learnable_graph\predictions.npz","results","2535415","2026-07-11T18:17:55"
"results\final\seed_2024\horizon_24h\learnable_graph\training_log.csv","results","6734","2026-07-11T18:17:54"
"results\final\seed_2024\horizon_24h\ode_based_learnable\metrics.csv","results","1416","2026-07-11T18:18:24"
"results\final\seed_2024\horizon_24h\ode_based_learnable\predictions.npz","results","2534011","2026-07-11T18:18:24"
"results\final\seed_2024\horizon_24h\ode_based_learnable\training_log.csv","results","8992","2026-07-11T18:18:24"
"results\final\seed_2024\horizon_24h\physical_loss\metrics.csv","results","1815","2026-07-11T18:18:55"
"results\final\seed_2024\horizon_24h\physical_loss\predictions.npz","results","10130246","2026-07-11T18:18:56"
"results\final\seed_2024\horizon_24h\physical_loss\training_log.csv","results","176069","2026-07-11T18:18:55"
"results\final\seed_2025\final_four_models_enhanced_24h.png","results","79406","2026-07-11T18:24:51"
"results\final\seed_2025\final_four_models_enhanced_key_metrics.csv","results","926","2026-07-11T18:24:51"
"results\final\seed_2025\final_four_models_enhanced_metrics.csv","results","3807","2026-07-11T18:24:51"
"results\final\seed_2025\final_four_models_enhanced_metrics_partial.csv","results","3807","2026-07-11T18:24:51"
"results\final\seed_2025\horizon_24h\gnn_bigru\metrics.csv","results","1328","2026-07-11T18:23:24"
"results\final\seed_2025\horizon_24h\gnn_bigru\predictions.npz","results","2524627","2026-07-11T18:23:24"
"results\final\seed_2025\horizon_24h\gnn_bigru\training_log.csv","results","2866","2026-07-11T18:23:24"
"results\final\seed_2025\horizon_24h\learnable_graph\metrics.csv","results","1408","2026-07-11T18:23:49"
"results\final\seed_2025\horizon_24h\learnable_graph\predictions.npz","results","2535862","2026-07-11T18:23:50"
"results\final\seed_2025\horizon_24h\learnable_graph\training_log.csv","results","7548","2026-07-11T18:23:49"
"results\final\seed_2025\horizon_24h\ode_based_learnable\metrics.csv","results","1419","2026-07-11T18:24:14"
"results\final\seed_2025\horizon_24h\ode_based_learnable\predictions.npz","results","2541286","2026-07-11T18:24:14"
"results\final\seed_2025\horizon_24h\ode_based_learnable\training_log.csv","results","6730","2026-07-11T18:24:14"
"results\final\seed_2025\horizon_24h\physical_loss\metrics.csv","results","1806","2026-07-11T18:24:50"
"results\final\seed_2025\horizon_24h\physical_loss\predictions.npz","results","10129291","2026-07-11T18:24:51"
"results\final\seed_2025\horizon_24h\physical_loss\training_log.csv","results","213522","2026-07-11T18:24:50"
"results\final\seed_3407\final_four_models_enhanced_24h.png","results","79740","2026-07-11T18:46:11"
"results\final\seed_3407\final_four_models_enhanced_key_metrics.csv","results","923","2026-07-11T18:46:11"
"results\final\seed_3407\final_four_models_enhanced_metrics.csv","results","3818","2026-07-11T18:46:11"
"results\final\seed_3407\final_four_models_enhanced_metrics_partial.csv","results","3818","2026-07-11T18:46:11"
"results\final\seed_3407\horizon_24h\gnn_bigru\metrics.csv","results","1328","2026-07-11T18:44:29"
"results\final\seed_3407\horizon_24h\gnn_bigru\predictions.npz","results","2515565","2026-07-11T18:44:30"
"results\final\seed_3407\horizon_24h\gnn_bigru\training_log.csv","results","4168","2026-07-11T18:44:29"
"results\final\seed_3407\horizon_24h\learnable_graph\metrics.csv","results","1409","2026-07-11T18:44:56"
"results\final\seed_3407\horizon_24h\learnable_graph\predictions.npz","results","2532706","2026-07-11T18:44:56"
"results\final\seed_3407\horizon_24h\learnable_graph\training_log.csv","results","7669","2026-07-11T18:44:56"
"results\final\seed_3407\horizon_24h\ode_based_learnable\metrics.csv","results","1421","2026-07-11T18:45:25"
"results\final\seed_3407\horizon_24h\ode_based_learnable\predictions.npz","results","2536342","2026-07-11T18:45:25"
"results\final\seed_3407\horizon_24h\ode_based_learnable\training_log.csv","results","7653","2026-07-11T18:45:25"
"results\final\seed_3407\horizon_24h\physical_loss\metrics.csv","results","1814","2026-07-11T18:46:10"
"results\final\seed_3407\horizon_24h\physical_loss\predictions.npz","results","10135302","2026-07-11T18:46:11"
"results\final\seed_3407\horizon_24h\physical_loss\training_log.csv","results","248083","2026-07-11T18:46:10"
"results\final\seed_42\final_four_models_enhanced_24h.png","results","79407","2026-07-11T18:11:21"
"results\final\seed_42\final_four_models_enhanced_key_metrics.csv","results","917","2026-07-11T18:11:21"
"results\final\seed_42\final_four_models_enhanced_metrics.csv","results","3799","2026-07-11T18:11:21"
"results\final\seed_42\final_four_models_enhanced_metrics_partial.csv","results","3799","2026-07-11T18:11:21"
"results\final\seed_42\horizon_24h\gnn_bigru\metrics.csv","results","1331","2026-07-11T18:09:55"
"results\final\seed_42\horizon_24h\gnn_bigru\predictions.npz","results","2516257","2026-07-11T18:09:55"
"results\final\seed_42\horizon_24h\gnn_bigru\training_log.csv","results","3100","2026-07-11T18:09:55"
"results\final\seed_42\horizon_24h\learnable_graph\metrics.csv","results","1404","2026-07-11T18:10:20"
"results\final\seed_42\horizon_24h\learnable_graph\predictions.npz","results","2535492","2026-07-11T18:10:20"
"results\final\seed_42\horizon_24h\learnable_graph\training_log.csv","results","7369","2026-07-11T18:10:20"
"results\final\seed_42\horizon_24h\ode_based_learnable\metrics.csv","results","1417","2026-07-11T18:10:43"
"results\final\seed_42\horizon_24h\ode_based_learnable\predictions.npz","results","2533958","2026-07-11T18:10:44"
"results\final\seed_42\horizon_24h\ode_based_learnable\training_log.csv","results","6639","2026-07-11T18:10:43"
"results\final\seed_42\horizon_24h\physical_loss\metrics.csv","results","1801","2026-07-11T18:11:20"
"results\final\seed_42\horizon_24h\physical_loss\predictions.npz","results","10122164","2026-07-11T18:11:21"
"results\final\seed_42\horizon_24h\physical_loss\training_log.csv","results","216515","2026-07-11T18:11:20"
"results\horizon_specialized_dual_task_gwn\all_runs.csv","results","15592","2026-07-14T13:53:20"
"results\horizon_specialized_dual_task_gwn\experiment_config.json","results","383","2026-07-14T13:52:50"
"results\horizon_specialized_dual_task_gwn\horizon_specialized_dual_task_gwn_results.png","results","141723","2026-07-14T13:53:20"
"results\horizon_specialized_dual_task_gwn\mean_std.csv","results","2196","2026-07-14T13:53:20"
"results\horizon_specialized_dual_task_gwn\NEW_MODEL_EXPERIMENT_REPORT_CN.md","results","5150","2026-07-14T13:54:59"
"results\horizon_specialized_dual_task_gwn\paired_comparisons.csv","results","3357","2026-07-14T13:53:20"
"results\horizon_specialized_dual_task_gwn\per_lead_metrics.csv","results","43829","2026-07-14T13:53:20"
"results\horizon_specialized_dual_task_gwn\per_station_terminal_metrics.csv","results","13528","2026-07-14T13:53:20"
"results\horizon_specialized_dual_task_gwn\RESULTS_SUMMARY.md","results","766","2026-07-14T13:53:20"
"results\horizon_specialized_dual_task_gwn\seed_123\dual_task_equal_ensemble_predictions.npz","results","3077400","2026-07-14T13:53:07"
"results\horizon_specialized_dual_task_gwn\seed_123\horizon_specialized_dual_task_gwn_predictions.npz","results","3076893","2026-07-14T13:53:08"
"results\horizon_specialized_dual_task_gwn\seed_2024\dual_task_equal_ensemble_predictions.npz","results","3079905","2026-07-14T13:53:10"
"results\horizon_specialized_dual_task_gwn\seed_2024\horizon_specialized_dual_task_gwn_predictions.npz","results","3079351","2026-07-14T13:53:12"
"results\horizon_specialized_dual_task_gwn\seed_2025\dual_task_equal_ensemble_predictions.npz","results","3082738","2026-07-14T13:53:14"
"results\horizon_specialized_dual_task_gwn\seed_2025\horizon_specialized_dual_task_gwn_predictions.npz","results","3083345","2026-07-14T13:53:16"
"results\horizon_specialized_dual_task_gwn\seed_3407\dual_task_equal_ensemble_predictions.npz","results","3076989","2026-07-14T13:53:18"
"results\horizon_specialized_dual_task_gwn\seed_3407\horizon_specialized_dual_task_gwn_predictions.npz","results","3076463","2026-07-14T13:53:20"
"results\horizon_specialized_dual_task_gwn\seed_42\dual_task_equal_ensemble_predictions.npz","results","3080977","2026-07-14T13:53:03"
"results\horizon_specialized_dual_task_gwn\seed_42\horizon_specialized_dual_task_gwn_predictions.npz","results","3080807","2026-07-14T13:53:04"
"results\merged_publication\block_bootstrap\block_bootstrap_by_seed.csv","results","5043","2026-07-11T20:37:28"
"results\merged_publication\block_bootstrap\block_bootstrap_summary.csv","results","849","2026-07-11T20:37:28"
"results\merged_publication\event_metrics\event_metrics_all_runs.csv","results","8793","2026-07-11T20:35:35"
"results\merged_publication\event_metrics\event_metrics_by_station.csv","results","23011","2026-07-11T20:35:35"
"results\merged_publication\event_metrics\event_metrics_mean_std.csv","results","1681","2026-07-11T20:35:35"
"results\merged_publication\final_four_models_all_runs.csv","results","16341","2026-07-11T20:35:23"
"results\merged_publication\final_four_models_mean_std.csv","results","1194","2026-07-11T20:35:23"
"results\merged_publication\lambda_search_all.csv","results","6985","2026-07-11T20:35:23"
"results\merged_publication\physics_ablation_all_runs.csv","results","20948","2026-07-11T20:35:23"
"results\merged_publication\physics_ablation_mean_std.csv","results","1125","2026-07-11T20:35:23"
"results\merged_publication\rolling_origin_all_runs.csv","results","11158","2026-07-11T20:35:23"
"results\merged_publication\rolling_origin_mean_std.csv","results","1207","2026-07-11T20:35:23"
"results\merged_publication\simple_baselines_all.csv","results","8349","2026-07-11T20:35:23"
"results\merged_publication\validation_locked_lambda.csv","results","2478","2026-07-11T20:35:23"
"results\merged_publication\validation_locked_lambda.txt","results","7","2026-07-11T20:35:23"
"results\priority1_diagnostics\priority1_event_pr_auc.png","results","37521","2026-07-12T08:40:03"
"results\priority1_diagnostics\priority1_event_pr_auc_tolerant.csv","results","2863","2026-07-12T08:40:01"
"results\priority1_diagnostics\priority1_model_mean_std.csv","results","487","2026-07-12T08:40:03"
"results\priority1_diagnostics\priority1_per_horizon_metrics.csv","results","38517","2026-07-12T08:40:01"
"results\priority1_diagnostics\priority1_per_horizon_r2.png","results","114077","2026-07-12T08:40:03"
"results\priority1_diagnostics\priority1_per_station_metrics.csv","results","11836","2026-07-12T08:40:01"
"results\priority1_diagnostics\priority1_per_station_terminal_r2.png","results","67027","2026-07-12T08:40:03"
"results\priority1_diagnostics\priority1_pr_curve_points.csv","results","40534705","2026-07-12T08:40:03"
"results\priority1_diagnostics\priority1_prediction_summary.csv","results","2304","2026-07-12T08:40:01"
"results\priority1_graph_baselines\priority1_graph_baselines_seed_123.csv","results","1894","2026-07-12T08:28:38"
"results\priority1_graph_baselines\priority1_graph_baselines_seed_123_partial.csv","results","1894","2026-07-12T08:28:38"
"results\priority1_graph_baselines\priority1_graph_baselines_seed_2024.csv","results","1892","2026-07-12T08:30:20"
"results\priority1_graph_baselines\priority1_graph_baselines_seed_2024_partial.csv","results","1892","2026-07-12T08:30:20"
"results\priority1_graph_baselines\priority1_graph_baselines_seed_2025.csv","results","1890","2026-07-12T08:32:34"
"results\priority1_graph_baselines\priority1_graph_baselines_seed_2025_partial.csv","results","1890","2026-07-12T08:32:34"
"results\priority1_graph_baselines\priority1_graph_baselines_seed_3407.csv","results","1896","2026-07-12T08:36:26"
"results\priority1_graph_baselines\priority1_graph_baselines_seed_3407_partial.csv","results","1896","2026-07-12T08:36:26"
"results\priority1_graph_baselines\priority1_graph_baselines_seed_42.csv","results","1891","2026-07-12T08:26:32"
"results\priority1_graph_baselines\priority1_graph_baselines_seed_42_partial.csv","results","1891","2026-07-12T08:26:32"
"results\priority1_graph_baselines\seed_123\horizon_24h\dcrnn\metrics.csv","results","1294","2026-07-12T08:28:05"
"results\priority1_graph_baselines\seed_123\horizon_24h\dcrnn\predictions.npz","results","2547857","2026-07-12T08:28:05"
"results\priority1_graph_baselines\seed_123\horizon_24h\dcrnn\training_log.csv","results","3489","2026-07-12T08:28:05"
"results\priority1_graph_baselines\seed_123\horizon_24h\graph_wavenet\metrics.csv","results","1313","2026-07-12T08:28:37"
"results\priority1_graph_baselines\seed_123\horizon_24h\graph_wavenet\predictions.npz","results","2553828","2026-07-12T08:28:38"
"results\priority1_graph_baselines\seed_123\horizon_24h\graph_wavenet\training_log.csv","results","3273","2026-07-12T08:28:37"
"results\priority1_graph_baselines\seed_2024\horizon_24h\dcrnn\metrics.csv","results","1292","2026-07-12T08:29:41"
"results\priority1_graph_baselines\seed_2024\horizon_24h\dcrnn\predictions.npz","results","2542739","2026-07-12T08:29:41"
"results\priority1_graph_baselines\seed_2024\horizon_24h\dcrnn\training_log.csv","results","3301","2026-07-12T08:29:41"
"results\priority1_graph_baselines\seed_2024\horizon_24h\graph_wavenet\metrics.csv","results","1313","2026-07-12T08:30:20"
"results\priority1_graph_baselines\seed_2024\horizon_24h\graph_wavenet\predictions.npz","results","2549362","2026-07-12T08:30:20"
"results\priority1_graph_baselines\seed_2024\horizon_24h\graph_wavenet\training_log.csv","results","3941","2026-07-12T08:30:20"
"results\priority1_graph_baselines\seed_2025\horizon_24h\dcrnn\metrics.csv","results","1296","2026-07-12T08:31:56"
"results\priority1_graph_baselines\seed_2025\horizon_24h\dcrnn\predictions.npz","results","2543067","2026-07-12T08:31:56"
"results\priority1_graph_baselines\seed_2025\horizon_24h\dcrnn\training_log.csv","results","3579","2026-07-12T08:31:56"
"results\priority1_graph_baselines\seed_2025\horizon_24h\graph_wavenet\metrics.csv","results","1307","2026-07-12T08:32:34"
"results\priority1_graph_baselines\seed_2025\horizon_24h\graph_wavenet\predictions.npz","results","2553787","2026-07-12T08:32:34"
"results\priority1_graph_baselines\seed_2025\horizon_24h\graph_wavenet\training_log.csv","results","3858","2026-07-12T08:32:34"
"results\priority1_graph_baselines\seed_3407\horizon_24h\dcrnn\metrics.csv","results","1298","2026-07-12T08:35:53"
"results\priority1_graph_baselines\seed_3407\horizon_24h\dcrnn\predictions.npz","results","2550069","2026-07-12T08:35:53"
"results\priority1_graph_baselines\seed_3407\horizon_24h\dcrnn\training_log.csv","results","3358","2026-07-12T08:35:53"
"results\priority1_graph_baselines\seed_3407\horizon_24h\graph_wavenet\metrics.csv","results","1311","2026-07-12T08:36:25"
"results\priority1_graph_baselines\seed_3407\horizon_24h\graph_wavenet\predictions.npz","results","2552529","2026-07-12T08:36:26"
"results\priority1_graph_baselines\seed_3407\horizon_24h\graph_wavenet\training_log.csv","results","3279","2026-07-12T08:36:25"
"results\priority1_graph_baselines\seed_42\horizon_24h\dcrnn\metrics.csv","results","1294","2026-07-12T08:25:56"
"results\priority1_graph_baselines\seed_42\horizon_24h\dcrnn\predictions.npz","results","2542459","2026-07-12T08:25:56"
"results\priority1_graph_baselines\seed_42\horizon_24h\dcrnn\training_log.csv","results","3896","2026-07-12T08:25:56"
"results\priority1_graph_baselines\seed_42\horizon_24h\graph_wavenet\metrics.csv","results","1310","2026-07-12T08:26:31"
"results\priority1_graph_baselines\seed_42\horizon_24h\graph_wavenet\predictions.npz","results","2556467","2026-07-12T08:26:32"
"results\priority1_graph_baselines\seed_42\horizon_24h\graph_wavenet\training_log.csv","results","3585","2026-07-12T08:26:31"
"results\priority12_physics_graph_wavenet\background_run_status.json","results","1640","2026-07-13T17:09:42"
"results\priority12_physics_graph_wavenet\experiment_config.json","results","1067","2026-07-13T17:10:41"
"results\priority12_physics_graph_wavenet\experiment_config_seeds_123.json","results","1057","2026-07-13T17:58:53"
"results\priority12_physics_graph_wavenet\experiment_config_seeds_2024.json","results","1058","2026-07-13T17:59:29"
"results\priority12_physics_graph_wavenet\experiment_config_seeds_2025.json","results","1058","2026-07-13T17:59:50"
"results\priority12_physics_graph_wavenet\experiment_config_seeds_3407.json","results","1058","2026-07-13T18:00:29"
"results\priority12_physics_graph_wavenet\experiment_config_seeds_42.json","results","1056","2026-07-13T17:58:40"
"results\priority12_physics_graph_wavenet\experiment_config_seeds_42_123_2024_2025_3407.json","results","1046","2026-07-14T02:31:21"
"results\priority12_physics_graph_wavenet\feature_cols_used.csv","results","582","2026-07-13T18:02:57"
"results\priority12_physics_graph_wavenet\full_run_stderr.log","results","0","2026-07-13T15:58:12"
"results\priority12_physics_graph_wavenet\full_run_stdout.log","results","633","2026-07-13T17:05:03"
"results\priority12_physics_graph_wavenet\physics_cols_used.csv","results","495","2026-07-13T18:02:57"
"results\priority12_physics_graph_wavenet\priority2_physics_gwn_all_runs.csv","results","16041","2026-07-14T02:31:21"
"results\priority12_physics_graph_wavenet\priority2_physics_gwn_main_comparison.png","results","166709","2026-07-14T02:31:25"
"results\priority12_physics_graph_wavenet\priority2_physics_gwn_mean_std.csv","results","2281","2026-07-14T02:31:21"
"results\priority12_physics_graph_wavenet\priority2_physics_gwn_paired_deltas.csv","results","11709","2026-07-14T02:31:21"
"results\priority12_physics_graph_wavenet\priority2_physics_gwn_paired_terminal.png","results","122293","2026-07-14T02:31:26"
"results\priority12_physics_graph_wavenet\priority2_physics_gwn_paired_tests.csv","results","3308","2026-07-14T02:31:21"
"results\priority12_physics_graph_wavenet\priority2_physics_gwn_partial.csv","results","4294","2026-07-14T02:17:04"
"results\priority12_physics_graph_wavenet\priority2_physics_gwn_per_horizon.csv","results","31518","2026-07-14T02:31:24"
"results\priority12_physics_graph_wavenet\priority2_physics_gwn_per_horizon.png","results","266626","2026-07-14T02:31:26"
"results\priority12_physics_graph_wavenet\priority2_physics_gwn_per_station.csv","results","9820","2026-07-14T02:31:24"
"results\priority12_physics_graph_wavenet\PRIORITY2_PHYSICS_GWN_SUMMARY.md","results","4380","2026-07-14T02:31:26"
"results\priority12_physics_graph_wavenet\resumable_run_stderr.log","results","0","2026-07-13T17:09:41"
"results\priority12_physics_graph_wavenet\resumable_run_stdout.log","results","210","2026-07-13T17:13:13"
"results\priority12_physics_graph_wavenet\seed_123\horizon_24h\gwn_eta_only\COMPLETE.json","results","342","2026-07-13T18:00:26"
"results\priority12_physics_graph_wavenet\seed_123\horizon_24h\gwn_eta_only\last_epoch_checkpoint.pt","results","3036287","2026-07-13T17:52:46"
"results\priority12_physics_graph_wavenet\seed_123\horizon_24h\gwn_eta_only\metrics.csv","results","1986","2026-07-13T18:00:26"
"results\priority12_physics_graph_wavenet\seed_123\horizon_24h\gwn_eta_only\predictions.npz","results","2553828","2026-07-12T08:28:38"
"results\priority12_physics_graph_wavenet\seed_123\horizon_24h\gwn_eta_only\REUSED_PRIORITY1_BASELINE.json","results","342","2026-07-13T18:00:26"
"results\priority12_physics_graph_wavenet\seed_123\horizon_24h\gwn_eta_only\training_log.csv","results","3070","2026-07-13T18:00:26"
"results\priority12_physics_graph_wavenet\seed_123\horizon_24h\gwn_multistate_no_physics\best_checkpoint.pt","results","780062","2026-07-14T02:30:34"
"results\priority12_physics_graph_wavenet\seed_123\horizon_24h\gwn_multistate_no_physics\COMPLETE.json","results","234","2026-07-14T02:30:07"
"results\priority12_physics_graph_wavenet\seed_123\horizon_24h\gwn_multistate_no_physics\last_epoch_checkpoint.pt","results","3152043","2026-07-13T22:35:48"
"results\priority12_physics_graph_wavenet\seed_123\horizon_24h\gwn_multistate_no_physics\metrics.csv","results","2576","2026-07-14T02:30:07"
"results\priority12_physics_graph_wavenet\seed_123\horizon_24h\gwn_multistate_no_physics\predictions.npz","results","10248476","2026-07-13T22:36:51"
"results\priority12_physics_graph_wavenet\seed_123\horizon_24h\gwn_multistate_no_physics\training_log.csv","results","20365","2026-07-13T22:36:46"
"results\priority12_physics_graph_wavenet\seed_123\horizon_24h\gwn_multistate_physics\best_checkpoint.pt","results","780586","2026-07-14T02:05:17"
"results\priority12_physics_graph_wavenet\seed_123\horizon_24h\gwn_multistate_physics\COMPLETE.json","results","210","2026-07-14T02:05:17"
"results\priority12_physics_graph_wavenet\seed_123\horizon_24h\gwn_multistate_physics\last_epoch_checkpoint.pt","results","3369043","2026-07-14T02:04:18"
"results\priority12_physics_graph_wavenet\seed_123\horizon_24h\gwn_multistate_physics\metrics.csv","results","2308","2026-07-14T02:05:15"
"results\priority12_physics_graph_wavenet\seed_123\horizon_24h\gwn_multistate_physics\predictions.npz","results","10248623","2026-07-14T02:05:17"
"results\priority12_physics_graph_wavenet\seed_123\horizon_24h\gwn_multistate_physics\training_log.csv","results","173462","2026-07-14T02:05:15"
"results\priority12_physics_graph_wavenet\seed_123_background_status.json","results","1495","2026-07-13T17:58:27"
"results\priority12_physics_graph_wavenet\seed_123_stderr.log","results","0","2026-07-13T17:58:26"
"results\priority12_physics_graph_wavenet\seed_123_stdout.log","results","6932","2026-07-14T02:05:24"
"results\priority12_physics_graph_wavenet\seed_2024\horizon_24h\gwn_eta_only\COMPLETE.json","results","344","2026-07-13T18:01:25"
"results\priority12_physics_graph_wavenet\seed_2024\horizon_24h\gwn_eta_only\last_epoch_checkpoint.pt","results","3036223","2026-07-13T17:53:58"
"results\priority12_physics_graph_wavenet\seed_2024\horizon_24h\gwn_eta_only\metrics.csv","results","1988","2026-07-13T18:01:25"
"results\priority12_physics_graph_wavenet\seed_2024\horizon_24h\gwn_eta_only\predictions.npz","results","2549362","2026-07-12T08:30:20"
"results\priority12_physics_graph_wavenet\seed_2024\horizon_24h\gwn_eta_only\REUSED_PRIORITY1_BASELINE.json","results","344","2026-07-13T18:01:25"
"results\priority12_physics_graph_wavenet\seed_2024\horizon_24h\gwn_eta_only\training_log.csv","results","3697","2026-07-13T18:01:25"
"results\priority12_physics_graph_wavenet\seed_2024\horizon_24h\gwn_multistate_no_physics\best_checkpoint.pt","results","780062","2026-07-14T02:30:34"
"results\priority12_physics_graph_wavenet\seed_2024\horizon_24h\gwn_multistate_no_physics\COMPLETE.json","results","235","2026-07-14T02:30:07"
"results\priority12_physics_graph_wavenet\seed_2024\horizon_24h\gwn_multistate_no_physics\last_epoch_checkpoint.pt","results","3153195","2026-07-13T22:42:41"
"results\priority12_physics_graph_wavenet\seed_2024\horizon_24h\gwn_multistate_no_physics\metrics.csv","results","2577","2026-07-14T02:30:07"
"results\priority12_physics_graph_wavenet\seed_2024\horizon_24h\gwn_multistate_no_physics\predictions.npz","results","10248035","2026-07-13T22:43:46"
"results\priority12_physics_graph_wavenet\seed_2024\horizon_24h\gwn_multistate_no_physics\training_log.csv","results","21037","2026-07-13T22:43:41"
"results\priority12_physics_graph_wavenet\seed_2024\horizon_24h\gwn_multistate_physics\best_checkpoint.pt","results","780586","2026-07-14T02:13:02"
"results\priority12_physics_graph_wavenet\seed_2024\horizon_24h\gwn_multistate_physics\COMPLETE.json","results","210","2026-07-14T02:13:02"
"results\priority12_physics_graph_wavenet\seed_2024\horizon_24h\gwn_multistate_physics\last_epoch_checkpoint.pt","results","3377171","2026-07-14T02:12:22"
"results\priority12_physics_graph_wavenet\seed_2024\horizon_24h\gwn_multistate_physics\metrics.csv","results","2308","2026-07-14T02:13:01"
"results\priority12_physics_graph_wavenet\seed_2024\horizon_24h\gwn_multistate_physics\predictions.npz","results","10247946","2026-07-14T02:13:02"
"results\priority12_physics_graph_wavenet\seed_2024\horizon_24h\gwn_multistate_physics\training_log.csv","results","179817","2026-07-14T02:13:01"
"results\priority12_physics_graph_wavenet\seed_2024_background_status.json","results","1499","2026-07-13T17:58:50"
"results\priority12_physics_graph_wavenet\seed_2024_stderr.log","results","0","2026-07-13T17:58:49"
"results\priority12_physics_graph_wavenet\seed_2024_stdout.log","results","6937","2026-07-14T02:13:10"
"results\priority12_physics_graph_wavenet\seed_2025\horizon_24h\gwn_eta_only\COMPLETE.json","results","344","2026-07-13T18:01:58"
"results\priority12_physics_graph_wavenet\seed_2025\horizon_24h\gwn_eta_only\last_epoch_checkpoint.pt","results","3036095","2026-07-13T17:51:17"
"results\priority12_physics_graph_wavenet\seed_2025\horizon_24h\gwn_eta_only\metrics.csv","results","1990","2026-07-13T18:01:57"
"results\priority12_physics_graph_wavenet\seed_2025\horizon_24h\gwn_eta_only\predictions.npz","results","2553787","2026-07-12T08:32:34"
"results\priority12_physics_graph_wavenet\seed_2025\horizon_24h\gwn_eta_only\REUSED_PRIORITY1_BASELINE.json","results","344","2026-07-13T18:01:57"
"results\priority12_physics_graph_wavenet\seed_2025\horizon_24h\gwn_eta_only\training_log.csv","results","3607","2026-07-13T18:01:57"
"results\priority12_physics_graph_wavenet\seed_2025\horizon_24h\gwn_multistate_no_physics\best_checkpoint.pt","results","780062","2026-07-14T02:30:34"
"results\priority12_physics_graph_wavenet\seed_2025\horizon_24h\gwn_multistate_no_physics\COMPLETE.json","results","235","2026-07-14T02:30:08"
"results\priority12_physics_graph_wavenet\seed_2025\horizon_24h\gwn_multistate_no_physics\last_epoch_checkpoint.pt","results","3152619","2026-07-13T22:41:45"
"results\priority12_physics_graph_wavenet\seed_2025\horizon_24h\gwn_multistate_no_physics\metrics.csv","results","2567","2026-07-14T02:30:07"
"results\priority12_physics_graph_wavenet\seed_2025\horizon_24h\gwn_multistate_no_physics\predictions.npz","results","10226228","2026-07-13T22:42:42"
"results\priority12_physics_graph_wavenet\seed_2025\horizon_24h\gwn_multistate_no_physics\training_log.csv","results","20690","2026-07-13T22:42:37"
"results\priority12_physics_graph_wavenet\seed_2025\horizon_24h\gwn_multistate_physics\best_checkpoint.pt","results","780586","2026-07-14T02:13:46"
"results\priority12_physics_graph_wavenet\seed_2025\horizon_24h\gwn_multistate_physics\COMPLETE.json","results","211","2026-07-14T02:13:46"
"results\priority12_physics_graph_wavenet\seed_2025\horizon_24h\gwn_multistate_physics\last_epoch_checkpoint.pt","results","3373075","2026-07-14T02:13:09"
"results\priority12_physics_graph_wavenet\seed_2025\horizon_24h\gwn_multistate_physics\metrics.csv","results","2308","2026-07-14T02:13:44"
"results\priority12_physics_graph_wavenet\seed_2025\horizon_24h\gwn_multistate_physics\predictions.npz","results","10225866","2026-07-14T02:13:46"
"results\priority12_physics_graph_wavenet\seed_2025\horizon_24h\gwn_multistate_physics\training_log.csv","results","176791","2026-07-14T02:13:44"
"results\priority12_physics_graph_wavenet\seed_2025_background_status.json","results","1499","2026-07-13T17:59:10"
"results\priority12_physics_graph_wavenet\seed_2025_stderr.log","results","0","2026-07-13T17:59:08"
"results\priority12_physics_graph_wavenet\seed_2025_stdout.log","results","6937","2026-07-14T02:13:54"
"results\priority12_physics_graph_wavenet\seed_3407\horizon_24h\gwn_eta_only\COMPLETE.json","results","344","2026-07-13T18:02:58"
"results\priority12_physics_graph_wavenet\seed_3407\horizon_24h\gwn_eta_only\last_epoch_checkpoint.pt","results","3036095","2026-07-13T17:51:54"
"results\priority12_physics_graph_wavenet\seed_3407\horizon_24h\gwn_eta_only\metrics.csv","results","1985","2026-07-13T18:02:58"
"results\priority12_physics_graph_wavenet\seed_3407\horizon_24h\gwn_eta_only\predictions.npz","results","2552529","2026-07-12T08:36:26"
"results\priority12_physics_graph_wavenet\seed_3407\horizon_24h\gwn_eta_only\REUSED_PRIORITY1_BASELINE.json","results","344","2026-07-13T18:02:58"
"results\priority12_physics_graph_wavenet\seed_3407\horizon_24h\gwn_eta_only\training_log.csv","results","3059","2026-07-13T18:02:58"
"results\priority12_physics_graph_wavenet\seed_3407\horizon_24h\gwn_multistate_no_physics\best_checkpoint.pt","results","780062","2026-07-14T02:30:34"
"results\priority12_physics_graph_wavenet\seed_3407\horizon_24h\gwn_multistate_no_physics\COMPLETE.json","results","234","2026-07-14T02:30:08"
"results\priority12_physics_graph_wavenet\seed_3407\horizon_24h\gwn_multistate_no_physics\last_epoch_checkpoint.pt","results","3147115","2026-07-13T22:12:14"
"results\priority12_physics_graph_wavenet\seed_3407\horizon_24h\gwn_multistate_no_physics\metrics.csv","results","2577","2026-07-14T02:30:08"
"results\priority12_physics_graph_wavenet\seed_3407\horizon_24h\gwn_multistate_no_physics\predictions.npz","results","10227561","2026-07-13T22:13:44"
"results\priority12_physics_graph_wavenet\seed_3407\horizon_24h\gwn_multistate_no_physics\training_log.csv","results","17716","2026-07-13T22:13:38"
"results\priority12_physics_graph_wavenet\seed_3407\horizon_24h\gwn_multistate_physics\best_checkpoint.pt","results","780586","2026-07-14T01:19:43"
"results\priority12_physics_graph_wavenet\seed_3407\horizon_24h\gwn_multistate_physics\COMPLETE.json","results","211","2026-07-14T01:19:43"
"results\priority12_physics_graph_wavenet\seed_3407\horizon_24h\gwn_multistate_physics\last_epoch_checkpoint.pt","results","3336211","2026-07-14T01:18:42"
"results\priority12_physics_graph_wavenet\seed_3407\horizon_24h\gwn_multistate_physics\metrics.csv","results","2312","2026-07-14T01:19:40"
"results\priority12_physics_graph_wavenet\seed_3407\horizon_24h\gwn_multistate_physics\predictions.npz","results","10227034","2026-07-14T01:19:43"
"results\priority12_physics_graph_wavenet\seed_3407\horizon_24h\gwn_multistate_physics\training_log.csv","results","148878","2026-07-14T01:19:40"
"results\priority12_physics_graph_wavenet\seed_3407_background_status.json","results","1499","2026-07-13T17:59:40"
"results\priority12_physics_graph_wavenet\seed_3407_stderr.log","results","0","2026-07-13T17:59:39"
"results\priority12_physics_graph_wavenet\seed_3407_stdout.log","results","6613","2026-07-14T01:19:56"
"results\priority12_physics_graph_wavenet\seed_42\horizon_24h\gwn_eta_only\COMPLETE.json","results","340","2026-07-13T18:00:00"
"results\priority12_physics_graph_wavenet\seed_42\horizon_24h\gwn_eta_only\last_epoch_checkpoint.pt","results","3036543","2026-07-13T17:51:09"
"results\priority12_physics_graph_wavenet\seed_42\horizon_24h\gwn_eta_only\metrics.csv","results","1983","2026-07-13T18:00:00"
"results\priority12_physics_graph_wavenet\seed_42\horizon_24h\gwn_eta_only\predictions.npz","results","2556467","2026-07-12T08:26:32"
"results\priority12_physics_graph_wavenet\seed_42\horizon_24h\gwn_eta_only\REUSED_PRIORITY1_BASELINE.json","results","340","2026-07-13T18:00:00"
"results\priority12_physics_graph_wavenet\seed_42\horizon_24h\gwn_eta_only\training_log.csv","results","3359","2026-07-13T18:00:00"
"results\priority12_physics_graph_wavenet\seed_42\horizon_24h\gwn_multistate_no_physics\best_checkpoint.pt","results","780062","2026-07-14T02:30:34"
"results\priority12_physics_graph_wavenet\seed_42\horizon_24h\gwn_multistate_no_physics\COMPLETE.json","results","231","2026-07-14T02:30:08"
"results\priority12_physics_graph_wavenet\seed_42\horizon_24h\gwn_multistate_no_physics\last_epoch_checkpoint.pt","results","3153835","2026-07-13T22:46:17"
"results\priority12_physics_graph_wavenet\seed_42\horizon_24h\gwn_multistate_no_physics\metrics.csv","results","2558","2026-07-14T02:30:08"
"results\priority12_physics_graph_wavenet\seed_42\horizon_24h\gwn_multistate_no_physics\predictions.npz","results","10258100","2026-07-13T22:47:14"
"results\priority12_physics_graph_wavenet\seed_42\horizon_24h\gwn_multistate_no_physics\training_log.csv","results","21334","2026-07-13T22:47:09"
"results\priority12_physics_graph_wavenet\seed_42\horizon_24h\gwn_multistate_physics\best_checkpoint.pt","results","780586","2026-07-14T02:17:04"
"results\priority12_physics_graph_wavenet\seed_42\horizon_24h\gwn_multistate_physics\COMPLETE.json","results","208","2026-07-14T02:17:04"
"results\priority12_physics_graph_wavenet\seed_42\horizon_24h\gwn_multistate_physics\last_epoch_checkpoint.pt","results","3381331","2026-07-14T02:16:45"
"results\priority12_physics_graph_wavenet\seed_42\horizon_24h\gwn_multistate_physics\metrics.csv","results","2307","2026-07-14T02:17:02"
"results\priority12_physics_graph_wavenet\seed_42\horizon_24h\gwn_multistate_physics\predictions.npz","results","10258234","2026-07-14T02:17:04"
"results\priority12_physics_graph_wavenet\seed_42\horizon_24h\gwn_multistate_physics\training_log.csv","results","182812","2026-07-14T02:17:02"
"results\priority12_physics_graph_wavenet\seed_42_background_status.json","results","1491","2026-07-13T17:58:10"
"results\priority12_physics_graph_wavenet\seed_42_stderr.log","results","0","2026-07-13T17:58:09"
"results\priority12_physics_graph_wavenet\seed_42_stdout.log","results","6927","2026-07-14T02:17:09"
"results\priority12_physics_graph_wavenet\state_scaling_used.csv","results","177","2026-07-13T18:02:57"
"results\priority12_physics_graph_wavenet\station_meta_used.csv","results","263","2026-07-13T18:02:57"
"results\priority2_evidence\priority2_failure_case_01_gnn_bigru.png","results","94194","2026-07-12T10:08:32"
"results\priority2_evidence\priority2_failure_case_02_learnable_graph.png","results","96553","2026-07-12T10:08:32"
"results\priority2_evidence\priority2_failure_case_03_ode_based_learnable.png","results","97851","2026-07-12T10:08:33"
"results\priority2_evidence\priority2_failure_case_04_physical_loss.png","results","96241","2026-07-12T10:08:34"
"results\priority2_evidence\priority2_failure_case_05_gnn_bigru.png","results","95444","2026-07-12T10:08:34"
"results\priority2_evidence\priority2_failure_case_06_learnable_graph.png","results","95028","2026-07-12T10:08:35"
"results\priority2_evidence\priority2_failure_case_07_ode_based_learnable.png","results","98428","2026-07-12T10:08:35"
"results\priority2_evidence\priority2_failure_case_08_physical_loss.png","results","95535","2026-07-12T10:08:36"
"results\priority2_evidence\priority2_failure_case_09_gnn_bigru.png","results","93898","2026-07-12T10:08:37"
"results\priority2_evidence\priority2_failure_case_10_learnable_graph.png","results","94979","2026-07-12T10:08:37"
"results\priority2_evidence\priority2_failure_case_11_ode_based_learnable.png","results","96492","2026-07-12T10:08:38"
"results\priority2_evidence\priority2_failure_case_12_physical_loss.png","results","94999","2026-07-12T10:08:38"
"results\priority2_evidence\priority2_failure_cases_top_by_model.csv","results","20883","2026-07-12T10:08:31"
"results\priority2_evidence\priority2_learned_graph_weights.png","results","53344","2026-07-12T10:08:04"
"results\priority2_evidence\priority2_learned_graph_weights_all.csv","results","1583034","2026-07-12T10:08:04"
"results\priority2_evidence\priority2_learned_graph_weights_mean_std.csv","results","695","2026-07-12T10:08:04"
"results\priority2_evidence\priority2_missing_data_by_source_column.csv","results","6224","2026-07-12T10:07:24"
"results\priority2_evidence\priority2_missing_data_source_summary.csv","results","454","2026-07-12T10:07:24"
"results\priority2_evidence\priority2_missing_data_source_summary.png","results","94423","2026-07-12T10:07:24"
"results\priority2_evidence\priority2_sensitivity_all_runs.csv","results","426254","2026-07-12T10:07:17"
"results\priority2_evidence\priority2_sensitivity_mean_std.csv","results","5634","2026-07-12T10:07:18"
"results\priority2_evidence\priority2_sensitivity_terminal_r2.png","results","163602","2026-07-12T10:07:19"
"results\priority2_evidence_verified\priority2_failure_case_01_phys_lam0.0002_a24_0.2_aux_0.png","results","99790","2026-07-12T10:11:27"
"results\priority2_evidence_verified\priority2_failure_case_02_phys_lam0.0002_a24_0_aux_0.png","results","100414","2026-07-12T10:11:28"
"results\priority2_evidence_verified\priority2_failure_case_03_phys_lam0.0002_a24_0.2_aux_0.png","results","99807","2026-07-12T10:11:28"
"results\priority2_evidence_verified\priority2_failure_case_04_no_phys_a24_0.5_aux_0.08.png","results","101180","2026-07-12T10:11:29"
"results\priority2_evidence_verified\priority2_failure_case_05_learnable_graph.png","results","95146","2026-07-12T10:11:30"
"results\priority2_evidence_verified\priority2_failure_case_06_phys_lam0.0002_a24_0_aux_0.08.png","results","98827","2026-07-12T10:11:31"
"results\priority2_evidence_verified\priority2_failure_case_07_phys_lam0.0002_a24_0.5_aux_0.16.png","results","101474","2026-07-12T10:11:31"
"results\priority2_evidence_verified\priority2_failure_case_08_learnable_graph.png","results","95028","2026-07-12T10:11:32"
"results\priority2_evidence_verified\priority2_failure_case_09_phys_lam0.0002_a24_0.2_aux_0.png","results","100059","2026-07-12T10:11:33"
"results\priority2_evidence_verified\priority2_failure_case_10_phys_lam0.0002_a24_0.5_aux_0.08.png","results","100964","2026-07-12T10:11:34"
"results\priority2_evidence_verified\priority2_failure_case_11_learnable_graph.png","results","94979","2026-07-12T10:11:34"
"results\priority2_evidence_verified\priority2_failure_case_12_phys_lam0.0002_a24_0_aux_0.16.png","results","101086","2026-07-12T10:11:35"
"results\priority2_evidence_verified\priority2_failure_cases_top_by_model.csv","results","18638","2026-07-12T10:11:26"
"results\priority2_evidence_verified\priority2_learned_graph_weights.png","results","53343","2026-07-12T10:11:07"
"results\priority2_evidence_verified\priority2_learned_graph_weights_all.csv","results","166150","2026-07-12T10:11:07"
"results\priority2_evidence_verified\priority2_learned_graph_weights_mean_std.csv","results","689","2026-07-12T10:11:07"
"results\priority2_evidence_verified\priority2_missing_data_by_source_column.csv","results","6224","2026-07-12T10:10:52"
"results\priority2_evidence_verified\priority2_missing_data_source_summary.csv","results","454","2026-07-12T10:10:52"
"results\priority2_evidence_verified\priority2_missing_data_source_summary.png","results","94423","2026-07-12T10:10:52"
"results\priority2_evidence_verified\priority2_sensitivity_all_runs.csv","results","70009","2026-07-12T10:10:46"
"results\priority2_evidence_verified\priority2_sensitivity_mean_std.csv","results","3803","2026-07-12T10:10:46"
"results\priority2_evidence_verified\priority2_sensitivity_terminal_r2.png","results","101997","2026-07-12T10:10:47"
"results\priority2_evidence_verified\README.md","results","892","2026-07-12T12:19:38"
"results\priority2_sensitivity\seed_123\coops_features_used.csv","results","227","2026-07-12T09:14:15"
"results\priority2_sensitivity\seed_123\horizon_24h\no_phys_a24_0.2_aux_0.08\metrics.csv","results","2123","2026-07-12T09:14:59"
"results\priority2_sensitivity\seed_123\horizon_24h\no_phys_a24_0.2_aux_0.08\per_lead_metrics.csv","results","2028","2026-07-12T09:14:59"
"results\priority2_sensitivity\seed_123\horizon_24h\no_phys_a24_0.2_aux_0.08\predictions.npz","results","10146794","2026-07-12T09:14:59"
"results\priority2_sensitivity\seed_123\horizon_24h\no_phys_a24_0.2_aux_0.08\training_log.csv","results","52689","2026-07-12T09:14:59"
"results\priority2_sensitivity\seed_123\horizon_24h\no_phys_a24_0.5_aux_0.08\metrics.csv","results","2128","2026-07-12T09:15:20"
"results\priority2_sensitivity\seed_123\horizon_24h\no_phys_a24_0.5_aux_0.08\per_lead_metrics.csv","results","2036","2026-07-12T09:15:20"
"results\priority2_sensitivity\seed_123\horizon_24h\no_phys_a24_0.5_aux_0.08\predictions.npz","results","10159367","2026-07-12T09:15:21"
"results\priority2_sensitivity\seed_123\horizon_24h\no_phys_a24_0.5_aux_0.08\training_log.csv","results","52728","2026-07-12T09:15:20"
"results\priority2_sensitivity\seed_123\horizon_24h\no_phys_a24_0_aux_0.08\metrics.csv","results","2123","2026-07-12T09:14:37"
"results\priority2_sensitivity\seed_123\horizon_24h\no_phys_a24_0_aux_0.08\per_lead_metrics.csv","results","2027","2026-07-12T09:14:38"
"results\priority2_sensitivity\seed_123\horizon_24h\no_phys_a24_0_aux_0.08\predictions.npz","results","10151053","2026-07-12T09:14:38"
"results\priority2_sensitivity\seed_123\horizon_24h\no_phys_a24_0_aux_0.08\training_log.csv","results","55651","2026-07-12T09:14:37"
"results\priority2_sensitivity\seed_123\horizon_24h\phys_lam0.0002_a24_0.2_aux_0.08\metrics.csv","results","2126","2026-07-12T09:17:24"
"results\priority2_sensitivity\seed_123\horizon_24h\phys_lam0.0002_a24_0.2_aux_0.08\per_lead_metrics.csv","results","2033","2026-07-12T09:17:24"
"results\priority2_sensitivity\seed_123\horizon_24h\phys_lam0.0002_a24_0.2_aux_0.08\predictions.npz","results","10137697","2026-07-12T09:17:25"
"results\priority2_sensitivity\seed_123\horizon_24h\phys_lam0.0002_a24_0.2_aux_0.08\training_log.csv","results","194841","2026-07-12T09:17:24"
"results\priority2_sensitivity\seed_123\horizon_24h\phys_lam0.0002_a24_0.2_aux_0.16\metrics.csv","results","2131","2026-07-12T09:17:56"
"results\priority2_sensitivity\seed_123\horizon_24h\phys_lam0.0002_a24_0.2_aux_0.16\per_lead_metrics.csv","results","2037","2026-07-12T09:17:56"
"results\priority2_sensitivity\seed_123\horizon_24h\phys_lam0.0002_a24_0.2_aux_0.16\predictions.npz","results","10138016","2026-07-12T09:17:57"
"results\priority2_sensitivity\seed_123\horizon_24h\phys_lam0.0002_a24_0.2_aux_0.16\training_log.csv","results","228886","2026-07-12T09:17:56"
"results\priority2_sensitivity\seed_123\horizon_24h\phys_lam0.0002_a24_0.2_aux_0\metrics.csv","results","2131","2026-07-12T09:16:57"
"results\priority2_sensitivity\seed_123\horizon_24h\phys_lam0.0002_a24_0.2_aux_0\per_lead_metrics.csv","results","2027","2026-07-12T09:16:57"
"results\priority2_sensitivity\seed_123\horizon_24h\phys_lam0.0002_a24_0.2_aux_0\predictions.npz","results","10288766","2026-07-12T09:16:58"
"results\priority2_sensitivity\seed_123\horizon_24h\phys_lam0.0002_a24_0.2_aux_0\training_log.csv","results","132761","2026-07-12T09:16:57"
"results\priority2_sensitivity\seed_123\horizon_24h\phys_lam0.0002_a24_0.5_aux_0.08\metrics.csv","results","2130","2026-07-12T09:18:49"
"results\priority2_sensitivity\seed_123\horizon_24h\phys_lam0.0002_a24_0.5_aux_0.08\per_lead_metrics.csv","results","2029","2026-07-12T09:18:49"
"results\priority2_sensitivity\seed_123\horizon_24h\phys_lam0.0002_a24_0.5_aux_0.08\predictions.npz","results","10157923","2026-07-12T09:18:50"
"results\priority2_sensitivity\seed_123\horizon_24h\phys_lam0.0002_a24_0.5_aux_0.08\training_log.csv","results","219581","2026-07-12T09:18:49"
"results\priority2_sensitivity\seed_123\horizon_24h\phys_lam0.0002_a24_0.5_aux_0.16\metrics.csv","results","2131","2026-07-12T09:19:15"
"results\priority2_sensitivity\seed_123\horizon_24h\phys_lam0.0002_a24_0.5_aux_0.16\per_lead_metrics.csv","results","2028","2026-07-12T09:19:15"
"results\priority2_sensitivity\seed_123\horizon_24h\phys_lam0.0002_a24_0.5_aux_0.16\predictions.npz","results","10146899","2026-07-12T09:19:16"
"results\priority2_sensitivity\seed_123\horizon_24h\phys_lam0.0002_a24_0.5_aux_0.16\training_log.csv","results","194526","2026-07-12T09:19:15"
"results\priority2_sensitivity\seed_123\horizon_24h\phys_lam0.0002_a24_0.5_aux_0\metrics.csv","results","2120","2026-07-12T09:18:20"
"results\priority2_sensitivity\seed_123\horizon_24h\phys_lam0.0002_a24_0.5_aux_0\per_lead_metrics.csv","results","2034","2026-07-12T09:18:20"
"results\priority2_sensitivity\seed_123\horizon_24h\phys_lam0.0002_a24_0.5_aux_0\predictions.npz","results","10327461","2026-07-12T09:18:21"
"results\priority2_sensitivity\seed_123\horizon_24h\phys_lam0.0002_a24_0.5_aux_0\training_log.csv","results","167389","2026-07-12T09:18:20"
"results\priority2_sensitivity\seed_123\horizon_24h\phys_lam0.0002_a24_0_aux_0.08\metrics.csv","results","2120","2026-07-12T09:16:18"
"results\priority2_sensitivity\seed_123\horizon_24h\phys_lam0.0002_a24_0_aux_0.08\per_lead_metrics.csv","results","2031","2026-07-12T09:16:18"
"results\priority2_sensitivity\seed_123\horizon_24h\phys_lam0.0002_a24_0_aux_0.08\predictions.npz","results","10146609","2026-07-12T09:16:19"
"results\priority2_sensitivity\seed_123\horizon_24h\phys_lam0.0002_a24_0_aux_0.08\training_log.csv","results","175738","2026-07-12T09:16:18"
"results\priority2_sensitivity\seed_123\horizon_24h\phys_lam0.0002_a24_0_aux_0.16\metrics.csv","results","2131","2026-07-12T09:16:39"
"results\priority2_sensitivity\seed_123\horizon_24h\phys_lam0.0002_a24_0_aux_0.16\per_lead_metrics.csv","results","2029","2026-07-12T09:16:39"
"results\priority2_sensitivity\seed_123\horizon_24h\phys_lam0.0002_a24_0_aux_0.16\predictions.npz","results","10139870","2026-07-12T09:16:40"
"results\priority2_sensitivity\seed_123\horizon_24h\phys_lam0.0002_a24_0_aux_0.16\training_log.csv","results","150862","2026-07-12T09:16:39"
"results\priority2_sensitivity\seed_123\horizon_24h\phys_lam0.0002_a24_0_aux_0\metrics.csv","results","2127","2026-07-12T09:15:54"
"results\priority2_sensitivity\seed_123\horizon_24h\phys_lam0.0002_a24_0_aux_0\per_lead_metrics.csv","results","2034","2026-07-12T09:15:54"
"results\priority2_sensitivity\seed_123\horizon_24h\phys_lam0.0002_a24_0_aux_0\predictions.npz","results","10337639","2026-07-12T09:15:55"
"results\priority2_sensitivity\seed_123\horizon_24h\phys_lam0.0002_a24_0_aux_0\training_log.csv","results","246471","2026-07-12T09:15:54"
"results\priority2_sensitivity\seed_123\priority2_sensitivity_plan_seed_123.csv","results","1119","2026-07-12T09:14:15"
"results\priority2_sensitivity\seed_123\priority2_sensitivity_seed_123.csv","results","13892","2026-07-12T09:19:16"
"results\priority2_sensitivity\seed_123\priority2_sensitivity_seed_123_partial.csv","results","13892","2026-07-12T09:19:16"
"results\priority2_sensitivity\seed_123\station_meta_used.csv","results","255","2026-07-12T09:14:15"
"results\priority2_sensitivity\seed_2024\coops_features_used.csv","results","227","2026-07-12T09:19:44"
"results\priority2_sensitivity\seed_2024\horizon_24h\no_phys_a24_0.2_aux_0.08\metrics.csv","results","2121","2026-07-12T09:20:35"
"results\priority2_sensitivity\seed_2024\horizon_24h\no_phys_a24_0.2_aux_0.08\per_lead_metrics.csv","results","2031","2026-07-12T09:20:35"
"results\priority2_sensitivity\seed_2024\horizon_24h\no_phys_a24_0.2_aux_0.08\predictions.npz","results","10140611","2026-07-12T09:20:36"
"results\priority2_sensitivity\seed_2024\horizon_24h\no_phys_a24_0.2_aux_0.08\training_log.csv","results","68478","2026-07-12T09:20:35"
"results\priority2_sensitivity\seed_2024\horizon_24h\no_phys_a24_0.5_aux_0.08\metrics.csv","results","2125","2026-07-12T09:20:57"
"results\priority2_sensitivity\seed_2024\horizon_24h\no_phys_a24_0.5_aux_0.08\per_lead_metrics.csv","results","2031","2026-07-12T09:20:57"
"results\priority2_sensitivity\seed_2024\horizon_24h\no_phys_a24_0.5_aux_0.08\predictions.npz","results","10161768","2026-07-12T09:20:57"
"results\priority2_sensitivity\seed_2024\horizon_24h\no_phys_a24_0.5_aux_0.08\training_log.csv","results","51760","2026-07-12T09:20:57"
"results\priority2_sensitivity\seed_2024\horizon_24h\no_phys_a24_0_aux_0.08\metrics.csv","results","2123","2026-07-12T09:20:07"
"results\priority2_sensitivity\seed_2024\horizon_24h\no_phys_a24_0_aux_0.08\per_lead_metrics.csv","results","2028","2026-07-12T09:20:07"
"results\priority2_sensitivity\seed_2024\horizon_24h\no_phys_a24_0_aux_0.08\predictions.npz","results","10139043","2026-07-12T09:20:08"
"results\priority2_sensitivity\seed_2024\horizon_24h\no_phys_a24_0_aux_0.08\training_log.csv","results","57699","2026-07-12T09:20:07"
"results\priority2_sensitivity\seed_2024\horizon_24h\phys_lam0.0002_a24_0.2_aux_0.08\metrics.csv","results","2131","2026-07-12T09:23:14"
"results\priority2_sensitivity\seed_2024\horizon_24h\phys_lam0.0002_a24_0.2_aux_0.08\per_lead_metrics.csv","results","2031","2026-07-12T09:23:14"
"results\priority2_sensitivity\seed_2024\horizon_24h\phys_lam0.0002_a24_0.2_aux_0.08\predictions.npz","results","10144358","2026-07-12T09:23:15"
"results\priority2_sensitivity\seed_2024\horizon_24h\phys_lam0.0002_a24_0.2_aux_0.08\training_log.csv","results","194708","2026-07-12T09:23:14"
"results\priority2_sensitivity\seed_2024\horizon_24h\phys_lam0.0002_a24_0.2_aux_0.16\metrics.csv","results","2131","2026-07-12T09:23:40"
"results\priority2_sensitivity\seed_2024\horizon_24h\phys_lam0.0002_a24_0.2_aux_0.16\per_lead_metrics.csv","results","2031","2026-07-12T09:23:41"
"results\priority2_sensitivity\seed_2024\horizon_24h\phys_lam0.0002_a24_0.2_aux_0.16\predictions.npz","results","10139554","2026-07-12T09:23:41"
"results\priority2_sensitivity\seed_2024\horizon_24h\phys_lam0.0002_a24_0.2_aux_0.16\training_log.csv","results","185397","2026-07-12T09:23:40"
"results\priority2_sensitivity\seed_2024\horizon_24h\phys_lam0.0002_a24_0.2_aux_0\metrics.csv","results","2127","2026-07-12T09:22:47"
"results\priority2_sensitivity\seed_2024\horizon_24h\phys_lam0.0002_a24_0.2_aux_0\per_lead_metrics.csv","results","2029","2026-07-12T09:22:47"
"results\priority2_sensitivity\seed_2024\horizon_24h\phys_lam0.0002_a24_0.2_aux_0\predictions.npz","results","10269653","2026-07-12T09:22:48"
"results\priority2_sensitivity\seed_2024\horizon_24h\phys_lam0.0002_a24_0.2_aux_0\training_log.csv","results","167611","2026-07-12T09:22:47"
"results\priority2_sensitivity\seed_2024\horizon_24h\phys_lam0.0002_a24_0.5_aux_0.08\metrics.csv","results","2128","2026-07-12T09:24:30"
"results\priority2_sensitivity\seed_2024\horizon_24h\phys_lam0.0002_a24_0.5_aux_0.08\per_lead_metrics.csv","results","2028","2026-07-12T09:24:30"
"results\priority2_sensitivity\seed_2024\horizon_24h\phys_lam0.0002_a24_0.5_aux_0.08\predictions.npz","results","10155821","2026-07-12T09:24:31"
"results\priority2_sensitivity\seed_2024\horizon_24h\phys_lam0.0002_a24_0.5_aux_0.08\training_log.csv","results","176120","2026-07-12T09:24:30"
"results\priority2_sensitivity\seed_2024\horizon_24h\phys_lam0.0002_a24_0.5_aux_0.16\metrics.csv","results","2132","2026-07-12T09:24:56"
"results\priority2_sensitivity\seed_2024\horizon_24h\phys_lam0.0002_a24_0.5_aux_0.16\per_lead_metrics.csv","results","2028","2026-07-12T09:24:56"
"results\priority2_sensitivity\seed_2024\horizon_24h\phys_lam0.0002_a24_0.5_aux_0.16\predictions.npz","results","10149187","2026-07-12T09:24:57"
"results\priority2_sensitivity\seed_2024\horizon_24h\phys_lam0.0002_a24_0.5_aux_0.16\training_log.csv","results","185331","2026-07-12T09:24:56"
"results\priority2_sensitivity\seed_2024\horizon_24h\phys_lam0.0002_a24_0.5_aux_0\metrics.csv","results","2127","2026-07-12T09:24:06"
"results\priority2_sensitivity\seed_2024\horizon_24h\phys_lam0.0002_a24_0.5_aux_0\per_lead_metrics.csv","results","2037","2026-07-12T09:24:06"
"results\priority2_sensitivity\seed_2024\horizon_24h\phys_lam0.0002_a24_0.5_aux_0\predictions.npz","results","10328295","2026-07-12T09:24:07"
"results\priority2_sensitivity\seed_2024\horizon_24h\phys_lam0.0002_a24_0.5_aux_0\training_log.csv","results","183428","2026-07-12T09:24:06"
"results\priority2_sensitivity\seed_2024\horizon_24h\phys_lam0.0002_a24_0_aux_0.08\metrics.csv","results","2128","2026-07-12T09:21:56"
"results\priority2_sensitivity\seed_2024\horizon_24h\phys_lam0.0002_a24_0_aux_0.08\per_lead_metrics.csv","results","2035","2026-07-12T09:21:56"
"results\priority2_sensitivity\seed_2024\horizon_24h\phys_lam0.0002_a24_0_aux_0.08\predictions.npz","results","10152270","2026-07-12T09:21:56"
"results\priority2_sensitivity\seed_2024\horizon_24h\phys_lam0.0002_a24_0_aux_0.08\training_log.csv","results","223162","2026-07-12T09:21:56"
"results\priority2_sensitivity\seed_2024\horizon_24h\phys_lam0.0002_a24_0_aux_0.16\metrics.csv","results","2129","2026-07-12T09:22:23"
"results\priority2_sensitivity\seed_2024\horizon_24h\phys_lam0.0002_a24_0_aux_0.16\per_lead_metrics.csv","results","2042","2026-07-12T09:22:23"
"results\priority2_sensitivity\seed_2024\horizon_24h\phys_lam0.0002_a24_0_aux_0.16\predictions.npz","results","10143150","2026-07-12T09:22:24"
"results\priority2_sensitivity\seed_2024\horizon_24h\phys_lam0.0002_a24_0_aux_0.16\training_log.csv","results","200943","2026-07-12T09:22:23"
"results\priority2_sensitivity\seed_2024\horizon_24h\phys_lam0.0002_a24_0_aux_0\metrics.csv","results","2125","2026-07-12T09:21:26"
"results\priority2_sensitivity\seed_2024\horizon_24h\phys_lam0.0002_a24_0_aux_0\per_lead_metrics.csv","results","2028","2026-07-12T09:21:26"
"results\priority2_sensitivity\seed_2024\horizon_24h\phys_lam0.0002_a24_0_aux_0\predictions.npz","results","10289429","2026-07-12T09:21:27"
"results\priority2_sensitivity\seed_2024\horizon_24h\phys_lam0.0002_a24_0_aux_0\training_log.csv","results","221397","2026-07-12T09:21:26"
"results\priority2_sensitivity\seed_2024\priority2_sensitivity_plan_seed_2024.csv","results","1119","2026-07-12T09:19:44"
"results\priority2_sensitivity\seed_2024\priority2_sensitivity_seed_2024.csv","results","13910","2026-07-12T09:24:57"
"results\priority2_sensitivity\seed_2024\priority2_sensitivity_seed_2024_partial.csv","results","13910","2026-07-12T09:24:57"
"results\priority2_sensitivity\seed_2024\station_meta_used.csv","results","255","2026-07-12T09:19:44"
"results\priority2_sensitivity\seed_2025\coops_features_used.csv","results","227","2026-07-12T09:25:57"
"results\priority2_sensitivity\seed_2025\horizon_24h\no_phys_a24_0.2_aux_0.08\metrics.csv","results","2132","2026-07-12T09:26:51"
"results\priority2_sensitivity\seed_2025\horizon_24h\no_phys_a24_0.2_aux_0.08\per_lead_metrics.csv","results","2034","2026-07-12T09:26:51"
"results\priority2_sensitivity\seed_2025\horizon_24h\no_phys_a24_0.2_aux_0.08\predictions.npz","results","10143667","2026-07-12T09:26:52"
"results\priority2_sensitivity\seed_2025\horizon_24h\no_phys_a24_0.2_aux_0.08\training_log.csv","results","67535","2026-07-12T09:26:51"
"results\priority2_sensitivity\seed_2025\horizon_24h\no_phys_a24_0.5_aux_0.08\metrics.csv","results","2123","2026-07-12T09:27:16"
"results\priority2_sensitivity\seed_2025\horizon_24h\no_phys_a24_0.5_aux_0.08\per_lead_metrics.csv","results","2037","2026-07-12T09:27:16"
"results\priority2_sensitivity\seed_2025\horizon_24h\no_phys_a24_0.5_aux_0.08\predictions.npz","results","10140722","2026-07-12T09:27:17"
"results\priority2_sensitivity\seed_2025\horizon_24h\no_phys_a24_0.5_aux_0.08\training_log.csv","results","65544","2026-07-12T09:27:16"
"results\priority2_sensitivity\seed_2025\horizon_24h\no_phys_a24_0_aux_0.08\metrics.csv","results","2125","2026-07-12T09:26:25"
"results\priority2_sensitivity\seed_2025\horizon_24h\no_phys_a24_0_aux_0.08\per_lead_metrics.csv","results","2034","2026-07-12T09:26:25"
"results\priority2_sensitivity\seed_2025\horizon_24h\no_phys_a24_0_aux_0.08\predictions.npz","results","10156303","2026-07-12T09:26:26"
"results\priority2_sensitivity\seed_2025\horizon_24h\no_phys_a24_0_aux_0.08\training_log.csv","results","70589","2026-07-12T09:26:25"
"results\priority2_sensitivity\seed_2025\horizon_24h\phys_lam0.0002_a24_0.2_aux_0.08\metrics.csv","results","2131","2026-07-12T09:29:35"
"results\priority2_sensitivity\seed_2025\horizon_24h\phys_lam0.0002_a24_0.2_aux_0.08\per_lead_metrics.csv","results","2026","2026-07-12T09:29:35"
"results\priority2_sensitivity\seed_2025\horizon_24h\phys_lam0.0002_a24_0.2_aux_0.08\predictions.npz","results","10130240","2026-07-12T09:29:36"
"results\priority2_sensitivity\seed_2025\horizon_24h\phys_lam0.0002_a24_0.2_aux_0.08\training_log.csv","results","238637","2026-07-12T09:29:35"
"results\priority2_sensitivity\seed_2025\horizon_24h\phys_lam0.0002_a24_0.2_aux_0.16\metrics.csv","results","2131","2026-07-12T09:30:01"
"results\priority2_sensitivity\seed_2025\horizon_24h\phys_lam0.0002_a24_0.2_aux_0.16\per_lead_metrics.csv","results","2036","2026-07-12T09:30:01"
"results\priority2_sensitivity\seed_2025\horizon_24h\phys_lam0.0002_a24_0.2_aux_0.16\predictions.npz","results","10119340","2026-07-12T09:30:02"
"results\priority2_sensitivity\seed_2025\horizon_24h\phys_lam0.0002_a24_0.2_aux_0.16\training_log.csv","results","197993","2026-07-12T09:30:01"
"results\priority2_sensitivity\seed_2025\horizon_24h\phys_lam0.0002_a24_0.2_aux_0\metrics.csv","results","2126","2026-07-12T09:29:04"
"results\priority2_sensitivity\seed_2025\horizon_24h\phys_lam0.0002_a24_0.2_aux_0\per_lead_metrics.csv","results","2035","2026-07-12T09:29:04"
"results\priority2_sensitivity\seed_2025\horizon_24h\phys_lam0.0002_a24_0.2_aux_0\predictions.npz","results","10313147","2026-07-12T09:29:05"
"results\priority2_sensitivity\seed_2025\horizon_24h\phys_lam0.0002_a24_0.2_aux_0\training_log.csv","results","199045","2026-07-12T09:29:04"
"results\priority2_sensitivity\seed_2025\horizon_24h\phys_lam0.0002_a24_0.5_aux_0.08\metrics.csv","results","2132","2026-07-12T09:30:42"
"results\priority2_sensitivity\seed_2025\horizon_24h\phys_lam0.0002_a24_0.5_aux_0.08\per_lead_metrics.csv","results","2032","2026-07-12T09:30:42"
"results\priority2_sensitivity\seed_2025\horizon_24h\phys_lam0.0002_a24_0.5_aux_0.08\predictions.npz","results","10164487","2026-07-12T09:30:43"
"results\priority2_sensitivity\seed_2025\horizon_24h\phys_lam0.0002_a24_0.5_aux_0.08\training_log.csv","results","132026","2026-07-12T09:30:42"
"results\priority2_sensitivity\seed_2025\horizon_24h\phys_lam0.0002_a24_0.5_aux_0.16\metrics.csv","results","2129","2026-07-12T09:31:09"
"results\priority2_sensitivity\seed_2025\horizon_24h\phys_lam0.0002_a24_0.5_aux_0.16\per_lead_metrics.csv","results","2028","2026-07-12T09:31:09"
"results\priority2_sensitivity\seed_2025\horizon_24h\phys_lam0.0002_a24_0.5_aux_0.16\predictions.npz","results","10159305","2026-07-12T09:31:10"
"results\priority2_sensitivity\seed_2025\horizon_24h\phys_lam0.0002_a24_0.5_aux_0.16\training_log.csv","results","198063","2026-07-12T09:31:09"
"results\priority2_sensitivity\seed_2025\horizon_24h\phys_lam0.0002_a24_0.5_aux_0\metrics.csv","results","2121","2026-07-12T09:30:23"
"results\priority2_sensitivity\seed_2025\horizon_24h\phys_lam0.0002_a24_0.5_aux_0\per_lead_metrics.csv","results","2032","2026-07-12T09:30:23"
"results\priority2_sensitivity\seed_2025\horizon_24h\phys_lam0.0002_a24_0.5_aux_0\predictions.npz","results","10261140","2026-07-12T09:30:23"
"results\priority2_sensitivity\seed_2025\horizon_24h\phys_lam0.0002_a24_0.5_aux_0\training_log.csv","results","157731","2026-07-12T09:30:22"
"results\priority2_sensitivity\seed_2025\horizon_24h\phys_lam0.0002_a24_0_aux_0.08\metrics.csv","results","2128","2026-07-12T09:28:11"
"results\priority2_sensitivity\seed_2025\horizon_24h\phys_lam0.0002_a24_0_aux_0.08\per_lead_metrics.csv","results","2035","2026-07-12T09:28:11"
"results\priority2_sensitivity\seed_2025\horizon_24h\phys_lam0.0002_a24_0_aux_0.08\predictions.npz","results","10141656","2026-07-12T09:28:12"
"results\priority2_sensitivity\seed_2025\horizon_24h\phys_lam0.0002_a24_0_aux_0.08\training_log.csv","results","194608","2026-07-12T09:28:11"
"results\priority2_sensitivity\seed_2025\horizon_24h\phys_lam0.0002_a24_0_aux_0.16\metrics.csv","results","2124","2026-07-12T09:28:35"
"results\priority2_sensitivity\seed_2025\horizon_24h\phys_lam0.0002_a24_0_aux_0.16\per_lead_metrics.csv","results","2034","2026-07-12T09:28:35"
"results\priority2_sensitivity\seed_2025\horizon_24h\phys_lam0.0002_a24_0_aux_0.16\predictions.npz","results","10145856","2026-07-12T09:28:36"
"results\priority2_sensitivity\seed_2025\horizon_24h\phys_lam0.0002_a24_0_aux_0.16\training_log.csv","results","173089","2026-07-12T09:28:35"
"results\priority2_sensitivity\seed_2025\horizon_24h\phys_lam0.0002_a24_0_aux_0\metrics.csv","results","2126","2026-07-12T09:27:44"
"results\priority2_sensitivity\seed_2025\horizon_24h\phys_lam0.0002_a24_0_aux_0\per_lead_metrics.csv","results","2028","2026-07-12T09:27:44"
"results\priority2_sensitivity\seed_2025\horizon_24h\phys_lam0.0002_a24_0_aux_0\predictions.npz","results","10263929","2026-07-12T09:27:45"
"results\priority2_sensitivity\seed_2025\horizon_24h\phys_lam0.0002_a24_0_aux_0\training_log.csv","results","215042","2026-07-12T09:27:44"
"results\priority2_sensitivity\seed_2025\priority2_sensitivity_plan_seed_2025.csv","results","1119","2026-07-12T09:25:57"
"results\priority2_sensitivity\seed_2025\priority2_sensitivity_seed_2025.csv","results","13911","2026-07-12T09:31:10"
"results\priority2_sensitivity\seed_2025\priority2_sensitivity_seed_2025_partial.csv","results","13911","2026-07-12T09:31:10"
"results\priority2_sensitivity\seed_2025\station_meta_used.csv","results","255","2026-07-12T09:25:57"
"results\priority2_sensitivity\seed_3407\coops_features_used.csv","results","227","2026-07-12T09:32:27"
"results\priority2_sensitivity\seed_3407\horizon_24h\no_phys_a24_0.2_aux_0.08\metrics.csv","results","2128","2026-07-12T09:33:29"
"results\priority2_sensitivity\seed_3407\horizon_24h\no_phys_a24_0.2_aux_0.08\per_lead_metrics.csv","results","2036","2026-07-12T09:33:29"
"results\priority2_sensitivity\seed_3407\horizon_24h\no_phys_a24_0.2_aux_0.08\predictions.npz","results","10140697","2026-07-12T09:33:30"
"results\priority2_sensitivity\seed_3407\horizon_24h\no_phys_a24_0.2_aux_0.08\training_log.csv","results","64582","2026-07-12T09:33:29"
"results\priority2_sensitivity\seed_3407\horizon_24h\no_phys_a24_0.5_aux_0.08\metrics.csv","results","2125","2026-07-12T09:33:49"
"results\priority2_sensitivity\seed_3407\horizon_24h\no_phys_a24_0.5_aux_0.08\per_lead_metrics.csv","results","2032","2026-07-12T09:33:49"
"results\priority2_sensitivity\seed_3407\horizon_24h\no_phys_a24_0.5_aux_0.08\predictions.npz","results","10152735","2026-07-12T09:33:50"
"results\priority2_sensitivity\seed_3407\horizon_24h\no_phys_a24_0.5_aux_0.08\training_log.csv","results","49784","2026-07-12T09:33:49"
"results\priority2_sensitivity\seed_3407\horizon_24h\no_phys_a24_0_aux_0.08\metrics.csv","results","2120","2026-07-12T09:33:03"
"results\priority2_sensitivity\seed_3407\horizon_24h\no_phys_a24_0_aux_0.08\per_lead_metrics.csv","results","2034","2026-07-12T09:33:03"
"results\priority2_sensitivity\seed_3407\horizon_24h\no_phys_a24_0_aux_0.08\predictions.npz","results","10136895","2026-07-12T09:33:04"
"results\priority2_sensitivity\seed_3407\horizon_24h\no_phys_a24_0_aux_0.08\training_log.csv","results","88285","2026-07-12T09:33:03"
"results\priority2_sensitivity\seed_3407\horizon_24h\phys_lam0.0002_a24_0.2_aux_0.08\metrics.csv","results","2133","2026-07-12T09:36:01"
"results\priority2_sensitivity\seed_3407\horizon_24h\phys_lam0.0002_a24_0.2_aux_0.08\per_lead_metrics.csv","results","2032","2026-07-12T09:36:01"
"results\priority2_sensitivity\seed_3407\horizon_24h\phys_lam0.0002_a24_0.2_aux_0.08\predictions.npz","results","10142295","2026-07-12T09:36:02"
"results\priority2_sensitivity\seed_3407\horizon_24h\phys_lam0.0002_a24_0.2_aux_0.08\training_log.csv","results","188216","2026-07-12T09:36:01"
"results\priority2_sensitivity\seed_3407\horizon_24h\phys_lam0.0002_a24_0.2_aux_0.16\metrics.csv","results","2132","2026-07-12T09:36:27"
"results\priority2_sensitivity\seed_3407\horizon_24h\phys_lam0.0002_a24_0.2_aux_0.16\per_lead_metrics.csv","results","2033","2026-07-12T09:36:28"
"results\priority2_sensitivity\seed_3407\horizon_24h\phys_lam0.0002_a24_0.2_aux_0.16\predictions.npz","results","10131374","2026-07-12T09:36:28"
"results\priority2_sensitivity\seed_3407\horizon_24h\phys_lam0.0002_a24_0.2_aux_0.16\training_log.csv","results","188496","2026-07-12T09:36:27"
"results\priority2_sensitivity\seed_3407\horizon_24h\phys_lam0.0002_a24_0.2_aux_0\metrics.csv","results","2131","2026-07-12T09:35:34"
"results\priority2_sensitivity\seed_3407\horizon_24h\phys_lam0.0002_a24_0.2_aux_0\per_lead_metrics.csv","results","2031","2026-07-12T09:35:35"
"results\priority2_sensitivity\seed_3407\horizon_24h\phys_lam0.0002_a24_0.2_aux_0\predictions.npz","results","10333310","2026-07-12T09:35:35"
"results\priority2_sensitivity\seed_3407\horizon_24h\phys_lam0.0002_a24_0.2_aux_0\training_log.csv","results","180187","2026-07-12T09:35:34"
"results\priority2_sensitivity\seed_3407\horizon_24h\phys_lam0.0002_a24_0.5_aux_0.08\metrics.csv","results","2134","2026-07-12T09:37:21"
"results\priority2_sensitivity\seed_3407\horizon_24h\phys_lam0.0002_a24_0.5_aux_0.08\per_lead_metrics.csv","results","2030","2026-07-12T09:37:22"
"results\priority2_sensitivity\seed_3407\horizon_24h\phys_lam0.0002_a24_0.5_aux_0.08\predictions.npz","results","10147390","2026-07-12T09:37:22"
"results\priority2_sensitivity\seed_3407\horizon_24h\phys_lam0.0002_a24_0.5_aux_0.08\training_log.csv","results","229231","2026-07-12T09:37:21"
"results\priority2_sensitivity\seed_3407\horizon_24h\phys_lam0.0002_a24_0.5_aux_0.16\metrics.csv","results","2124","2026-07-12T09:37:49"
"results\priority2_sensitivity\seed_3407\horizon_24h\phys_lam0.0002_a24_0.5_aux_0.16\per_lead_metrics.csv","results","2032","2026-07-12T09:37:49"
"results\priority2_sensitivity\seed_3407\horizon_24h\phys_lam0.0002_a24_0.5_aux_0.16\predictions.npz","results","10127714","2026-07-12T09:37:50"
"results\priority2_sensitivity\seed_3407\horizon_24h\phys_lam0.0002_a24_0.5_aux_0.16\training_log.csv","results","207272","2026-07-12T09:37:49"
"results\priority2_sensitivity\seed_3407\horizon_24h\phys_lam0.0002_a24_0.5_aux_0\metrics.csv","results","2126","2026-07-12T09:36:51"
"results\priority2_sensitivity\seed_3407\horizon_24h\phys_lam0.0002_a24_0.5_aux_0\per_lead_metrics.csv","results","2028","2026-07-12T09:36:51"
"results\priority2_sensitivity\seed_3407\horizon_24h\phys_lam0.0002_a24_0.5_aux_0\predictions.npz","results","10317684","2026-07-12T09:36:51"
"results\priority2_sensitivity\seed_3407\horizon_24h\phys_lam0.0002_a24_0.5_aux_0\training_log.csv","results","161297","2026-07-12T09:36:51"
"results\priority2_sensitivity\seed_3407\horizon_24h\phys_lam0.0002_a24_0_aux_0.08\metrics.csv","results","2128","2026-07-12T09:34:39"
"results\priority2_sensitivity\seed_3407\horizon_24h\phys_lam0.0002_a24_0_aux_0.08\per_lead_metrics.csv","results","2033","2026-07-12T09:34:39"
"results\priority2_sensitivity\seed_3407\horizon_24h\phys_lam0.0002_a24_0_aux_0.08\predictions.npz","results","10143646","2026-07-12T09:34:40"
"results\priority2_sensitivity\seed_3407\horizon_24h\phys_lam0.0002_a24_0_aux_0.08\training_log.csv","results","160162","2026-07-12T09:34:39"
"results\priority2_sensitivity\seed_3407\horizon_24h\phys_lam0.0002_a24_0_aux_0.16\metrics.csv","results","2125","2026-07-12T09:35:10"
"results\priority2_sensitivity\seed_3407\horizon_24h\phys_lam0.0002_a24_0_aux_0.16\per_lead_metrics.csv","results","2031","2026-07-12T09:35:10"
"results\priority2_sensitivity\seed_3407\horizon_24h\phys_lam0.0002_a24_0_aux_0.16\predictions.npz","results","10134391","2026-07-12T09:35:11"
"results\priority2_sensitivity\seed_3407\horizon_24h\phys_lam0.0002_a24_0_aux_0.16\training_log.csv","results","232027","2026-07-12T09:35:10"
"results\priority2_sensitivity\seed_3407\horizon_24h\phys_lam0.0002_a24_0_aux_0\metrics.csv","results","2127","2026-07-12T09:34:17"
"results\priority2_sensitivity\seed_3407\horizon_24h\phys_lam0.0002_a24_0_aux_0\per_lead_metrics.csv","results","2043","2026-07-12T09:34:17"
"results\priority2_sensitivity\seed_3407\horizon_24h\phys_lam0.0002_a24_0_aux_0\predictions.npz","results","10340026","2026-07-12T09:34:18"
"results\priority2_sensitivity\seed_3407\horizon_24h\phys_lam0.0002_a24_0_aux_0\training_log.csv","results","195862","2026-07-12T09:34:17"
"results\priority2_sensitivity\seed_3407\priority2_sensitivity_plan_seed_3407.csv","results","1119","2026-07-12T09:32:27"
"results\priority2_sensitivity\seed_3407\priority2_sensitivity_seed_3407.csv","results","13916","2026-07-12T09:37:50"
"results\priority2_sensitivity\seed_3407\priority2_sensitivity_seed_3407_partial.csv","results","13916","2026-07-12T09:37:50"
"results\priority2_sensitivity\seed_3407\station_meta_used.csv","results","255","2026-07-12T09:32:27"
"results\priority2_sensitivity\seed_42\coops_features_used.csv","results","227","2026-07-12T09:08:10"
"results\priority2_sensitivity\seed_42\horizon_24h\no_phys_a24_0.2_aux_0.08\metrics.csv","results","2128","2026-07-12T09:09:11"
"results\priority2_sensitivity\seed_42\horizon_24h\no_phys_a24_0.2_aux_0.08\per_lead_metrics.csv","results","2033","2026-07-12T09:09:11"
"results\priority2_sensitivity\seed_42\horizon_24h\no_phys_a24_0.2_aux_0.08\predictions.npz","results","10129604","2026-07-12T09:09:12"
"results\priority2_sensitivity\seed_42\horizon_24h\no_phys_a24_0.2_aux_0.08\training_log.csv","results","77407","2026-07-12T09:09:11"
"results\priority2_sensitivity\seed_42\horizon_24h\no_phys_a24_0.5_aux_0.08\metrics.csv","results","2125","2026-07-12T09:09:36"
"results\priority2_sensitivity\seed_42\horizon_24h\no_phys_a24_0.5_aux_0.08\per_lead_metrics.csv","results","2031","2026-07-12T09:09:36"
"results\priority2_sensitivity\seed_42\horizon_24h\no_phys_a24_0.5_aux_0.08\predictions.npz","results","10135267","2026-07-12T09:09:37"
"results\priority2_sensitivity\seed_42\horizon_24h\no_phys_a24_0.5_aux_0.08\training_log.csv","results","63533","2026-07-12T09:09:36"
"results\priority2_sensitivity\seed_42\horizon_24h\no_phys_a24_0_aux_0.08\metrics.csv","results","2120","2026-07-12T09:08:39"
"results\priority2_sensitivity\seed_42\horizon_24h\no_phys_a24_0_aux_0.08\per_lead_metrics.csv","results","2032","2026-07-12T09:08:39"
"results\priority2_sensitivity\seed_42\horizon_24h\no_phys_a24_0_aux_0.08\predictions.npz","results","10126211","2026-07-12T09:08:39"
"results\priority2_sensitivity\seed_42\horizon_24h\no_phys_a24_0_aux_0.08\training_log.csv","results","71505","2026-07-12T09:08:39"
"results\priority2_sensitivity\seed_42\horizon_24h\phys_lam0.0002_a24_0.2_aux_0.08\metrics.csv","results","2128","2026-07-12T09:11:28"
"results\priority2_sensitivity\seed_42\horizon_24h\phys_lam0.0002_a24_0.2_aux_0.08\per_lead_metrics.csv","results","2029","2026-07-12T09:11:28"
"results\priority2_sensitivity\seed_42\horizon_24h\phys_lam0.0002_a24_0.2_aux_0.08\predictions.npz","results","10143759","2026-07-12T09:11:29"
"results\priority2_sensitivity\seed_42\horizon_24h\phys_lam0.0002_a24_0.2_aux_0.08\training_log.csv","results","201350","2026-07-12T09:11:28"
"results\priority2_sensitivity\seed_42\horizon_24h\phys_lam0.0002_a24_0.2_aux_0.16\metrics.csv","results","2127","2026-07-12T09:11:53"
"results\priority2_sensitivity\seed_42\horizon_24h\phys_lam0.0002_a24_0.2_aux_0.16\per_lead_metrics.csv","results","2040","2026-07-12T09:11:53"
"results\priority2_sensitivity\seed_42\horizon_24h\phys_lam0.0002_a24_0.2_aux_0.16\predictions.npz","results","10134180","2026-07-12T09:11:53"
"results\priority2_sensitivity\seed_42\horizon_24h\phys_lam0.0002_a24_0.2_aux_0.16\training_log.csv","results","181992","2026-07-12T09:11:53"
"results\priority2_sensitivity\seed_42\horizon_24h\phys_lam0.0002_a24_0.2_aux_0\metrics.csv","results","2130","2026-07-12T09:11:02"
"results\priority2_sensitivity\seed_42\horizon_24h\phys_lam0.0002_a24_0.2_aux_0\per_lead_metrics.csv","results","2029","2026-07-12T09:11:02"
"results\priority2_sensitivity\seed_42\horizon_24h\phys_lam0.0002_a24_0.2_aux_0\predictions.npz","results","10352840","2026-07-12T09:11:03"
"results\priority2_sensitivity\seed_42\horizon_24h\phys_lam0.0002_a24_0.2_aux_0\training_log.csv","results","132962","2026-07-12T09:11:02"
"results\priority2_sensitivity\seed_42\horizon_24h\phys_lam0.0002_a24_0.5_aux_0.08\metrics.csv","results","2132","2026-07-12T09:12:56"
"results\priority2_sensitivity\seed_42\horizon_24h\phys_lam0.0002_a24_0.5_aux_0.08\per_lead_metrics.csv","results","2029","2026-07-12T09:12:56"
"results\priority2_sensitivity\seed_42\horizon_24h\phys_lam0.0002_a24_0.5_aux_0.08\predictions.npz","results","10136988","2026-07-12T09:12:57"
"results\priority2_sensitivity\seed_42\horizon_24h\phys_lam0.0002_a24_0.5_aux_0.08\training_log.csv","results","206953","2026-07-12T09:12:56"
"results\priority2_sensitivity\seed_42\horizon_24h\phys_lam0.0002_a24_0.5_aux_0.16\metrics.csv","results","2128","2026-07-12T09:13:18"
"results\priority2_sensitivity\seed_42\horizon_24h\phys_lam0.0002_a24_0.5_aux_0.16\per_lead_metrics.csv","results","2026","2026-07-12T09:13:18"
"results\priority2_sensitivity\seed_42\horizon_24h\phys_lam0.0002_a24_0.5_aux_0.16\predictions.npz","results","10143886","2026-07-12T09:13:19"
"results\priority2_sensitivity\seed_42\horizon_24h\phys_lam0.0002_a24_0.5_aux_0.16\training_log.csv","results","154172","2026-07-12T09:13:18"
"results\priority2_sensitivity\seed_42\horizon_24h\phys_lam0.0002_a24_0.5_aux_0\metrics.csv","results","2124","2026-07-12T09:12:28"
"results\priority2_sensitivity\seed_42\horizon_24h\phys_lam0.0002_a24_0.5_aux_0\per_lead_metrics.csv","results","2033","2026-07-12T09:12:28"
"results\priority2_sensitivity\seed_42\horizon_24h\phys_lam0.0002_a24_0.5_aux_0\predictions.npz","results","10351301","2026-07-12T09:12:29"
"results\priority2_sensitivity\seed_42\horizon_24h\phys_lam0.0002_a24_0.5_aux_0\training_log.csv","results","268757","2026-07-12T09:12:28"
"results\priority2_sensitivity\seed_42\horizon_24h\phys_lam0.0002_a24_0_aux_0.08\metrics.csv","results","2125","2026-07-12T09:10:19"
"results\priority2_sensitivity\seed_42\horizon_24h\phys_lam0.0002_a24_0_aux_0.08\per_lead_metrics.csv","results","2040","2026-07-12T09:10:20"
"results\priority2_sensitivity\seed_42\horizon_24h\phys_lam0.0002_a24_0_aux_0.08\predictions.npz","results","10156754","2026-07-12T09:10:20"
"results\priority2_sensitivity\seed_42\horizon_24h\phys_lam0.0002_a24_0_aux_0.08\training_log.csv","results","147679","2026-07-12T09:10:19"
"results\priority2_sensitivity\seed_42\horizon_24h\phys_lam0.0002_a24_0_aux_0.16\metrics.csv","results","2129","2026-07-12T09:10:43"
"results\priority2_sensitivity\seed_42\horizon_24h\phys_lam0.0002_a24_0_aux_0.16\per_lead_metrics.csv","results","2033","2026-07-12T09:10:43"
"results\priority2_sensitivity\seed_42\horizon_24h\phys_lam0.0002_a24_0_aux_0.16\predictions.npz","results","10136500","2026-07-12T09:10:44"
"results\priority2_sensitivity\seed_42\horizon_24h\phys_lam0.0002_a24_0_aux_0.16\training_log.csv","results","169698","2026-07-12T09:10:43"
"results\priority2_sensitivity\seed_42\horizon_24h\phys_lam0.0002_a24_0_aux_0\metrics.csv","results","2128","2026-07-12T09:09:58"
"results\priority2_sensitivity\seed_42\horizon_24h\phys_lam0.0002_a24_0_aux_0\per_lead_metrics.csv","results","2030","2026-07-12T09:09:58"
"results\priority2_sensitivity\seed_42\horizon_24h\phys_lam0.0002_a24_0_aux_0\predictions.npz","results","10332374","2026-07-12T09:09:59"
"results\priority2_sensitivity\seed_42\horizon_24h\phys_lam0.0002_a24_0_aux_0\training_log.csv","results","155374","2026-07-12T09:09:58"
"results\priority2_sensitivity\seed_42\horizon_24h\phys_lam0.0003_a24_0.2_aux_0.08\metrics.csv","results","2128","2026-07-12T09:05:43"
"results\priority2_sensitivity\seed_42\horizon_24h\phys_lam0.0003_a24_0.2_aux_0.08\per_lead_metrics.csv","results","2025","2026-07-12T09:05:43"
"results\priority2_sensitivity\seed_42\horizon_24h\phys_lam0.0003_a24_0.2_aux_0.08\predictions.npz","results","10142740","2026-07-12T09:05:44"
"results\priority2_sensitivity\seed_42\horizon_24h\phys_lam0.0003_a24_0.2_aux_0.08\training_log.csv","results","199803","2026-07-12T09:05:43"
"results\priority2_sensitivity\seed_42\horizon_24h\phys_lam0.0003_a24_0.2_aux_0.16\metrics.csv","results","2132","2026-07-12T09:06:13"
"results\priority2_sensitivity\seed_42\horizon_24h\phys_lam0.0003_a24_0.2_aux_0.16\per_lead_metrics.csv","results","2035","2026-07-12T09:06:13"
"results\priority2_sensitivity\seed_42\horizon_24h\phys_lam0.0003_a24_0.2_aux_0.16\predictions.npz","results","10124074","2026-07-12T09:06:13"
"results\priority2_sensitivity\seed_42\horizon_24h\phys_lam0.0003_a24_0.2_aux_0.16\training_log.csv","results","224207","2026-07-12T09:06:13"
"results\priority2_sensitivity\seed_42\horizon_24h\phys_lam0.0003_a24_0.2_aux_0\metrics.csv","results","2127","2026-07-12T09:05:15"
"results\priority2_sensitivity\seed_42\horizon_24h\phys_lam0.0003_a24_0.2_aux_0\per_lead_metrics.csv","results","2028","2026-07-12T09:05:15"
"results\priority2_sensitivity\seed_42\horizon_24h\phys_lam0.0003_a24_0.2_aux_0\predictions.npz","results","10352652","2026-07-12T09:05:16"
"results\priority2_sensitivity\seed_42\horizon_24h\phys_lam0.0003_a24_0.2_aux_0\training_log.csv","results","132069","2026-07-12T09:05:15"
"results\priority2_sensitivity\seed_42\horizon_24h\phys_lam0.0003_a24_0.5_aux_0.08\metrics.csv","results","2130","2026-07-12T09:07:13"
"results\priority2_sensitivity\seed_42\horizon_24h\phys_lam0.0003_a24_0.5_aux_0.08\per_lead_metrics.csv","results","2030","2026-07-12T09:07:13"
"results\priority2_sensitivity\seed_42\horizon_24h\phys_lam0.0003_a24_0.5_aux_0.08\predictions.npz","results","10135861","2026-07-12T09:07:14"
"results\priority2_sensitivity\seed_42\horizon_24h\phys_lam0.0003_a24_0.5_aux_0.08\training_log.csv","results","214788","2026-07-12T09:07:13"
"results\priority2_sensitivity\seed_42\horizon_24h\phys_lam0.0003_a24_0.5_aux_0.16\metrics.csv","results","2130","2026-07-12T09:07:42"
"results\priority2_sensitivity\seed_42\horizon_24h\phys_lam0.0003_a24_0.5_aux_0.16\per_lead_metrics.csv","results","2033","2026-07-12T09:07:42"
"results\priority2_sensitivity\seed_42\horizon_24h\phys_lam0.0003_a24_0.5_aux_0.16\predictions.npz","results","10118313","2026-07-12T09:07:43"
"results\priority2_sensitivity\seed_42\horizon_24h\phys_lam0.0003_a24_0.5_aux_0.16\training_log.csv","results","208588","2026-07-12T09:07:42"
"results\priority2_sensitivity\seed_42\horizon_24h\phys_lam0.0003_a24_0.5_aux_0\metrics.csv","results","2128","2026-07-12T09:06:42"
"results\priority2_sensitivity\seed_42\horizon_24h\phys_lam0.0003_a24_0.5_aux_0\per_lead_metrics.csv","results","2030","2026-07-12T09:06:42"
"results\priority2_sensitivity\seed_42\horizon_24h\phys_lam0.0003_a24_0.5_aux_0\predictions.npz","results","10258169","2026-07-12T09:06:43"
"results\priority2_sensitivity\seed_42\horizon_24h\phys_lam0.0003_a24_0.5_aux_0\training_log.csv","results","222039","2026-07-12T09:06:42"
"results\priority2_sensitivity\seed_42\horizon_24h\phys_lam0.0003_a24_0_aux_0.08\metrics.csv","results","2132","2026-07-12T09:04:32"
"results\priority2_sensitivity\seed_42\horizon_24h\phys_lam0.0003_a24_0_aux_0.08\per_lead_metrics.csv","results","2030","2026-07-12T09:04:32"
"results\priority2_sensitivity\seed_42\horizon_24h\phys_lam0.0003_a24_0_aux_0.08\predictions.npz","results","10154310","2026-07-12T09:04:33"
"results\priority2_sensitivity\seed_42\horizon_24h\phys_lam0.0003_a24_0_aux_0.08\training_log.csv","results","146612","2026-07-12T09:04:32"
"results\priority2_sensitivity\seed_42\horizon_24h\phys_lam0.0003_a24_0_aux_0.16\metrics.csv","results","2127","2026-07-12T09:04:56"
"results\priority2_sensitivity\seed_42\horizon_24h\phys_lam0.0003_a24_0_aux_0.16\per_lead_metrics.csv","results","2038","2026-07-12T09:04:56"
"results\priority2_sensitivity\seed_42\horizon_24h\phys_lam0.0003_a24_0_aux_0.16\predictions.npz","results","10137731","2026-07-12T09:04:57"
"results\priority2_sensitivity\seed_42\horizon_24h\phys_lam0.0003_a24_0_aux_0.16\training_log.csv","results","168479","2026-07-12T09:04:56"
"results\priority2_sensitivity\seed_42\horizon_24h\phys_lam0.0003_a24_0_aux_0\metrics.csv","results","2125","2026-07-12T09:04:09"
"results\priority2_sensitivity\seed_42\horizon_24h\phys_lam0.0003_a24_0_aux_0\per_lead_metrics.csv","results","2032","2026-07-12T09:04:09"
"results\priority2_sensitivity\seed_42\horizon_24h\phys_lam0.0003_a24_0_aux_0\predictions.npz","results","10330953","2026-07-12T09:04:10"
"results\priority2_sensitivity\seed_42\horizon_24h\phys_lam0.0003_a24_0_aux_0\training_log.csv","results","154323","2026-07-12T09:04:09"
"results\priority2_sensitivity\seed_42\priority2_sensitivity_plan_seed_42.csv","results","1119","2026-07-12T09:08:10"
"results\priority2_sensitivity\seed_42\priority2_sensitivity_seed_42.csv","results","13883","2026-07-12T09:13:19"
"results\priority2_sensitivity\seed_42\priority2_sensitivity_seed_42_partial.csv","results","13883","2026-07-12T09:13:19"
"results\priority2_sensitivity\seed_42\station_meta_used.csv","results","255","2026-07-12T09:08:10"
"results\rolling\seed_123\rolling_origin_mean_std.csv","results","659","2026-07-11T19:45:53"
"results\rolling\seed_123\rolling_origin_metrics.csv","results","4256","2026-07-11T19:45:53"
"results\rolling\seed_123\rolling_origin_metrics_partial.csv","results","4256","2026-07-11T19:45:53"
"results\rolling\seed_123\test_2024_h2\seed_123\horizon_24h\gnn_bigru\metrics.csv","results","1339","2026-07-11T19:44:23"
"results\rolling\seed_123\test_2024_h2\seed_123\horizon_24h\gnn_bigru\predictions.npz","results","2827817","2026-07-11T19:44:23"
"results\rolling\seed_123\test_2024_h2\seed_123\horizon_24h\gnn_bigru\training_log.csv","results","3164","2026-07-11T19:44:23"
"results\rolling\seed_123\test_2024_h2\seed_123\horizon_24h\physical_loss\metrics.csv","results","1810","2026-07-11T19:44:51"
"results\rolling\seed_123\test_2024_h2\seed_123\horizon_24h\physical_loss\predictions.npz","results","11186006","2026-07-11T19:44:51"
"results\rolling\seed_123\test_2024_h2\seed_123\horizon_24h\physical_loss\training_log.csv","results","163250","2026-07-11T19:44:51"
"results\rolling\seed_123\test_2025_h2\seed_123\horizon_24h\gnn_bigru\metrics.csv","results","1336","2026-07-11T19:45:22"
"results\rolling\seed_123\test_2025_h2\seed_123\horizon_24h\gnn_bigru\predictions.npz","results","2842753","2026-07-11T19:45:23"
"results\rolling\seed_123\test_2025_h2\seed_123\horizon_24h\gnn_bigru\training_log.csv","results","4112","2026-07-11T19:45:22"
"results\rolling\seed_123\test_2025_h2\seed_123\horizon_24h\physical_loss\metrics.csv","results","1814","2026-07-11T19:45:52"
"results\rolling\seed_123\test_2025_h2\seed_123\horizon_24h\physical_loss\predictions.npz","results","11162276","2026-07-11T19:45:53"
"results\rolling\seed_123\test_2025_h2\seed_123\horizon_24h\physical_loss\training_log.csv","results","144578","2026-07-11T19:45:52"
"results\rolling\seed_2024\rolling_origin_mean_std.csv","results","657","2026-07-11T19:45:43"
"results\rolling\seed_2024\rolling_origin_metrics.csv","results","4266","2026-07-11T19:45:43"
"results\rolling\seed_2024\rolling_origin_metrics_partial.csv","results","4266","2026-07-11T19:45:43"
"results\rolling\seed_2024\test_2024_h2\seed_2024\horizon_24h\gnn_bigru\metrics.csv","results","1335","2026-07-11T19:44:18"
"results\rolling\seed_2024\test_2024_h2\seed_2024\horizon_24h\gnn_bigru\predictions.npz","results","2826951","2026-07-11T19:44:19"
"results\rolling\seed_2024\test_2024_h2\seed_2024\horizon_24h\gnn_bigru\training_log.csv","results","3928","2026-07-11T19:44:18"
"results\rolling\seed_2024\test_2024_h2\seed_2024\horizon_24h\physical_loss\metrics.csv","results","1822","2026-07-11T19:44:44"
"results\rolling\seed_2024\test_2024_h2\seed_2024\horizon_24h\physical_loss\predictions.npz","results","11172797","2026-07-11T19:44:45"
"results\rolling\seed_2024\test_2024_h2\seed_2024\horizon_24h\physical_loss\training_log.csv","results","144436","2026-07-11T19:44:44"
"results\rolling\seed_2024\test_2025_h2\seed_2024\horizon_24h\gnn_bigru\metrics.csv","results","1335","2026-07-11T19:45:10"
"results\rolling\seed_2024\test_2025_h2\seed_2024\horizon_24h\gnn_bigru\predictions.npz","results","2837415","2026-07-11T19:45:10"
"results\rolling\seed_2024\test_2025_h2\seed_2024\horizon_24h\gnn_bigru\training_log.csv","results","3137","2026-07-11T19:45:10"
"results\rolling\seed_2024\test_2025_h2\seed_2024\horizon_24h\physical_loss\metrics.csv","results","1813","2026-07-11T19:45:42"
"results\rolling\seed_2024\test_2025_h2\seed_2024\horizon_24h\physical_loss\predictions.npz","results","11151697","2026-07-11T19:45:43"
"results\rolling\seed_2024\test_2025_h2\seed_2024\horizon_24h\physical_loss\training_log.csv","results","163142","2026-07-11T19:45:42"
"results\rolling\seed_42\rolling_origin_mean_std.csv","results","659","2026-07-11T18:45:45"
"results\rolling\seed_42\rolling_origin_metrics.csv","results","4256","2026-07-11T18:45:45"
"results\rolling\seed_42\rolling_origin_metrics_partial.csv","results","4256","2026-07-11T18:45:45"
"results\rolling\seed_42\test_2024_h2\seed_42\horizon_24h\gnn_bigru\metrics.csv","results","1338","2026-07-11T18:44:12"
"results\rolling\seed_42\test_2024_h2\seed_42\horizon_24h\gnn_bigru\predictions.npz","results","2822656","2026-07-11T18:44:12"
"results\rolling\seed_42\test_2024_h2\seed_42\horizon_24h\gnn_bigru\training_log.csv","results","3660","2026-07-11T18:44:12"
"results\rolling\seed_42\test_2024_h2\seed_42\horizon_24h\physical_loss\metrics.csv","results","1822","2026-07-11T18:44:44"
"results\rolling\seed_42\test_2024_h2\seed_42\horizon_24h\physical_loss\predictions.npz","results","11178955","2026-07-11T18:44:45"
"results\rolling\seed_42\test_2024_h2\seed_42\horizon_24h\physical_loss\training_log.csv","results","166183","2026-07-11T18:44:44"
"results\rolling\seed_42\test_2025_h2\seed_42\horizon_24h\gnn_bigru\metrics.csv","results","1336","2026-07-11T18:45:07"
"results\rolling\seed_42\test_2025_h2\seed_42\horizon_24h\gnn_bigru\predictions.npz","results","2840438","2026-07-11T18:45:07"
"results\rolling\seed_42\test_2025_h2\seed_42\horizon_24h\gnn_bigru\training_log.csv","results","2820","2026-07-11T18:45:07"
"results\rolling\seed_42\test_2025_h2\seed_42\horizon_24h\physical_loss\metrics.csv","results","1807","2026-07-11T18:45:44"
"results\rolling\seed_42\test_2025_h2\seed_42\horizon_24h\physical_loss\predictions.npz","results","11137005","2026-07-11T18:45:45"
"results\rolling\seed_42\test_2025_h2\seed_42\horizon_24h\physical_loss\training_log.csv","results","191732","2026-07-11T18:45:44"
"results\smooth_horizon_gated_gwn\all_runs.csv","results","14619","2026-07-14T13:21:34"
"results\smooth_horizon_gated_gwn\experiment_config.json","results","768","2026-07-14T13:16:34"
"results\smooth_horizon_gated_gwn\mean_std.csv","results","838","2026-07-14T13:21:34"
"results\smooth_horizon_gated_gwn\paired_comparisons.csv","results","677","2026-07-14T13:21:34"
"results\smooth_horizon_gated_gwn\seed_123\gate_smoothness_selection.csv","results","410","2026-07-14T13:18:03"
"results\smooth_horizon_gated_gwn\seed_123\horizon_gate_weights.csv","results","452","2026-07-14T13:18:03"
"results\smooth_horizon_gated_gwn\seed_123\metrics.csv","results","6013","2026-07-14T13:18:03"
"results\smooth_horizon_gated_gwn\seed_123\predictions.npz","results","9197106","2026-07-14T13:18:05"
"results\smooth_horizon_gated_gwn\seed_2024\gate_smoothness_selection.csv","results","410","2026-07-14T13:19:14"
"results\smooth_horizon_gated_gwn\seed_2024\horizon_gate_weights.csv","results","433","2026-07-14T13:19:14"
"results\smooth_horizon_gated_gwn\seed_2024\metrics.csv","results","5998","2026-07-14T13:19:14"
"results\smooth_horizon_gated_gwn\seed_2024\predictions.npz","results","9116260","2026-07-14T13:19:16"
"results\smooth_horizon_gated_gwn\seed_2025\gate_smoothness_selection.csv","results","410","2026-07-14T13:20:19"
"results\smooth_horizon_gated_gwn\seed_2025\horizon_gate_weights.csv","results","495","2026-07-14T13:20:19"
"results\smooth_horizon_gated_gwn\seed_2025\metrics.csv","results","5983","2026-07-14T13:20:19"
"results\smooth_horizon_gated_gwn\seed_2025\predictions.npz","results","9457707","2026-07-14T13:20:20"
"results\smooth_horizon_gated_gwn\seed_3407\gate_smoothness_selection.csv","results","407","2026-07-14T13:21:32"
"results\smooth_horizon_gated_gwn\seed_3407\horizon_gate_weights.csv","results","526","2026-07-14T13:21:32"
"results\smooth_horizon_gated_gwn\seed_3407\metrics.csv","results","6005","2026-07-14T13:21:32"
"results\smooth_horizon_gated_gwn\seed_3407\predictions.npz","results","9608351","2026-07-14T13:21:34"
"results\smooth_horizon_gated_gwn\seed_42\gate_smoothness_selection.csv","results","408","2026-07-14T13:14:47"
"results\smooth_horizon_gated_gwn\seed_42\horizon_gate_weights.csv","results","421","2026-07-14T13:14:47"
"results\smooth_horizon_gated_gwn\seed_42\metrics.csv","results","5990","2026-07-14T13:14:47"
"results\smooth_horizon_gated_gwn\seed_42\predictions.npz","results","9011043","2026-07-14T13:14:50"
"results\smooth_horizon_gated_gwn\smooth_horizon_gated_gwn_results.png","results","112892","2026-07-14T13:21:36"
"autodl\AUTODL_RUNBOOK_CN.md","root_metadata","5468","2026-07-12T12:26:30"
"autodl\requirements.txt","root_metadata","71","2026-07-11T17:27:43"
"autodl\run_baseline_worker.sh","root_metadata","1165","2026-07-11T17:54:07"
"autodl\run_lambda_worker.sh","root_metadata","1091","2026-07-11T17:54:05"
"autodl\run_priority1_graph_worker.sh","root_metadata","1146","2026-07-12T08:17:16"
"autodl\run_priority2_sensitivity_worker.sh","root_metadata","1350","2026-07-12T12:13:28"
"autodl\run_publication_worker.sh","root_metadata","2704","2026-07-11T17:54:12"
"autodl\setup_autodl.sh","root_metadata","1523","2026-07-12T08:51:23"
"autodl_sea_level_bundle.zip","root_metadata","14845942","2026-07-12T12:27:43"
"logs\priority1_graph_worker_0.log","root_metadata","2291","2026-07-12T08:26:32"
"logs\priority1_graph_worker_1.log","root_metadata","2141","2026-07-12T08:28:38"
"logs\priority1_graph_worker_2.log","root_metadata","2219","2026-07-12T08:30:20"
"logs\priority1_graph_worker_3.log","root_metadata","2295","2026-07-12T08:32:34"
"logs\priority1_graph_worker_4.log","root_metadata","2143","2026-07-12T08:36:26"
"logs\priority2_sensitivity_worker_0.log","root_metadata","28942","2026-07-12T09:13:19"
"logs\priority2_sensitivity_worker_1.log","root_metadata","28550","2026-07-12T09:19:16"
"logs\priority2_sensitivity_worker_2.log","root_metadata","29072","2026-07-12T09:24:57"
"logs\priority2_sensitivity_worker_3.log","root_metadata","29722","2026-07-12T09:31:10"
"logs\priority2_sensitivity_worker_4.log","root_metadata","29850","2026-07-12T09:37:50"
"logs\priority2_verified.stderr.log","root_metadata","0","2026-07-12T10:10:25"
"logs\priority2_verified.stdout.log","root_metadata","0","2026-07-12T10:10:25"
"logs\publication_worker_0.log","root_metadata","11521","2026-07-11T18:12:30"
"logs\publication_worker_1.log","root_metadata","11685","2026-07-11T18:16:48"
"logs\publication_worker_2.log","root_metadata","11369","2026-07-11T18:20:08"
"logs\publication_worker_3.log","root_metadata","11803","2026-07-11T18:26:07"
"logs\publication_worker_4.log","root_metadata","11884","2026-07-11T18:47:24"
"logs\publication_worker_5.log","root_metadata","15710","2026-07-11T18:47:43"
"logs\publication_worker_6.log","root_metadata","14872","2026-07-11T19:47:28"
"logs\publication_worker_7.log","root_metadata","19115","2026-07-11T19:48:12"
"logs\stage1_baseline_worker_5.log","root_metadata","1814","2026-07-11T18:28:11"
"logs\stage1_baseline_worker_6.log","root_metadata","1821","2026-07-11T19:26:51"
"logs\stage1_baseline_worker_7.log","root_metadata","1822","2026-07-11T19:33:52"
"logs\stage1_lambda_worker_0.log","root_metadata","2793","2026-07-11T18:05:00"
"logs\stage1_lambda_worker_1.log","root_metadata","2793","2026-07-11T17:57:39"
"logs\stage1_lambda_worker_2.log","root_metadata","2793","2026-07-11T17:59:56"
"logs\stage1_lambda_worker_3.log","root_metadata","2793","2026-07-11T18:01:14"
"logs\stage1_lambda_worker_4.log","root_metadata","2792","2026-07-11T18:02:11"
"paper_model_code_package_clean.zip","root_metadata","56571","2026-06-22T18:15:48"
"paper_model_code_package_clean\00_data_download_NOAA_water_level_and_tide_2023_2025.py","root_metadata","4572","2026-06-20T22:37:21"
"paper_model_code_package_clean\01_data_process_NOAA_water_tide_residual.py","root_metadata","3699","2026-06-20T22:55:35"
"paper_model_code_package_clean\02_data_download_ERA5_wind_pressure_2023_2025.py","root_metadata","1839","2026-06-20T23:34:02"
"paper_model_code_package_clean\03_data_process_ERA5_station_hourly_features.py","root_metadata","3649","2026-06-21T01:09:22"
"paper_model_code_package_clean\04_data_download_Copernicus_surface_currents_2023_2025.py","root_metadata","1773","2026-06-20T22:50:01"
"paper_model_code_package_clean\05_data_process_Copernicus_current_wave_station_features.py","root_metadata","8720","2026-06-20T23:22:54"
"paper_model_code_package_clean\06_data_download_NOAA_COOPS_enhanced_local_forcing.py","root_metadata","21370","2026-06-21T21:13:31"
"paper_model_code_package_clean\10_physics_baseline_multistate_shallow_water_ODE.py","root_metadata","23552","2026-06-21T12:09:47"
"paper_model_code_package_clean\20_model_PhysicalLoss_GNN_BiGRU_multistate_V2.py","root_metadata","38023","2026-06-21T15:49:08"
"paper_model_code_package_clean\21_ablation_physics_states_eta_uv_wave_enhanced_forcing.py","root_metadata","17617","2026-06-21T21:26:48"
"paper_model_code_package_clean\22_ablation_physics_loss_weight_strategy_search.py","root_metadata","24683","2026-06-21T22:42:21"
"paper_model_code_package_clean\30_final_four_models_GNN_BiGRU_LearnableGraph_ODE_PhysicalLoss.py","root_metadata","22989","2026-06-22T00:02:12"
"paper_model_code_package_clean\31_final_validation_multiseed_horizon_extreme_event.py","root_metadata","8154","2026-06-22T08:36:27"
"paper_model_code_package_clean\32_optimization_top3_lambda_stride_extreme_weight.py","root_metadata","12896","2026-06-22T14:41:48"
"paper_model_code_package_clean\README.md","root_metadata","3014","2026-06-22T18:15:48"
"PROJECT_INDEX_20260714_CN.md","root_metadata","2366","2026-07-19T16:16:54"
"PROJECT_INDEX_CN.md","root_metadata","2552","2026-07-19T16:16:54"
"project_overview\00_chinese_quick_start.md","root_metadata","2091","2026-07-12T16:28:06"
"project_overview\01_project_overview.md","root_metadata","1342","2026-07-12T10:51:26"
"project_overview\02_final_model_and_data.md","root_metadata","1545","2026-07-12T10:51:33"
"project_overview\03_code_and_result_map.md","root_metadata","5723","2026-07-12T16:28:04"
"project_overview\04_reproducibility_notes.md","root_metadata","4389","2026-07-12T10:52:23"
"project_overview\05_paper_writing_notes.md","root_metadata","5575","2026-07-12T16:28:03"
"README.md","root_metadata","2710","2026-07-19T16:15:12"
"数据来源与下载网址.md","root_metadata","6030","2026-06-20T22:56:09"
"增强数据后实验结果总结与下一步说明.docx","root_metadata","47447","2026-06-22T18:01:07"
"增强数据后实验结果总结与下一步说明.md","root_metadata","16896","2026-06-22T17:52:13"
"数据整理\\150_physics_effect_audit_benchmark.py","current_benchmark_analysis","17648","2026-07-31T23:54:54"
"results\\physics_effect_audit_benchmark\\EXPERIMENT_REPORT_CN.md","current_benchmark_analysis","2439","2026-07-31T23:54:54"
"results\\physics_effect_audit_benchmark\\component_regime_effect_summary.csv","current_benchmark_analysis","13304","2026-07-31T23:54:54"
"results\\physics_effect_audit_benchmark\\block_bootstrap_q95_combined.csv","current_benchmark_analysis","2968","2026-07-31T23:54:54"
"results\\physics_effect_audit_benchmark\\station_lead24_effects.csv","current_benchmark_analysis","21731","2026-07-31T23:54:54"
"results\\physics_effect_audit_benchmark\\lead_effects_q95_combined.csv","current_benchmark_analysis","46784","2026-07-31T23:54:54"
"results\\physics_effect_audit_benchmark\\component_effect_q95.png","current_benchmark_analysis","87760","2026-07-31T23:54:54"
"results\\physics_effect_audit_benchmark\\lead_effect_q95.png","current_benchmark_analysis","228474","2026-07-31T23:54:54"
"数据整理\\151_physics_alignment_negative_controls.py","current_benchmark_analysis","8545","2026-08-01T00:00:00"
"数据整理\\152_validation_locked_lagged_physics_gate.py","current_benchmark_analysis","8917","2026-08-01T00:00:00"
"数据整理\\153_build_submission_evidence_pdf.py","current_benchmark_analysis","11652","2026-08-01T00:00:00"
"results\\physics_alignment_negative_controls\\EXPERIMENT_REPORT_CN.md","current_benchmark_analysis","1229","2026-08-01T00:00:00"
"results\\physics_alignment_negative_controls\\alignment_negative_control_summary.csv","current_benchmark_analysis","1152","2026-08-01T00:00:00"
"results\\lagged_physics_gate_benchmark\\LAGGED_GATE_REPORT_CN.md","current_benchmark_analysis","691","2026-08-01T00:00:00"
"results\\lagged_physics_gate_benchmark\\lagged_gate_test_summary.csv","current_benchmark_analysis","225","2026-08-01T00:00:00"
"output\\pdf\\physics_submission_evidence_audit.pdf","submission_audit_pdf","541774","2026-08-01T00:00:00"
"configs\\delaware_bay_external_confirmation_20260812.json","current_external_confirmation","4394","2026-08-12T01:07:16"
"configs\\delaware_bay_external_confirmation_FREEZE_MANIFEST_20260812.json","current_external_confirmation","916","2026-08-12T01:25:06"
"configs\\delaware_bay_external_confirmation_TECHNICAL_REPAIRS_20260812.md","current_external_confirmation","8835","2026-08-13T01:59:54"
"project_handoff\\05_EXTERNAL_CONFIRMATION_PROTOCOL_CN.md","current_external_confirmation","2243","2026-08-12T01:07:16"
"数据整理\\186_download_prepare_delaware_bay_external_confirmation.py","current_external_confirmation","19331","2026-08-12T05:31:37"
"数据整理\\187_run_delaware_bay_external_confirmation.py","current_external_confirmation","17384","2026-08-12T02:30:29"
"数据整理\\188_analyze_delaware_bay_external_confirmation.py","current_external_confirmation","15205","2026-08-13T02:11:17"
"results\\delaware_bay_external_confirmation_20260812\\paper_assets\\EXTERNAL_CONFIRMATION_DECISION.json","current_external_confirmation","941","2026-08-13T02:12:05"
"results\\delaware_bay_external_confirmation_20260812\\paper_assets\\external_region_model_summary.csv","current_external_confirmation","988","2026-08-13T02:12:00"
"publication_final\\overleaf_submission_external_confirmation_20260812\\main.tex","current_external_confirmation","35857","2026-08-13T02:25:17"
"publication_final\\overleaf_submission_external_confirmation_20260812\\references.bib","current_external_confirmation","12839","2026-08-12T04:12:08"
"publication_final\\overleaf_submission_external_confirmation_20260812\\README.md","current_external_confirmation","2789","2026-08-13T02:16:33"
"additional_experiments\three_person_tiera_extensions_20260816\C4_FIVE_SEED_CAUSAL_CONFIRMATION_REPORT_CN.md","code_and_experiments","6782","2026-08-17T20:41:45"
"additional_experiments\three_person_tiera_extensions_20260816\person3_probabilistic\analyze_c4_confirmation.py","code_and_experiments","11004","2026-08-16T22:04:32"
"additional_experiments\three_person_tiera_extensions_20260816\person3_probabilistic\run_causal_sensitivity.py","code_and_experiments","6442","2026-08-16T22:00:17"
"additional_experiments\three_person_tiera_extensions_20260816\person3_probabilistic\analyze_causal_sensitivity.py","code_and_experiments","5610","2026-08-17T20:34:26"
"additional_experiments\three_person_tiera_extensions_20260816\person3_probabilistic\supervise_c4_seeds.ps1","code_and_experiments","4752","2026-08-17T13:46:33"
"additional_experiments\three_person_tiera_extensions_20260816\runs\person3_probabilistic_formal_screening\c4_vs_hsdt_summary.csv","results","563","2026-08-17T17:21:45"
"additional_experiments\three_person_tiera_extensions_20260816\runs\person3_probabilistic_formal_screening\c4_vs_hsdt_block_bootstrap.csv","results","442","2026-08-17T17:21:45"
"additional_experiments\three_person_tiera_extensions_20260816\runs\person3_probabilistic_formal_screening\c4_probability_summary.json","results","1143","2026-08-17T17:21:45"
"additional_experiments\three_person_tiera_extensions_20260816\runs\person3_probabilistic_causal_sensitivity\causal_vs_historical_c4_point_metrics.csv","results","310","2026-08-17T20:39:17"
"additional_experiments\three_person_tiera_extensions_20260816\runs\person3_probabilistic_causal_sensitivity\causal_vs_historical_c4_block_bootstrap.csv","results","349","2026-08-17T20:39:17"
"additional_experiments\three_person_tiera_extensions_20260816\runs\person3_probabilistic_causal_sensitivity\causal_vs_historical_c4_probability_metrics.csv","results","575","2026-08-17T20:39:17"
"project_handoff\PROJECT_FULL_HANDOFF_CN.md","handoff","46179","2026-08-28T18:35:25"
"project_handoff\PROJECT_FULL_HANDOFF_CN.docx","handoff","69730","2026-08-28T18:35:39"
"project_handoff\build_full_handoff_docx.py","handoff","19867","2026-08-28T18:33:07"
"project_handoff\build_readable_handoff_pdf.py","handoff","21805","2026-08-30T20:00:11"
"output\pdf\海平面项目完整交接说明_公式通俗解释版.pdf","handoff_pdf","211084","2026-08-30T20:01:21"
